-- MySQL dump 10.13  Distrib 9.0.1, for macos14.4 (arm64)
--
-- Host: localhost    Database: theaterx
-- ------------------------------------------------------
-- Server version	9.0.1

/*!40101 SET @OLD_CHARACTER_SET_CLIENT=@@CHARACTER_SET_CLIENT */;
/*!40101 SET @OLD_CHARACTER_SET_RESULTS=@@CHARACTER_SET_RESULTS */;
/*!40101 SET @OLD_COLLATION_CONNECTION=@@COLLATION_CONNECTION */;
/*!50503 SET NAMES utf8mb4 */;
/*!40103 SET @OLD_TIME_ZONE=@@TIME_ZONE */;
/*!40103 SET TIME_ZONE='+00:00' */;
/*!40014 SET @OLD_UNIQUE_CHECKS=@@UNIQUE_CHECKS, UNIQUE_CHECKS=0 */;
/*!40014 SET @OLD_FOREIGN_KEY_CHECKS=@@FOREIGN_KEY_CHECKS, FOREIGN_KEY_CHECKS=0 */;
/*!40101 SET @OLD_SQL_MODE=@@SQL_MODE, SQL_MODE='NO_AUTO_VALUE_ON_ZERO' */;
/*!40111 SET @OLD_SQL_NOTES=@@SQL_NOTES, SQL_NOTES=0 */;

--
-- Table structure for table `Format`
--

DROP TABLE IF EXISTS `Format`;
/*!40101 SET @saved_cs_client     = @@character_set_client */;
/*!50503 SET character_set_client = utf8mb4 */;
CREATE TABLE `Format` (
  `id` int NOT NULL AUTO_INCREMENT,
  `type` varchar(191) COLLATE utf8mb4_unicode_ci NOT NULL,
  PRIMARY KEY (`id`)
) ENGINE=InnoDB AUTO_INCREMENT=5 DEFAULT CHARSET=utf8mb4 COLLATE=utf8mb4_unicode_ci;
/*!40101 SET character_set_client = @saved_cs_client */;

--
-- Dumping data for table `Format`
--

LOCK TABLES `Format` WRITE;
/*!40000 ALTER TABLE `Format` DISABLE KEYS */;
INSERT INTO `Format` VALUES (1,'Standard'),(2,'IMAX'),(3,'ScreenX'),(4,'Dolby');
/*!40000 ALTER TABLE `Format` ENABLE KEYS */;
UNLOCK TABLES;

--
-- Table structure for table `Movie`
--

DROP TABLE IF EXISTS `Movie`;
/*!40101 SET @saved_cs_client     = @@character_set_client */;
/*!50503 SET character_set_client = utf8mb4 */;
CREATE TABLE `Movie` (
  `id` int NOT NULL AUTO_INCREMENT,
  `title` varchar(191) COLLATE utf8mb4_unicode_ci NOT NULL,
  `description` varchar(500) COLLATE utf8mb4_unicode_ci NOT NULL,
  `runtime` varchar(191) COLLATE utf8mb4_unicode_ci NOT NULL,
  `rating` varchar(191) COLLATE utf8mb4_unicode_ci NOT NULL,
  `releaseDate` varchar(191) COLLATE utf8mb4_unicode_ci NOT NULL,
  `poster` varchar(191) COLLATE utf8mb4_unicode_ci NOT NULL,
  `trailer` varchar(191) COLLATE utf8mb4_unicode_ci NOT NULL,
  `nowPlaying` tinyint(1) NOT NULL,
  PRIMARY KEY (`id`)
) ENGINE=InnoDB AUTO_INCREMENT=14 DEFAULT CHARSET=utf8mb4 COLLATE=utf8mb4_unicode_ci;
/*!40101 SET character_set_client = @saved_cs_client */;

--
-- Dumping data for table `Movie`
--

LOCK TABLES `Movie` WRITE;
/*!40000 ALTER TABLE `Movie` DISABLE KEYS */;
INSERT INTO `Movie` VALUES (1,'Dune: Part Two','Paul Atreides unites with Chani and the Fremen while seeking revenge against the conspirators who destroyed his family.','2 HR 46 MIN','PG-13','March 1st, 2024','','https://www.youtube.com/watch?v=U2Qp5pL3ovA',1),(2,'Deadpool & Wolverine','Deadpool\'s peaceful existence comes crashing down when the Time Variance Authority recruits him to help safeguard the multiverse.','2 HR 7 MIN','R','July 26th, 2024','','https://www.youtube.com/watch?v=73_1biulkYk',1),(3,'Spider-Man: Across The Spider-Verse','After reuniting with Gwen Stacy, Brooklyn\'s full-time, friendly neighborhood Spider-Man is catapulted across the Multiverse.','2 HR 20 MIN','PG','June 2nd, 2023','','https://www.youtube.com/watch?v=cqGjhVJWtEg',1),(4,'Drumline','Set against the high-energy, high-stakes world of show-style marching bands, Drumline is a fish-out-of-water comedy about a talented street drummer from Harlem.','1 HR 58 MIN','PG-13','December 13th, 2002','','https://www.youtube.com/watch?v=N2b1pmWL3j8',1),(5,'Renaissance: A Film by Beyoncé','Pop superstar Beyoncé performs hit songs in concert and discusses the creative process behind her world tour.','2 HR 48 MIN','NR','December 1st, 2023','','https://www.youtube.com/watch?v=ByV3XWl8zWU',1),(6,'We Live In Time','Almut and Tobias are brought together by a surprise encounter that changes their lives.','1 HR 44 MIN','R','October 25th, 2024','','https://www.youtube.com/watch?v=MH02yagHaNw',1),(7,'Smile 2','About to embark on a new world tour, global pop sensation Skye Riley begins to experience increasingly terrifying and inexplicable events.','2 HR 12 MIN','R','October 18th, 2024','','https://www.youtube.com/watch?v=0HY6QFlBzUY',1),(8,'Wicked','Misunderstood because of her green skin, a young woman named Elphaba forges an unlikely but profound friendship with Glinda, a student with an unflinching desire for popularity. Following an encounter with the Wizard of Oz, their relationship soon reaches a crossroad as their lives begin to take very different paths.','2 HR 40 MIN','PG','November 22nd, 2024','','https://www.youtube.com/watch?v=6COmYeLsz4c',1),(9,'Transformers One','Optimus Prime and Megatron, as former friends, bonded like brothers. Their relationship ultimately changes Cybertron\'s fate forever.','1 HR 44 MIN','PG','September 20th, 2024','','https://www.youtube.com/watch?v=jaVcDaozGgc',1),(10,'Red One','When a villain kidnaps Santa Claus from the North Pole, an E.L.F. (Extremely Large and Formidable) operative joins forces with the world\'s most accomplished tracker to find him and save Christmas.','2 HR 3 MIN','PG-13','November 15th, 2024','','https://www.youtube.com/watch?v=7l3hfD74X-4',1),(11,'Kraven the Hunter','Kravens complex relationship with his ruthless father starts him down a path of vengeance, motivating him to become not only the greatest hunter in the world, but also one of its most feared.','2 HR 2 MIN','R','December 13th, 2024','','https://www.youtube.com/watch?v=I8gFw4-2RBM',1),(12,'Sonic the Hedgehog 3','Sonic, Knuckles and Tails reunite to battle Shadow, a mysterious new enemy with powers unlike anything they\'ve faced before. With their abilities outmatched in every way, they seek out an unlikely alliance to stop Shadow and protect the planet.','1 HR 42 MIN','PG','December 20th, 2024','','https://www.youtube.com/watch?v=qSu6i2iFMO0',1),(13,'Creed III','Still dominating the boxing world, Adonis Creed is thriving in his career and family life. When Damian, a childhood friend and former boxing prodigy resurfaces after serving time in prison, he\'s eager to prove that he deserves his shot in the ring.','1 HR 56 MIN','PG-13','March 3rd, 2023','','https://www.youtube.com/watch?v=AHmCH7iB_IM',1);
/*!40000 ALTER TABLE `Movie` ENABLE KEYS */;
UNLOCK TABLES;

--
-- Table structure for table `Screen`
--

DROP TABLE IF EXISTS `Screen`;
/*!40101 SET @saved_cs_client     = @@character_set_client */;
/*!50503 SET character_set_client = utf8mb4 */;
CREATE TABLE `Screen` (
  `id` int NOT NULL AUTO_INCREMENT,
  `theaterId` int NOT NULL,
  `formatId` int NOT NULL,
  `number` int NOT NULL,
  PRIMARY KEY (`id`),
  KEY `Screen_theaterId_fkey` (`theaterId`),
  KEY `Screen_formatId_fkey` (`formatId`),
  CONSTRAINT `Screen_formatId_fkey` FOREIGN KEY (`formatId`) REFERENCES `Format` (`id`) ON DELETE RESTRICT ON UPDATE CASCADE,
  CONSTRAINT `Screen_theaterId_fkey` FOREIGN KEY (`theaterId`) REFERENCES `Theater` (`id`) ON DELETE RESTRICT ON UPDATE CASCADE
) ENGINE=InnoDB AUTO_INCREMENT=56 DEFAULT CHARSET=utf8mb4 COLLATE=utf8mb4_unicode_ci;
/*!40101 SET character_set_client = @saved_cs_client */;

--
-- Dumping data for table `Screen`
--

LOCK TABLES `Screen` WRITE;
/*!40000 ALTER TABLE `Screen` DISABLE KEYS */;
INSERT INTO `Screen` VALUES (1,1,2,1),(3,1,2,2),(4,1,3,3),(5,1,4,4),(6,1,1,5),(7,1,1,6),(8,1,1,7),(9,1,1,8),(10,1,1,9),(11,1,1,10),(12,2,2,1),(13,2,2,2),(14,2,3,3),(15,2,4,4),(16,2,1,5),(17,2,1,6),(18,2,1,7),(19,2,1,8),(20,2,1,9),(21,2,1,10),(22,3,2,1),(23,3,2,2),(24,3,3,3),(25,3,4,4),(26,3,1,5),(27,3,1,6),(28,3,1,7),(29,3,1,8),(30,3,1,9),(31,3,1,10),(32,4,2,1),(33,4,3,2),(35,4,1,3),(36,4,1,4),(37,4,1,5),(38,4,1,6),(39,4,1,7),(40,4,1,8),(41,4,1,9),(42,4,1,10),(43,5,2,1),(44,5,1,2),(45,5,1,3),(46,5,1,4),(47,5,1,5),(48,5,1,6),(49,5,1,7),(50,5,1,8),(51,5,1,9),(52,5,1,10),(53,1,1,11),(54,1,1,12),(55,1,1,13);
/*!40000 ALTER TABLE `Screen` ENABLE KEYS */;
UNLOCK TABLES;

--
-- Table structure for table `Seat`
--

DROP TABLE IF EXISTS `Seat`;
/*!40101 SET @saved_cs_client     = @@character_set_client */;
/*!50503 SET character_set_client = utf8mb4 */;
CREATE TABLE `Seat` (
  `id` int NOT NULL AUTO_INCREMENT,
  `screenId` int NOT NULL,
  `showtimeId` int NOT NULL,
  `name` varchar(191) COLLATE utf8mb4_unicode_ci NOT NULL,
  `available` tinyint(1) NOT NULL,
  `accessability` tinyint(1) NOT NULL,
  `ticketId` int DEFAULT NULL,
  PRIMARY KEY (`id`),
  KEY `Seat_screenId_fkey` (`screenId`),
  KEY `Seat_showtimeId_fkey` (`showtimeId`),
  KEY `Seat_ticketId_fkey` (`ticketId`),
  CONSTRAINT `Seat_screenId_fkey` FOREIGN KEY (`screenId`) REFERENCES `Screen` (`id`) ON DELETE RESTRICT ON UPDATE CASCADE,
  CONSTRAINT `Seat_showtimeId_fkey` FOREIGN KEY (`showtimeId`) REFERENCES `Showtime` (`id`) ON DELETE RESTRICT ON UPDATE CASCADE,
  CONSTRAINT `Seat_ticketId_fkey` FOREIGN KEY (`ticketId`) REFERENCES `Ticket` (`id`) ON DELETE SET NULL ON UPDATE CASCADE
) ENGINE=InnoDB AUTO_INCREMENT=8740 DEFAULT CHARSET=utf8mb4 COLLATE=utf8mb4_unicode_ci;
/*!40101 SET character_set_client = @saved_cs_client */;

--
-- Dumping data for table `Seat`
--

LOCK TABLES `Seat` WRITE;
/*!40000 ALTER TABLE `Seat` DISABLE KEYS */;
INSERT INTO `Seat` VALUES (1,1,1,'A1',1,0,NULL),(2,1,1,'A2',1,0,NULL),(3,1,1,'A3',1,0,NULL),(4,1,1,'A4',1,0,NULL),(5,1,1,'A5',1,0,NULL),(6,1,1,'A6',1,0,NULL),(7,1,1,'A7',1,0,NULL),(8,1,1,'A8',1,0,NULL),(9,1,1,'A9',1,0,NULL),(10,1,1,'A10',1,0,NULL),(11,1,1,'A11',1,0,NULL),(12,1,1,'A12',1,0,NULL),(13,1,1,'A13',1,0,NULL),(14,1,1,'A14',1,0,NULL),(15,1,1,'A15',1,0,NULL),(16,1,1,'A16',1,0,NULL),(17,1,1,'A17',1,0,NULL),(18,1,1,'A18',1,0,NULL),(19,1,1,'A19',1,0,NULL),(20,1,1,'A20',1,0,NULL),(21,1,1,'A21',1,0,NULL),(22,1,1,'B1',1,0,NULL),(23,1,1,'B2',1,0,NULL),(24,1,1,'B3',1,0,NULL),(25,1,1,'B4',1,0,NULL),(26,1,1,'B5',1,0,NULL),(27,1,1,'B6',1,0,NULL),(28,1,1,'B7',1,0,NULL),(29,1,1,'B8',1,0,NULL),(30,1,1,'B9',1,0,NULL),(31,1,1,'B10',1,0,NULL),(32,1,1,'B11',1,0,NULL),(33,1,1,'B12',1,0,NULL),(34,1,1,'B13',1,0,NULL),(35,1,1,'B14',1,0,NULL),(36,1,1,'B15',1,0,NULL),(37,1,1,'B16',1,0,NULL),(38,1,1,'B17',1,0,NULL),(39,1,1,'B18',1,0,NULL),(40,1,1,'B19',1,0,NULL),(41,1,1,'B20',1,0,NULL),(42,1,1,'B21',1,0,NULL),(43,1,1,'B22',1,0,NULL),(44,1,1,'B23',1,0,NULL),(45,1,1,'B24',1,0,NULL),(46,1,1,'B25',1,0,NULL),(47,1,1,'B26',1,0,NULL),(48,1,1,'C1',1,0,NULL),(49,1,1,'C2',1,0,NULL),(50,1,1,'C3',1,0,NULL),(51,1,1,'C4',1,0,NULL),(52,1,1,'C5',1,0,NULL),(53,1,1,'C6',1,0,NULL),(54,1,1,'C7',1,0,NULL),(55,1,1,'C8',1,0,NULL),(56,1,1,'C9',1,0,NULL),(57,1,1,'C10',1,0,NULL),(58,1,1,'C11',1,0,NULL),(59,1,1,'C12',1,0,NULL),(60,1,1,'C13',1,0,NULL),(61,1,1,'C14',1,0,NULL),(62,1,1,'C15',1,0,NULL),(63,1,1,'C16',1,0,NULL),(64,1,1,'C17',1,0,NULL),(65,1,1,'C18',1,0,NULL),(66,1,1,'C19',1,0,NULL),(67,1,1,'C20',1,0,NULL),(68,1,1,'C21',1,0,NULL),(69,1,1,'C22',1,0,NULL),(70,1,1,'C23',1,0,NULL),(71,1,1,'C24',1,0,NULL),(72,1,1,'C25',1,0,NULL),(73,1,1,'C26',1,0,NULL),(74,1,1,'C27',1,0,NULL),(75,1,1,'D1',1,0,NULL),(76,1,1,'D2',1,0,NULL),(77,1,1,'D3',1,0,NULL),(78,1,1,'D4',1,0,NULL),(79,1,1,'D5',1,0,NULL),(80,1,1,'D6',1,0,NULL),(81,1,1,'D7',1,0,NULL),(82,1,1,'D8',1,0,NULL),(83,1,1,'D9',1,0,NULL),(84,1,1,'D10',1,0,NULL),(85,1,1,'D11',1,0,NULL),(86,1,1,'D12',1,0,NULL),(87,1,1,'D13',1,0,NULL),(88,1,1,'D14',1,0,NULL),(89,1,1,'D15',1,0,NULL),(90,1,1,'D16',1,0,NULL),(91,1,1,'D17',1,0,NULL),(92,1,1,'D18',1,0,NULL),(93,1,1,'D19',1,0,NULL),(94,1,1,'D20',1,0,NULL),(95,1,1,'D21',1,0,NULL),(96,1,1,'D22',1,0,NULL),(97,1,1,'D23',1,0,NULL),(98,1,1,'D24',1,0,NULL),(99,1,1,'D25',1,0,NULL),(100,1,1,'D26',1,0,NULL),(101,1,1,'D27',1,0,NULL),(102,1,1,'D28',1,0,NULL),(103,1,1,'E1',1,0,NULL),(104,1,1,'E2',1,0,NULL),(105,1,1,'E3',1,0,NULL),(106,1,1,'E4',1,0,NULL),(107,1,1,'E5',1,0,NULL),(108,1,1,'E6',1,0,NULL),(109,1,1,'E7',1,0,NULL),(110,1,1,'E8',1,0,NULL),(111,1,1,'E9',1,0,NULL),(112,1,1,'E10',1,0,NULL),(113,1,1,'E11',1,0,NULL),(114,1,1,'E12',1,0,NULL),(115,1,1,'E13',1,0,NULL),(116,1,1,'E14',1,0,NULL),(117,1,1,'E15',1,0,NULL),(118,1,1,'E16',1,0,NULL),(119,1,1,'E17',1,0,NULL),(120,1,1,'E18',1,0,NULL),(121,1,1,'E19',1,0,NULL),(122,1,1,'E20',1,0,NULL),(123,1,1,'E21',1,0,NULL),(124,1,1,'E22',1,0,NULL),(125,1,1,'E23',1,0,NULL),(126,1,1,'E24',1,0,NULL),(127,1,1,'E25',1,0,NULL),(128,1,1,'E26',1,0,NULL),(129,1,1,'E27',1,0,NULL),(130,1,1,'E28',1,0,NULL),(131,1,1,'F1',1,0,NULL),(132,1,1,'F2',1,0,NULL),(133,1,1,'F3',1,0,NULL),(134,1,1,'F4',1,0,NULL),(135,1,1,'F5',1,0,NULL),(136,1,1,'F6',1,0,NULL),(137,1,1,'F7',1,0,NULL),(138,1,1,'F8',1,0,NULL),(139,1,1,'F9',1,0,NULL),(140,1,1,'F10',1,0,NULL),(141,1,1,'F11',1,0,NULL),(142,1,1,'F12',1,0,NULL),(143,1,1,'F13',1,0,NULL),(144,1,1,'F14',1,0,NULL),(145,1,1,'F15',1,0,NULL),(146,1,1,'F16',1,0,NULL),(147,1,1,'F17',1,0,NULL),(148,1,1,'F18',1,0,NULL),(149,1,1,'F19',1,0,NULL),(150,1,1,'F20',1,0,NULL),(151,1,1,'F21',1,0,NULL),(152,1,1,'F22',1,0,NULL),(153,1,1,'F23',1,0,NULL),(154,1,1,'F24',1,0,NULL),(155,1,1,'F25',1,0,NULL),(156,1,1,'F26',1,0,NULL),(157,1,1,'F27',1,0,NULL),(158,1,1,'F28',1,0,NULL),(159,1,1,'F29',1,0,NULL),(160,1,1,'F30',1,0,NULL),(161,1,1,'G1',1,0,NULL),(162,1,1,'G2',1,0,NULL),(163,1,1,'G3',1,0,NULL),(164,1,1,'G4',1,0,NULL),(165,1,1,'G5',1,0,NULL),(166,1,1,'G6',1,0,NULL),(167,1,1,'G7',1,0,NULL),(168,1,1,'G8',1,0,NULL),(169,1,1,'G9',1,0,NULL),(170,1,1,'G10',1,0,NULL),(171,1,1,'G11',1,0,NULL),(172,1,1,'G12',1,0,NULL),(173,1,1,'G13',1,0,NULL),(174,1,1,'G14',1,0,NULL),(175,1,1,'G15',1,0,NULL),(176,1,1,'G16',1,0,NULL),(177,1,1,'G17',1,0,NULL),(178,1,1,'G18',1,0,NULL),(179,1,1,'G19',1,0,NULL),(180,1,1,'G20',1,0,NULL),(181,1,1,'G21',1,0,NULL),(182,1,1,'G22',1,0,NULL),(183,1,1,'G23',1,0,NULL),(184,1,1,'G24',1,0,NULL),(185,1,1,'G25',1,0,NULL),(186,1,1,'G26',1,0,NULL),(187,1,1,'G27',1,0,NULL),(188,1,1,'G28',1,0,NULL),(189,1,1,'G29',1,0,NULL),(190,1,1,'G30',1,0,NULL),(191,1,1,'H1',1,0,NULL),(192,1,1,'H2',1,0,NULL),(193,1,1,'H3',1,0,NULL),(194,1,1,'H4',1,0,NULL),(195,1,1,'H5',1,0,NULL),(196,1,1,'H6',1,0,NULL),(197,1,1,'H7',1,0,NULL),(198,1,1,'H8',1,0,NULL),(199,1,1,'H9',1,0,NULL),(200,1,1,'H10',1,0,NULL),(201,1,1,'H11',1,0,NULL),(202,1,1,'H12',1,0,NULL),(203,1,1,'H13',1,0,NULL),(204,1,1,'H14',1,0,NULL),(205,1,1,'H15',1,0,NULL),(206,1,1,'H16',1,0,NULL),(207,1,1,'H17',1,0,NULL),(208,1,1,'H18',1,0,NULL),(209,1,1,'H19',1,0,NULL),(210,1,1,'H20',1,0,NULL),(211,1,1,'H21',1,0,NULL),(212,1,1,'H22',1,0,NULL),(213,1,1,'H23',1,0,NULL),(214,1,1,'H24',1,0,NULL),(215,1,1,'H25',1,0,NULL),(216,1,1,'H26',1,0,NULL),(217,1,1,'H27',1,0,NULL),(218,1,1,'H28',1,0,NULL),(219,1,1,'H29',1,0,NULL),(220,1,1,'H30',1,0,NULL),(221,1,1,'H31',1,0,NULL),(222,1,1,'I1',1,0,NULL),(223,1,1,'I2',1,0,NULL),(224,1,1,'I3',1,0,NULL),(225,1,1,'I4',1,0,NULL),(226,1,1,'I5',1,0,NULL),(227,1,1,'I6',1,0,NULL),(228,1,1,'I7',1,0,NULL),(229,1,1,'I8',1,0,NULL),(230,1,1,'I9',1,0,NULL),(231,1,1,'I10',1,0,NULL),(232,1,1,'I11',1,0,NULL),(233,1,1,'I12',1,0,NULL),(234,1,1,'I13',1,0,NULL),(235,1,1,'I14',1,0,NULL),(236,1,1,'I15',1,0,NULL),(237,1,1,'I16',1,0,NULL),(238,1,1,'I17',1,0,NULL),(239,1,1,'I18',1,0,NULL),(240,1,1,'I19',1,1,NULL),(241,1,1,'I20',1,1,NULL),(242,1,1,'I21',1,1,NULL),(243,1,1,'I22',1,1,NULL),(244,1,1,'I23',1,1,NULL),(245,1,1,'I24',1,1,NULL),(246,1,1,'I25',1,1,NULL),(247,1,1,'I26',1,1,NULL),(248,1,1,'I27',1,1,NULL),(249,1,1,'I28',1,1,NULL),(250,1,2,'A1',1,0,NULL),(251,1,2,'A2',1,0,NULL),(252,1,2,'A3',1,0,NULL),(253,1,2,'A4',1,0,NULL),(254,1,2,'A5',1,0,NULL),(255,1,2,'A6',1,0,NULL),(256,1,2,'A7',1,0,NULL),(257,1,2,'A8',1,0,NULL),(258,1,2,'A9',1,0,NULL),(259,1,2,'A10',1,0,NULL),(260,1,2,'A11',1,0,NULL),(261,1,2,'A12',1,0,NULL),(262,1,2,'A13',1,0,NULL),(263,1,2,'A14',1,0,NULL),(264,1,2,'A15',1,0,NULL),(265,1,2,'A16',1,0,NULL),(266,1,2,'A17',1,0,NULL),(267,1,2,'A18',1,0,NULL),(268,1,2,'A19',1,0,NULL),(269,1,2,'A20',1,0,NULL),(270,1,2,'A21',1,0,NULL),(271,1,2,'B1',1,0,NULL),(272,1,2,'B2',1,0,NULL),(273,1,2,'B3',1,0,NULL),(274,1,2,'B4',1,0,NULL),(275,1,2,'B5',1,0,NULL),(276,1,2,'B6',1,0,NULL),(277,1,2,'B7',1,0,NULL),(278,1,2,'B8',1,0,NULL),(279,1,2,'B9',1,0,NULL),(280,1,2,'B10',1,0,NULL),(281,1,2,'B11',1,0,NULL),(282,1,2,'B12',1,0,NULL),(283,1,2,'B13',1,0,NULL),(284,1,2,'B14',1,0,NULL),(285,1,2,'B15',1,0,NULL),(286,1,2,'B16',1,0,NULL),(287,1,2,'B17',1,0,NULL),(288,1,2,'B18',1,0,NULL),(289,1,2,'B19',1,0,NULL),(290,1,2,'B20',1,0,NULL),(291,1,2,'B21',1,0,NULL),(292,1,2,'B22',1,0,NULL),(293,1,2,'B23',1,0,NULL),(294,1,2,'B24',1,0,NULL),(295,1,2,'B25',1,0,NULL),(296,1,2,'B26',1,0,NULL),(297,1,2,'C1',1,0,NULL),(298,1,2,'C2',1,0,NULL),(299,1,2,'C3',1,0,NULL),(300,1,2,'C4',1,0,NULL),(301,1,2,'C5',1,0,NULL),(302,1,2,'C6',1,0,NULL),(303,1,2,'C7',1,0,NULL),(304,1,2,'C8',1,0,NULL),(305,1,2,'C9',1,0,NULL),(306,1,2,'C10',1,0,NULL),(307,1,2,'C11',1,0,NULL),(308,1,2,'C12',1,0,NULL),(309,1,2,'C13',1,0,NULL),(310,1,2,'C14',1,0,NULL),(311,1,2,'C15',1,0,NULL),(312,1,2,'C16',1,0,NULL),(313,1,2,'C17',1,0,NULL),(314,1,2,'C18',1,0,NULL),(315,1,2,'C19',1,0,NULL),(316,1,2,'C20',1,0,NULL),(317,1,2,'C21',1,0,NULL),(318,1,2,'C22',1,0,NULL),(319,1,2,'C23',1,0,NULL),(320,1,2,'C24',1,0,NULL),(321,1,2,'C25',1,0,NULL),(322,1,2,'C26',1,0,NULL),(323,1,2,'C27',1,0,NULL),(324,1,2,'D1',1,0,NULL),(325,1,2,'D2',1,0,NULL),(326,1,2,'D3',1,0,NULL),(327,1,2,'D4',1,0,NULL),(328,1,2,'D5',1,0,NULL),(329,1,2,'D6',1,0,NULL),(330,1,2,'D7',1,0,NULL),(331,1,2,'D8',1,0,NULL),(332,1,2,'D9',1,0,NULL),(333,1,2,'D10',1,0,NULL),(334,1,2,'D11',1,0,NULL),(335,1,2,'D12',1,0,NULL),(336,1,2,'D13',1,0,NULL),(337,1,2,'D14',1,0,NULL),(338,1,2,'D15',1,0,NULL),(339,1,2,'D16',1,0,NULL),(340,1,2,'D17',1,0,NULL),(341,1,2,'D18',1,0,NULL),(342,1,2,'D19',1,0,NULL),(343,1,2,'D20',1,0,NULL),(344,1,2,'D21',1,0,NULL),(345,1,2,'D22',1,0,NULL),(346,1,2,'D23',1,0,NULL),(347,1,2,'D24',1,0,NULL),(348,1,2,'D25',1,0,NULL),(349,1,2,'D26',1,0,NULL),(350,1,2,'D27',1,0,NULL),(351,1,2,'D28',1,0,NULL),(352,1,2,'E1',1,0,NULL),(353,1,2,'E2',1,0,NULL),(354,1,2,'E3',1,0,NULL),(355,1,2,'E4',1,0,NULL),(356,1,2,'E5',1,0,NULL),(357,1,2,'E6',1,0,NULL),(358,1,2,'E7',1,0,NULL),(359,1,2,'E8',1,0,NULL),(360,1,2,'E9',1,0,NULL),(361,1,2,'E10',1,0,NULL),(362,1,2,'E11',1,0,NULL),(363,1,2,'E12',1,0,NULL),(364,1,2,'E13',1,0,NULL),(365,1,2,'E14',1,0,NULL),(366,1,2,'E15',1,0,NULL),(367,1,2,'E16',1,0,NULL),(368,1,2,'E17',1,0,NULL),(369,1,2,'E18',1,0,NULL),(370,1,2,'E19',1,0,NULL),(371,1,2,'E20',1,0,NULL),(372,1,2,'E21',1,0,NULL),(373,1,2,'E22',1,0,NULL),(374,1,2,'E23',1,0,NULL),(375,1,2,'E24',1,0,NULL),(376,1,2,'E25',1,0,NULL),(377,1,2,'E26',1,0,NULL),(378,1,2,'E27',1,0,NULL),(379,1,2,'E28',1,0,NULL),(380,1,2,'F1',1,0,NULL),(381,1,2,'F2',1,0,NULL),(382,1,2,'F3',1,0,NULL),(383,1,2,'F4',1,0,NULL),(384,1,2,'F5',1,0,NULL),(385,1,2,'F6',1,0,NULL),(386,1,2,'F7',1,0,NULL),(387,1,2,'F8',1,0,NULL),(388,1,2,'F9',1,0,NULL),(389,1,2,'F10',1,0,NULL),(390,1,2,'F11',1,0,NULL),(391,1,2,'F12',1,0,NULL),(392,1,2,'F13',1,0,NULL),(393,1,2,'F14',1,0,NULL),(394,1,2,'F15',1,0,NULL),(395,1,2,'F16',1,0,NULL),(396,1,2,'F17',1,0,NULL),(397,1,2,'F18',1,0,NULL),(398,1,2,'F19',1,0,NULL),(399,1,2,'F20',1,0,NULL),(400,1,2,'F21',1,0,NULL),(401,1,2,'F22',1,0,NULL),(402,1,2,'F23',1,0,NULL),(403,1,2,'F24',1,0,NULL),(404,1,2,'F25',1,0,NULL),(405,1,2,'F26',1,0,NULL),(406,1,2,'F27',1,0,NULL),(407,1,2,'F28',1,0,NULL),(408,1,2,'F29',1,0,NULL),(409,1,2,'F30',1,0,NULL),(410,1,2,'G1',1,0,NULL),(411,1,2,'G2',1,0,NULL),(412,1,2,'G3',1,0,NULL),(413,1,2,'G4',1,0,NULL),(414,1,2,'G5',1,0,NULL),(415,1,2,'G6',1,0,NULL),(416,1,2,'G7',1,0,NULL),(417,1,2,'G8',1,0,NULL),(418,1,2,'G9',1,0,NULL),(419,1,2,'G10',1,0,NULL),(420,1,2,'G11',1,0,NULL),(421,1,2,'G12',1,0,NULL),(422,1,2,'G13',1,0,NULL),(423,1,2,'G14',1,0,NULL),(424,1,2,'G15',1,0,NULL),(425,1,2,'G16',1,0,NULL),(426,1,2,'G17',1,0,NULL),(427,1,2,'G18',1,0,NULL),(428,1,2,'G19',1,0,NULL),(429,1,2,'G20',1,0,NULL),(430,1,2,'G21',1,0,NULL),(431,1,2,'G22',1,0,NULL),(432,1,2,'G23',1,0,NULL),(433,1,2,'G24',1,0,NULL),(434,1,2,'G25',1,0,NULL),(435,1,2,'G26',1,0,NULL),(436,1,2,'G27',1,0,NULL),(437,1,2,'G28',1,0,NULL),(438,1,2,'G29',1,0,NULL),(439,1,2,'G30',1,0,NULL),(440,1,2,'H1',1,0,NULL),(441,1,2,'H2',1,0,NULL),(442,1,2,'H3',1,0,NULL),(443,1,2,'H4',1,0,NULL),(444,1,2,'H5',1,0,NULL),(445,1,2,'H6',1,0,NULL),(446,1,2,'H7',1,0,NULL),(447,1,2,'H8',1,0,NULL),(448,1,2,'H9',1,0,NULL),(449,1,2,'H10',1,0,NULL),(450,1,2,'H11',1,0,NULL),(451,1,2,'H12',1,0,NULL),(452,1,2,'H13',1,0,NULL),(453,1,2,'H14',1,0,NULL),(454,1,2,'H15',1,0,NULL),(455,1,2,'H16',1,0,NULL),(456,1,2,'H17',1,0,NULL),(457,1,2,'H18',1,0,NULL),(458,1,2,'H19',1,0,NULL),(459,1,2,'H20',1,0,NULL),(460,1,2,'H21',1,0,NULL),(461,1,2,'H22',1,0,NULL),(462,1,2,'H23',1,0,NULL),(463,1,2,'H24',1,0,NULL),(464,1,2,'H25',1,0,NULL),(465,1,2,'H26',1,0,NULL),(466,1,2,'H27',1,0,NULL),(467,1,2,'H28',1,0,NULL),(468,1,2,'H29',1,0,NULL),(469,1,2,'H30',1,0,NULL),(470,1,2,'H31',1,0,NULL),(471,1,2,'I1',1,0,NULL),(472,1,2,'I2',1,0,NULL),(473,1,2,'I3',1,0,NULL),(474,1,2,'I4',1,0,NULL),(475,1,2,'I5',1,0,NULL),(476,1,2,'I6',1,0,NULL),(477,1,2,'I7',1,0,NULL),(478,1,2,'I8',1,0,NULL),(479,1,2,'I9',1,0,NULL),(480,1,2,'I10',1,0,NULL),(481,1,2,'I11',1,0,NULL),(482,1,2,'I12',1,0,NULL),(483,1,2,'I13',1,0,NULL),(484,1,2,'I14',1,0,NULL),(485,1,2,'I15',1,0,NULL),(486,1,2,'I16',1,0,NULL),(487,1,2,'I17',1,0,NULL),(488,1,2,'I18',1,0,NULL),(489,1,2,'I19',1,1,NULL),(490,1,2,'I20',1,1,NULL),(491,1,2,'I21',1,1,NULL),(492,1,2,'I22',1,1,NULL),(493,1,2,'I23',1,1,NULL),(494,1,2,'I24',1,1,NULL),(495,1,2,'I25',1,1,NULL),(496,1,2,'I26',1,1,NULL),(497,1,2,'I27',1,1,NULL),(498,1,2,'I28',1,1,NULL),(499,1,3,'A1',1,0,NULL),(500,1,3,'A2',1,0,NULL),(501,1,3,'A3',1,0,NULL),(502,1,3,'A4',1,0,NULL),(503,1,3,'A5',1,0,NULL),(504,1,3,'A6',1,0,NULL),(505,1,3,'A7',1,0,NULL),(506,1,3,'A8',1,0,NULL),(507,1,3,'A9',1,0,NULL),(508,1,3,'A10',1,0,NULL),(509,1,3,'A11',1,0,NULL),(510,1,3,'A12',1,0,NULL),(511,1,3,'A13',1,0,NULL),(512,1,3,'A14',1,0,NULL),(513,1,3,'A15',1,0,NULL),(514,1,3,'A16',1,0,NULL),(515,1,3,'A17',1,0,NULL),(516,1,3,'A18',1,0,NULL),(517,1,3,'A19',1,0,NULL),(518,1,3,'A20',1,0,NULL),(519,1,3,'A21',1,0,NULL),(520,1,3,'B1',1,0,NULL),(521,1,3,'B2',1,0,NULL),(522,1,3,'B3',1,0,NULL),(523,1,3,'B4',1,0,NULL),(524,1,3,'B5',1,0,NULL),(525,1,3,'B6',1,0,NULL),(526,1,3,'B7',1,0,NULL),(527,1,3,'B8',1,0,NULL),(528,1,3,'B9',1,0,NULL),(529,1,3,'B10',1,0,NULL),(530,1,3,'B11',1,0,NULL),(531,1,3,'B12',1,0,NULL),(532,1,3,'B13',1,0,NULL),(533,1,3,'B14',1,0,NULL),(534,1,3,'B15',1,0,NULL),(535,1,3,'B16',1,0,NULL),(536,1,3,'B17',1,0,NULL),(537,1,3,'B18',1,0,NULL),(538,1,3,'B19',1,0,NULL),(539,1,3,'B20',1,0,NULL),(540,1,3,'B21',1,0,NULL),(541,1,3,'B22',1,0,NULL),(542,1,3,'B23',1,0,NULL),(543,1,3,'B24',1,0,NULL),(544,1,3,'B25',1,0,NULL),(545,1,3,'B26',1,0,NULL),(546,1,3,'C1',1,0,NULL),(547,1,3,'C2',1,0,NULL),(548,1,3,'C3',1,0,NULL),(549,1,3,'C4',1,0,NULL),(550,1,3,'C5',1,0,NULL),(551,1,3,'C6',1,0,NULL),(552,1,3,'C7',1,0,NULL),(553,1,3,'C8',1,0,NULL),(554,1,3,'C9',1,0,NULL),(555,1,3,'C10',1,0,NULL),(556,1,3,'C11',1,0,NULL),(557,1,3,'C12',1,0,NULL),(558,1,3,'C13',1,0,NULL),(559,1,3,'C14',1,0,NULL),(560,1,3,'C15',1,0,NULL),(561,1,3,'C16',1,0,NULL),(562,1,3,'C17',1,0,NULL),(563,1,3,'C18',1,0,NULL),(564,1,3,'C19',1,0,NULL),(565,1,3,'C20',1,0,NULL),(566,1,3,'C21',1,0,NULL),(567,1,3,'C22',1,0,NULL),(568,1,3,'C23',1,0,NULL),(569,1,3,'C24',1,0,NULL),(570,1,3,'C25',1,0,NULL),(571,1,3,'C26',1,0,NULL),(572,1,3,'C27',1,0,NULL),(573,1,3,'D1',1,0,NULL),(574,1,3,'D2',1,0,NULL),(575,1,3,'D3',1,0,NULL),(576,1,3,'D4',1,0,NULL),(577,1,3,'D5',1,0,NULL),(578,1,3,'D6',1,0,NULL),(579,1,3,'D7',1,0,NULL),(580,1,3,'D8',1,0,NULL),(581,1,3,'D9',1,0,NULL),(582,1,3,'D10',1,0,NULL),(583,1,3,'D11',1,0,NULL),(584,1,3,'D12',1,0,NULL),(585,1,3,'D13',1,0,NULL),(586,1,3,'D14',1,0,NULL),(587,1,3,'D15',1,0,NULL),(588,1,3,'D16',1,0,NULL),(589,1,3,'D17',1,0,NULL),(590,1,3,'D18',1,0,NULL),(591,1,3,'D19',1,0,NULL),(592,1,3,'D20',1,0,NULL),(593,1,3,'D21',1,0,NULL),(594,1,3,'D22',1,0,NULL),(595,1,3,'D23',1,0,NULL),(596,1,3,'D24',1,0,NULL),(597,1,3,'D25',1,0,NULL),(598,1,3,'D26',1,0,NULL),(599,1,3,'D27',1,0,NULL),(600,1,3,'D28',1,0,NULL),(601,1,3,'E1',1,0,NULL),(602,1,3,'E2',1,0,NULL),(603,1,3,'E3',1,0,NULL),(604,1,3,'E4',1,0,NULL),(605,1,3,'E5',1,0,NULL),(606,1,3,'E6',1,0,NULL),(607,1,3,'E7',1,0,NULL),(608,1,3,'E8',1,0,NULL),(609,1,3,'E9',1,0,NULL),(610,1,3,'E10',1,0,NULL),(611,1,3,'E11',1,0,NULL),(612,1,3,'E12',1,0,NULL),(613,1,3,'E13',1,0,NULL),(614,1,3,'E14',1,0,NULL),(615,1,3,'E15',1,0,NULL),(616,1,3,'E16',1,0,NULL),(617,1,3,'E17',1,0,NULL),(618,1,3,'E18',1,0,NULL),(619,1,3,'E19',1,0,NULL),(620,1,3,'E20',1,0,NULL),(621,1,3,'E21',1,0,NULL),(622,1,3,'E22',1,0,NULL),(623,1,3,'E23',1,0,NULL),(624,1,3,'E24',1,0,NULL),(625,1,3,'E25',1,0,NULL),(626,1,3,'E26',1,0,NULL),(627,1,3,'E27',1,0,NULL),(628,1,3,'E28',1,0,NULL),(629,1,3,'F1',1,0,NULL),(630,1,3,'F2',1,0,NULL),(631,1,3,'F3',1,0,NULL),(632,1,3,'F4',1,0,NULL),(633,1,3,'F5',1,0,NULL),(634,1,3,'F6',1,0,NULL),(635,1,3,'F7',1,0,NULL),(636,1,3,'F8',1,0,NULL),(637,1,3,'F9',1,0,NULL),(638,1,3,'F10',1,0,NULL),(639,1,3,'F11',1,0,NULL),(640,1,3,'F12',1,0,NULL),(641,1,3,'F13',1,0,NULL),(642,1,3,'F14',1,0,NULL),(643,1,3,'F15',1,0,NULL),(644,1,3,'F16',1,0,NULL),(645,1,3,'F17',1,0,NULL),(646,1,3,'F18',1,0,NULL),(647,1,3,'F19',1,0,NULL),(648,1,3,'F20',1,0,NULL),(649,1,3,'F21',1,0,NULL),(650,1,3,'F22',1,0,NULL),(651,1,3,'F23',1,0,NULL),(652,1,3,'F24',1,0,NULL),(653,1,3,'F25',1,0,NULL),(654,1,3,'F26',1,0,NULL),(655,1,3,'F27',1,0,NULL),(656,1,3,'F28',1,0,NULL),(657,1,3,'F29',1,0,NULL),(658,1,3,'F30',1,0,NULL),(659,1,3,'G1',1,0,NULL),(660,1,3,'G2',1,0,NULL),(661,1,3,'G3',1,0,NULL),(662,1,3,'G4',1,0,NULL),(663,1,3,'G5',1,0,NULL),(664,1,3,'G6',1,0,NULL),(665,1,3,'G7',1,0,NULL),(666,1,3,'G8',1,0,NULL),(667,1,3,'G9',1,0,NULL),(668,1,3,'G10',1,0,NULL),(669,1,3,'G11',1,0,NULL),(670,1,3,'G12',1,0,NULL),(671,1,3,'G13',1,0,NULL),(672,1,3,'G14',1,0,NULL),(673,1,3,'G15',1,0,NULL),(674,1,3,'G16',1,0,NULL),(675,1,3,'G17',1,0,NULL),(676,1,3,'G18',1,0,NULL),(677,1,3,'G19',1,0,NULL),(678,1,3,'G20',1,0,NULL),(679,1,3,'G21',1,0,NULL),(680,1,3,'G22',1,0,NULL),(681,1,3,'G23',1,0,NULL),(682,1,3,'G24',1,0,NULL),(683,1,3,'G25',1,0,NULL),(684,1,3,'G26',1,0,NULL),(685,1,3,'G27',1,0,NULL),(686,1,3,'G28',1,0,NULL),(687,1,3,'G29',1,0,NULL),(688,1,3,'G30',1,0,NULL),(689,1,3,'H1',1,0,NULL),(690,1,3,'H2',1,0,NULL),(691,1,3,'H3',1,0,NULL),(692,1,3,'H4',1,0,NULL),(693,1,3,'H5',1,0,NULL),(694,1,3,'H6',1,0,NULL),(695,1,3,'H7',1,0,NULL),(696,1,3,'H8',1,0,NULL),(697,1,3,'H9',1,0,NULL),(698,1,3,'H10',1,0,NULL),(699,1,3,'H11',1,0,NULL),(700,1,3,'H12',1,0,NULL),(701,1,3,'H13',1,0,NULL),(702,1,3,'H14',1,0,NULL),(703,1,3,'H15',1,0,NULL),(704,1,3,'H16',1,0,NULL),(705,1,3,'H17',1,0,NULL),(706,1,3,'H18',1,0,NULL),(707,1,3,'H19',1,0,NULL),(708,1,3,'H20',1,0,NULL),(709,1,3,'H21',1,0,NULL),(710,1,3,'H22',1,0,NULL),(711,1,3,'H23',1,0,NULL),(712,1,3,'H24',1,0,NULL),(713,1,3,'H25',1,0,NULL),(714,1,3,'H26',1,0,NULL),(715,1,3,'H27',1,0,NULL),(716,1,3,'H28',1,0,NULL),(717,1,3,'H29',1,0,NULL),(718,1,3,'H30',1,0,NULL),(719,1,3,'H31',1,0,NULL),(720,1,3,'I1',1,0,NULL),(721,1,3,'I2',1,0,NULL),(722,1,3,'I3',1,0,NULL),(723,1,3,'I4',1,0,NULL),(724,1,3,'I5',1,0,NULL),(725,1,3,'I6',1,0,NULL),(726,1,3,'I7',1,0,NULL),(727,1,3,'I8',1,0,NULL),(728,1,3,'I9',1,0,NULL),(729,1,3,'I10',1,0,NULL),(730,1,3,'I11',1,0,NULL),(731,1,3,'I12',1,0,NULL),(732,1,3,'I13',1,0,NULL),(733,1,3,'I14',1,0,NULL),(734,1,3,'I15',1,0,NULL),(735,1,3,'I16',1,0,NULL),(736,1,3,'I17',1,0,NULL),(737,1,3,'I18',1,0,NULL),(738,1,3,'I19',1,1,NULL),(739,1,3,'I20',1,1,NULL),(740,1,3,'I21',1,1,NULL),(741,1,3,'I22',1,1,NULL),(742,1,3,'I23',1,1,NULL),(743,1,3,'I24',1,1,NULL),(744,1,3,'I25',1,1,NULL),(745,1,3,'I26',1,1,NULL),(746,1,3,'I27',1,1,NULL),(747,1,3,'I28',1,1,NULL),(748,1,4,'A1',1,0,NULL),(749,1,4,'A2',1,0,NULL),(750,1,4,'A3',1,0,NULL),(751,1,4,'A4',1,0,NULL),(752,1,4,'A5',1,0,NULL),(753,1,4,'A6',1,0,NULL),(754,1,4,'A7',1,0,NULL),(755,1,4,'A8',1,0,NULL),(756,1,4,'A9',1,0,NULL),(757,1,4,'A10',1,0,NULL),(758,1,4,'A11',1,0,NULL),(759,1,4,'A12',1,0,NULL),(760,1,4,'A13',1,0,NULL),(761,1,4,'A14',1,0,NULL),(762,1,4,'A15',1,0,NULL),(763,1,4,'A16',1,0,NULL),(764,1,4,'A17',1,0,NULL),(765,1,4,'A18',1,0,NULL),(766,1,4,'A19',1,0,NULL),(767,1,4,'A20',1,0,NULL),(768,1,4,'A21',1,0,NULL),(769,1,4,'B1',1,0,NULL),(770,1,4,'B2',1,0,NULL),(771,1,4,'B3',1,0,NULL),(772,1,4,'B4',1,0,NULL),(773,1,4,'B5',1,0,NULL),(774,1,4,'B6',1,0,NULL),(775,1,4,'B7',1,0,NULL),(776,1,4,'B8',1,0,NULL),(777,1,4,'B9',1,0,NULL),(778,1,4,'B10',1,0,NULL),(779,1,4,'B11',1,0,NULL),(780,1,4,'B12',1,0,NULL),(781,1,4,'B13',1,0,NULL),(782,1,4,'B14',1,0,NULL),(783,1,4,'B15',1,0,NULL),(784,1,4,'B16',1,0,NULL),(785,1,4,'B17',1,0,NULL),(786,1,4,'B18',1,0,NULL),(787,1,4,'B19',1,0,NULL),(788,1,4,'B20',1,0,NULL),(789,1,4,'B21',1,0,NULL),(790,1,4,'B22',1,0,NULL),(791,1,4,'B23',1,0,NULL),(792,1,4,'B24',1,0,NULL),(793,1,4,'B25',1,0,NULL),(794,1,4,'B26',1,0,NULL),(795,1,4,'C1',1,0,NULL),(796,1,4,'C2',1,0,NULL),(797,1,4,'C3',1,0,NULL),(798,1,4,'C4',1,0,NULL),(799,1,4,'C5',1,0,NULL),(800,1,4,'C6',1,0,NULL),(801,1,4,'C7',1,0,NULL),(802,1,4,'C8',1,0,NULL),(803,1,4,'C9',1,0,NULL),(804,1,4,'C10',1,0,NULL),(805,1,4,'C11',1,0,NULL),(806,1,4,'C12',1,0,NULL),(807,1,4,'C13',1,0,NULL),(808,1,4,'C14',1,0,NULL),(809,1,4,'C15',1,0,NULL),(810,1,4,'C16',1,0,NULL),(811,1,4,'C17',1,0,NULL),(812,1,4,'C18',1,0,NULL),(813,1,4,'C19',1,0,NULL),(814,1,4,'C20',1,0,NULL),(815,1,4,'C21',1,0,NULL),(816,1,4,'C22',1,0,NULL),(817,1,4,'C23',1,0,NULL),(818,1,4,'C24',1,0,NULL),(819,1,4,'C25',1,0,NULL),(820,1,4,'C26',1,0,NULL),(821,1,4,'C27',1,0,NULL),(822,1,4,'D1',1,0,NULL),(823,1,4,'D2',1,0,NULL),(824,1,4,'D3',1,0,NULL),(825,1,4,'D4',1,0,NULL),(826,1,4,'D5',1,0,NULL),(827,1,4,'D6',1,0,NULL),(828,1,4,'D7',1,0,NULL),(829,1,4,'D8',1,0,NULL),(830,1,4,'D9',1,0,NULL),(831,1,4,'D10',1,0,NULL),(832,1,4,'D11',1,0,NULL),(833,1,4,'D12',1,0,NULL),(834,1,4,'D13',1,0,NULL),(835,1,4,'D14',1,0,NULL),(836,1,4,'D15',1,0,NULL),(837,1,4,'D16',1,0,NULL),(838,1,4,'D17',1,0,NULL),(839,1,4,'D18',1,0,NULL),(840,1,4,'D19',1,0,NULL),(841,1,4,'D20',1,0,NULL),(842,1,4,'D21',1,0,NULL),(843,1,4,'D22',1,0,NULL),(844,1,4,'D23',1,0,NULL),(845,1,4,'D24',1,0,NULL),(846,1,4,'D25',1,0,NULL),(847,1,4,'D26',1,0,NULL),(848,1,4,'D27',1,0,NULL),(849,1,4,'D28',1,0,NULL),(850,1,4,'E1',1,0,NULL),(851,1,4,'E2',1,0,NULL),(852,1,4,'E3',1,0,NULL),(853,1,4,'E4',1,0,NULL),(854,1,4,'E5',1,0,NULL),(855,1,4,'E6',1,0,NULL),(856,1,4,'E7',1,0,NULL),(857,1,4,'E8',1,0,NULL),(858,1,4,'E9',1,0,NULL),(859,1,4,'E10',1,0,NULL),(860,1,4,'E11',1,0,NULL),(861,1,4,'E12',1,0,NULL),(862,1,4,'E13',1,0,NULL),(863,1,4,'E14',1,0,NULL),(864,1,4,'E15',1,0,NULL),(865,1,4,'E16',1,0,NULL),(866,1,4,'E17',1,0,NULL),(867,1,4,'E18',1,0,NULL),(868,1,4,'E19',1,0,NULL),(869,1,4,'E20',1,0,NULL),(870,1,4,'E21',1,0,NULL),(871,1,4,'E22',1,0,NULL),(872,1,4,'E23',1,0,NULL),(873,1,4,'E24',1,0,NULL),(874,1,4,'E25',1,0,NULL),(875,1,4,'E26',1,0,NULL),(876,1,4,'E27',1,0,NULL),(877,1,4,'E28',1,0,NULL),(878,1,4,'F1',1,0,NULL),(879,1,4,'F2',1,0,NULL),(880,1,4,'F3',1,0,NULL),(881,1,4,'F4',1,0,NULL),(882,1,4,'F5',1,0,NULL),(883,1,4,'F6',1,0,NULL),(884,1,4,'F7',1,0,NULL),(885,1,4,'F8',1,0,NULL),(886,1,4,'F9',1,0,NULL),(887,1,4,'F10',1,0,NULL),(888,1,4,'F11',1,0,NULL),(889,1,4,'F12',1,0,NULL),(890,1,4,'F13',1,0,NULL),(891,1,4,'F14',1,0,NULL),(892,1,4,'F15',1,0,NULL),(893,1,4,'F16',1,0,NULL),(894,1,4,'F17',1,0,NULL),(895,1,4,'F18',1,0,NULL),(896,1,4,'F19',1,0,NULL),(897,1,4,'F20',1,0,NULL),(898,1,4,'F21',1,0,NULL),(899,1,4,'F22',1,0,NULL),(900,1,4,'F23',1,0,NULL),(901,1,4,'F24',1,0,NULL),(902,1,4,'F25',1,0,NULL),(903,1,4,'F26',1,0,NULL),(904,1,4,'F27',1,0,NULL),(905,1,4,'F28',1,0,NULL),(906,1,4,'F29',1,0,NULL),(907,1,4,'F30',1,0,NULL),(908,1,4,'G1',1,0,NULL),(909,1,4,'G2',1,0,NULL),(910,1,4,'G3',1,0,NULL),(911,1,4,'G4',1,0,NULL),(912,1,4,'G5',1,0,NULL),(913,1,4,'G6',1,0,NULL),(914,1,4,'G7',1,0,NULL),(915,1,4,'G8',1,0,NULL),(916,1,4,'G9',1,0,NULL),(917,1,4,'G10',1,0,NULL),(918,1,4,'G11',1,0,NULL),(919,1,4,'G12',1,0,NULL),(920,1,4,'G13',1,0,NULL),(921,1,4,'G14',1,0,NULL),(922,1,4,'G15',1,0,NULL),(923,1,4,'G16',1,0,NULL),(924,1,4,'G17',1,0,NULL),(925,1,4,'G18',1,0,NULL),(926,1,4,'G19',1,0,NULL),(927,1,4,'G20',1,0,NULL),(928,1,4,'G21',1,0,NULL),(929,1,4,'G22',1,0,NULL),(930,1,4,'G23',1,0,NULL),(931,1,4,'G24',1,0,NULL),(932,1,4,'G25',1,0,NULL),(933,1,4,'G26',1,0,NULL),(934,1,4,'G27',1,0,NULL),(935,1,4,'G28',1,0,NULL),(936,1,4,'G29',1,0,NULL),(937,1,4,'G30',1,0,NULL),(938,1,4,'H1',1,0,NULL),(939,1,4,'H2',1,0,NULL),(940,1,4,'H3',1,0,NULL),(941,1,4,'H4',1,0,NULL),(942,1,4,'H5',1,0,NULL),(943,1,4,'H6',1,0,NULL),(944,1,4,'H7',1,0,NULL),(945,1,4,'H8',1,0,NULL),(946,1,4,'H9',1,0,NULL),(947,1,4,'H10',1,0,NULL),(948,1,4,'H11',1,0,NULL),(949,1,4,'H12',1,0,NULL),(950,1,4,'H13',1,0,NULL),(951,1,4,'H14',1,0,NULL),(952,1,4,'H15',1,0,NULL),(953,1,4,'H16',1,0,NULL),(954,1,4,'H17',1,0,NULL),(955,1,4,'H18',1,0,NULL),(956,1,4,'H19',1,0,NULL),(957,1,4,'H20',1,0,NULL),(958,1,4,'H21',1,0,NULL),(959,1,4,'H22',1,0,NULL),(960,1,4,'H23',1,0,NULL),(961,1,4,'H24',1,0,NULL),(962,1,4,'H25',1,0,NULL),(963,1,4,'H26',1,0,NULL),(964,1,4,'H27',1,0,NULL),(965,1,4,'H28',1,0,NULL),(966,1,4,'H29',1,0,NULL),(967,1,4,'H30',1,0,NULL),(968,1,4,'H31',1,0,NULL),(969,1,4,'I1',1,0,NULL),(970,1,4,'I2',1,0,NULL),(971,1,4,'I3',1,0,NULL),(972,1,4,'I4',1,0,NULL),(973,1,4,'I5',1,0,NULL),(974,1,4,'I6',1,0,NULL),(975,1,4,'I7',1,0,NULL),(976,1,4,'I8',1,0,NULL),(977,1,4,'I9',1,0,NULL),(978,1,4,'I10',1,0,NULL),(979,1,4,'I11',1,0,NULL),(980,1,4,'I12',1,0,NULL),(981,1,4,'I13',1,0,NULL),(982,1,4,'I14',1,0,NULL),(983,1,4,'I15',1,0,NULL),(984,1,4,'I16',1,0,NULL),(985,1,4,'I17',1,0,NULL),(986,1,4,'I18',1,0,NULL),(987,1,4,'I19',1,1,NULL),(988,1,4,'I20',1,1,NULL),(989,1,4,'I21',1,1,NULL),(990,1,4,'I22',1,1,NULL),(991,1,4,'I23',1,1,NULL),(992,1,4,'I24',1,1,NULL),(993,1,4,'I25',1,1,NULL),(994,1,4,'I26',1,1,NULL),(995,1,4,'I27',1,1,NULL),(996,1,4,'I28',1,1,NULL),(997,3,5,'A1',1,0,NULL),(998,3,5,'A2',1,0,NULL),(999,3,5,'A3',1,0,NULL),(1000,3,5,'A4',1,0,NULL),(1001,3,5,'A5',1,0,NULL),(1002,3,5,'A6',1,0,NULL),(1003,3,5,'A7',1,0,NULL),(1004,3,5,'A8',1,0,NULL),(1005,3,5,'A9',1,0,NULL),(1006,3,5,'A10',1,0,NULL),(1007,3,5,'A11',1,0,NULL),(1008,3,5,'A12',1,0,NULL),(1009,3,5,'A13',1,0,NULL),(1010,3,5,'A14',1,0,NULL),(1011,3,5,'A15',1,0,NULL),(1012,3,5,'A16',1,0,NULL),(1013,3,5,'A17',1,0,NULL),(1014,3,5,'A18',1,0,NULL),(1015,3,5,'A19',1,0,NULL),(1016,3,5,'A20',1,0,NULL),(1017,3,5,'A21',1,0,NULL),(1018,3,5,'B1',1,0,NULL),(1019,3,5,'B2',1,0,NULL),(1020,3,5,'B3',1,0,NULL),(1021,3,5,'B4',1,0,NULL),(1022,3,5,'B5',1,0,NULL),(1023,3,5,'B6',1,0,NULL),(1024,3,5,'B7',1,0,NULL),(1025,3,5,'B8',1,0,NULL),(1026,3,5,'B9',1,0,NULL),(1027,3,5,'B10',1,0,NULL),(1028,3,5,'B11',1,0,NULL),(1029,3,5,'B12',1,0,NULL),(1030,3,5,'B13',1,0,NULL),(1031,3,5,'B14',1,0,NULL),(1032,3,5,'B15',1,0,NULL),(1033,3,5,'B16',1,0,NULL),(1034,3,5,'B17',1,0,NULL),(1035,3,5,'B18',1,0,NULL),(1036,3,5,'B19',1,0,NULL),(1037,3,5,'B20',1,0,NULL),(1038,3,5,'B21',1,0,NULL),(1039,3,5,'B22',1,0,NULL),(1040,3,5,'B23',1,0,NULL),(1041,3,5,'B24',1,0,NULL),(1042,3,5,'B25',1,0,NULL),(1043,3,5,'B26',1,0,NULL),(1044,3,5,'C1',1,0,NULL),(1045,3,5,'C2',1,0,NULL),(1046,3,5,'C3',1,0,NULL),(1047,3,5,'C4',1,0,NULL),(1048,3,5,'C5',1,0,NULL),(1049,3,5,'C6',1,0,NULL),(1050,3,5,'C7',1,0,NULL),(1051,3,5,'C8',1,0,NULL),(1052,3,5,'C9',1,0,NULL),(1053,3,5,'C10',1,0,NULL),(1054,3,5,'C11',1,0,NULL),(1055,3,5,'C12',1,0,NULL),(1056,3,5,'C13',1,0,NULL),(1057,3,5,'C14',1,0,NULL),(1058,3,5,'C15',1,0,NULL),(1059,3,5,'C16',1,0,NULL),(1060,3,5,'C17',1,0,NULL),(1061,3,5,'C18',1,0,NULL),(1062,3,5,'C19',1,0,NULL),(1063,3,5,'C20',1,0,NULL),(1064,3,5,'C21',1,0,NULL),(1065,3,5,'C22',1,0,NULL),(1066,3,5,'C23',1,0,NULL),(1067,3,5,'C24',1,0,NULL),(1068,3,5,'C25',1,0,NULL),(1069,3,5,'C26',1,0,NULL),(1070,3,5,'C27',1,0,NULL),(1071,3,5,'D1',1,0,NULL),(1072,3,5,'D2',1,0,NULL),(1073,3,5,'D3',1,0,NULL),(1074,3,5,'D4',1,0,NULL),(1075,3,5,'D5',1,0,NULL),(1076,3,5,'D6',1,0,NULL),(1077,3,5,'D7',1,0,NULL),(1078,3,5,'D8',1,0,NULL),(1079,3,5,'D9',1,0,NULL),(1080,3,5,'D10',1,0,NULL),(1081,3,5,'D11',1,0,NULL),(1082,3,5,'D12',1,0,NULL),(1083,3,5,'D13',1,0,NULL),(1084,3,5,'D14',1,0,NULL),(1085,3,5,'D15',1,0,NULL),(1086,3,5,'D16',1,0,NULL),(1087,3,5,'D17',1,0,NULL),(1088,3,5,'D18',1,0,NULL),(1089,3,5,'D19',1,0,NULL),(1090,3,5,'D20',1,0,NULL),(1091,3,5,'D21',1,0,NULL),(1092,3,5,'D22',1,0,NULL),(1093,3,5,'D23',1,0,NULL),(1094,3,5,'D24',1,0,NULL),(1095,3,5,'D25',1,0,NULL),(1096,3,5,'D26',1,0,NULL),(1097,3,5,'D27',1,0,NULL),(1098,3,5,'D28',1,0,NULL),(1099,3,5,'E1',1,0,NULL),(1100,3,5,'E2',1,0,NULL),(1101,3,5,'E3',1,0,NULL),(1102,3,5,'E4',1,0,NULL),(1103,3,5,'E5',1,0,NULL),(1104,3,5,'E6',1,0,NULL),(1105,3,5,'E7',1,0,NULL),(1106,3,5,'E8',1,0,NULL),(1107,3,5,'E9',1,0,NULL),(1108,3,5,'E10',1,0,NULL),(1109,3,5,'E11',1,0,NULL),(1110,3,5,'E12',1,0,NULL),(1111,3,5,'E13',1,0,NULL),(1112,3,5,'E14',1,0,NULL),(1113,3,5,'E15',1,0,NULL),(1114,3,5,'E16',1,0,NULL),(1115,3,5,'E17',1,0,NULL),(1116,3,5,'E18',1,0,NULL),(1117,3,5,'E19',1,0,NULL),(1118,3,5,'E20',1,0,NULL),(1119,3,5,'E21',1,0,NULL),(1120,3,5,'E22',1,0,NULL),(1121,3,5,'E23',1,0,NULL),(1122,3,5,'E24',1,0,NULL),(1123,3,5,'E25',1,0,NULL),(1124,3,5,'E26',1,0,NULL),(1125,3,5,'E27',1,0,NULL),(1126,3,5,'E28',1,0,NULL),(1127,3,5,'F1',1,0,NULL),(1128,3,5,'F2',1,0,NULL),(1129,3,5,'F3',1,0,NULL),(1130,3,5,'F4',1,0,NULL),(1131,3,5,'F5',1,0,NULL),(1132,3,5,'F6',1,0,NULL),(1133,3,5,'F7',1,0,NULL),(1134,3,5,'F8',1,0,NULL),(1135,3,5,'F9',1,0,NULL),(1136,3,5,'F10',1,0,NULL),(1137,3,5,'F11',1,0,NULL),(1138,3,5,'F12',1,0,NULL),(1139,3,5,'F13',1,0,NULL),(1140,3,5,'F14',1,0,NULL),(1141,3,5,'F15',1,0,NULL),(1142,3,5,'F16',1,0,NULL),(1143,3,5,'F17',1,0,NULL),(1144,3,5,'F18',1,0,NULL),(1145,3,5,'F19',1,0,NULL),(1146,3,5,'F20',1,0,NULL),(1147,3,5,'F21',1,0,NULL),(1148,3,5,'F22',1,0,NULL),(1149,3,5,'F23',1,0,NULL),(1150,3,5,'F24',1,0,NULL),(1151,3,5,'F25',1,0,NULL),(1152,3,5,'F26',1,0,NULL),(1153,3,5,'F27',1,0,NULL),(1154,3,5,'F28',1,0,NULL),(1155,3,5,'F29',1,0,NULL),(1156,3,5,'F30',1,0,NULL),(1157,3,5,'G1',1,0,NULL),(1158,3,5,'G2',1,0,NULL),(1159,3,5,'G3',1,0,NULL),(1160,3,5,'G4',1,0,NULL),(1161,3,5,'G5',1,0,NULL),(1162,3,5,'G6',1,0,NULL),(1163,3,5,'G7',1,0,NULL),(1164,3,5,'G8',1,0,NULL),(1165,3,5,'G9',1,0,NULL),(1166,3,5,'G10',1,0,NULL),(1167,3,5,'G11',1,0,NULL),(1168,3,5,'G12',1,0,NULL),(1169,3,5,'G13',1,0,NULL),(1170,3,5,'G14',1,0,NULL),(1171,3,5,'G15',1,0,NULL),(1172,3,5,'G16',1,0,NULL),(1173,3,5,'G17',1,0,NULL),(1174,3,5,'G18',1,0,NULL),(1175,3,5,'G19',1,0,NULL),(1176,3,5,'G20',1,0,NULL),(1177,3,5,'G21',1,0,NULL),(1178,3,5,'G22',1,0,NULL),(1179,3,5,'G23',1,0,NULL),(1180,3,5,'G24',1,0,NULL),(1181,3,5,'G25',1,0,NULL),(1182,3,5,'G26',1,0,NULL),(1183,3,5,'G27',1,0,NULL),(1184,3,5,'G28',1,0,NULL),(1185,3,5,'G29',1,0,NULL),(1186,3,5,'G30',1,0,NULL),(1187,3,5,'H1',1,0,NULL),(1188,3,5,'H2',1,0,NULL),(1189,3,5,'H3',1,0,NULL),(1190,3,5,'H4',1,0,NULL),(1191,3,5,'H5',1,0,NULL),(1192,3,5,'H6',1,0,NULL),(1193,3,5,'H7',1,0,NULL),(1194,3,5,'H8',1,0,NULL),(1195,3,5,'H9',1,0,NULL),(1196,3,5,'H10',1,0,NULL),(1197,3,5,'H11',1,0,NULL),(1198,3,5,'H12',1,0,NULL),(1199,3,5,'H13',1,0,NULL),(1200,3,5,'H14',1,0,NULL),(1201,3,5,'H15',1,0,NULL),(1202,3,5,'H16',1,0,NULL),(1203,3,5,'H17',1,0,NULL),(1204,3,5,'H18',1,0,NULL),(1205,3,5,'H19',1,0,NULL),(1206,3,5,'H20',1,0,NULL),(1207,3,5,'H21',1,0,NULL),(1208,3,5,'H22',1,0,NULL),(1209,3,5,'H23',1,0,NULL),(1210,3,5,'H24',1,0,NULL),(1211,3,5,'H25',1,0,NULL),(1212,3,5,'H26',1,0,NULL),(1213,3,5,'H27',1,0,NULL),(1214,3,5,'H28',1,0,NULL),(1215,3,5,'H29',1,0,NULL),(1216,3,5,'H30',1,0,NULL),(1217,3,5,'H31',1,0,NULL),(1218,3,5,'I1',1,0,NULL),(1219,3,5,'I2',1,0,NULL),(1220,3,5,'I3',1,0,NULL),(1221,3,5,'I4',1,0,NULL),(1222,3,5,'I5',1,0,NULL),(1223,3,5,'I6',1,0,NULL),(1224,3,5,'I7',1,0,NULL),(1225,3,5,'I8',1,0,NULL),(1226,3,5,'I9',1,0,NULL),(1227,3,5,'I10',1,0,NULL),(1228,3,5,'I11',1,0,NULL),(1229,3,5,'I12',1,0,NULL),(1230,3,5,'I13',1,0,NULL),(1231,3,5,'I14',1,0,NULL),(1232,3,5,'I15',1,0,NULL),(1233,3,5,'I16',1,0,NULL),(1234,3,5,'I17',1,0,NULL),(1235,3,5,'I18',1,0,NULL),(1236,3,5,'I19',1,1,NULL),(1237,3,5,'I20',1,1,NULL),(1238,3,5,'I21',1,1,NULL),(1239,3,5,'I22',1,1,NULL),(1240,3,5,'I23',1,1,NULL),(1241,3,5,'I24',1,1,NULL),(1242,3,5,'I25',1,1,NULL),(1243,3,5,'I26',1,1,NULL),(1244,3,5,'I27',1,1,NULL),(1245,3,5,'I28',1,1,NULL),(1246,3,6,'A1',1,0,NULL),(1247,3,6,'A2',1,0,NULL),(1248,3,6,'A3',1,0,NULL),(1249,3,6,'A4',1,0,NULL),(1250,3,6,'A5',1,0,NULL),(1251,3,6,'A6',1,0,NULL),(1252,3,6,'A7',1,0,NULL),(1253,3,6,'A8',1,0,NULL),(1254,3,6,'A9',1,0,NULL),(1255,3,6,'A10',1,0,NULL),(1256,3,6,'A11',1,0,NULL),(1257,3,6,'A12',1,0,NULL),(1258,3,6,'A13',1,0,NULL),(1259,3,6,'A14',1,0,NULL),(1260,3,6,'A15',1,0,NULL),(1261,3,6,'A16',1,0,NULL),(1262,3,6,'A17',1,0,NULL),(1263,3,6,'A18',1,0,NULL),(1264,3,6,'A19',1,0,NULL),(1265,3,6,'A20',1,0,NULL),(1266,3,6,'A21',1,0,NULL),(1267,3,6,'B1',1,0,NULL),(1268,3,6,'B2',1,0,NULL),(1269,3,6,'B3',1,0,NULL),(1270,3,6,'B4',1,0,NULL),(1271,3,6,'B5',1,0,NULL),(1272,3,6,'B6',1,0,NULL),(1273,3,6,'B7',1,0,NULL),(1274,3,6,'B8',1,0,NULL),(1275,3,6,'B9',1,0,NULL),(1276,3,6,'B10',1,0,NULL),(1277,3,6,'B11',1,0,NULL),(1278,3,6,'B12',1,0,NULL),(1279,3,6,'B13',1,0,NULL),(1280,3,6,'B14',1,0,NULL),(1281,3,6,'B15',1,0,NULL),(1282,3,6,'B16',1,0,NULL),(1283,3,6,'B17',1,0,NULL),(1284,3,6,'B18',1,0,NULL),(1285,3,6,'B19',1,0,NULL),(1286,3,6,'B20',1,0,NULL),(1287,3,6,'B21',1,0,NULL),(1288,3,6,'B22',1,0,NULL),(1289,3,6,'B23',1,0,NULL),(1290,3,6,'B24',1,0,NULL),(1291,3,6,'B25',1,0,NULL),(1292,3,6,'B26',1,0,NULL),(1293,3,6,'C1',1,0,NULL),(1294,3,6,'C2',1,0,NULL),(1295,3,6,'C3',1,0,NULL),(1296,3,6,'C4',1,0,NULL),(1297,3,6,'C5',1,0,NULL),(1298,3,6,'C6',1,0,NULL),(1299,3,6,'C7',1,0,NULL),(1300,3,6,'C8',1,0,NULL),(1301,3,6,'C9',1,0,NULL),(1302,3,6,'C10',1,0,NULL),(1303,3,6,'C11',1,0,NULL),(1304,3,6,'C12',1,0,NULL),(1305,3,6,'C13',1,0,NULL),(1306,3,6,'C14',1,0,NULL),(1307,3,6,'C15',1,0,NULL),(1308,3,6,'C16',1,0,NULL),(1309,3,6,'C17',1,0,NULL),(1310,3,6,'C18',1,0,NULL),(1311,3,6,'C19',1,0,NULL),(1312,3,6,'C20',1,0,NULL),(1313,3,6,'C21',1,0,NULL),(1314,3,6,'C22',1,0,NULL),(1315,3,6,'C23',1,0,NULL),(1316,3,6,'C24',1,0,NULL),(1317,3,6,'C25',1,0,NULL),(1318,3,6,'C26',1,0,NULL),(1319,3,6,'C27',1,0,NULL),(1320,3,6,'D1',1,0,NULL),(1321,3,6,'D2',1,0,NULL),(1322,3,6,'D3',1,0,NULL),(1323,3,6,'D4',1,0,NULL),(1324,3,6,'D5',1,0,NULL),(1325,3,6,'D6',1,0,NULL),(1326,3,6,'D7',1,0,NULL),(1327,3,6,'D8',1,0,NULL),(1328,3,6,'D9',1,0,NULL),(1329,3,6,'D10',1,0,NULL),(1330,3,6,'D11',1,0,NULL),(1331,3,6,'D12',1,0,NULL),(1332,3,6,'D13',1,0,NULL),(1333,3,6,'D14',1,0,NULL),(1334,3,6,'D15',1,0,NULL),(1335,3,6,'D16',1,0,NULL),(1336,3,6,'D17',1,0,NULL),(1337,3,6,'D18',1,0,NULL),(1338,3,6,'D19',1,0,NULL),(1339,3,6,'D20',1,0,NULL),(1340,3,6,'D21',1,0,NULL),(1341,3,6,'D22',1,0,NULL),(1342,3,6,'D23',1,0,NULL),(1343,3,6,'D24',1,0,NULL),(1344,3,6,'D25',1,0,NULL),(1345,3,6,'D26',1,0,NULL),(1346,3,6,'D27',1,0,NULL),(1347,3,6,'D28',1,0,NULL),(1348,3,6,'E1',1,0,NULL),(1349,3,6,'E2',1,0,NULL),(1350,3,6,'E3',1,0,NULL),(1351,3,6,'E4',1,0,NULL),(1352,3,6,'E5',1,0,NULL),(1353,3,6,'E6',1,0,NULL),(1354,3,6,'E7',1,0,NULL),(1355,3,6,'E8',1,0,NULL),(1356,3,6,'E9',1,0,NULL),(1357,3,6,'E10',1,0,NULL),(1358,3,6,'E11',1,0,NULL),(1359,3,6,'E12',1,0,NULL),(1360,3,6,'E13',1,0,NULL),(1361,3,6,'E14',1,0,NULL),(1362,3,6,'E15',1,0,NULL),(1363,3,6,'E16',1,0,NULL),(1364,3,6,'E17',1,0,NULL),(1365,3,6,'E18',1,0,NULL),(1366,3,6,'E19',1,0,NULL),(1367,3,6,'E20',1,0,NULL),(1368,3,6,'E21',1,0,NULL),(1369,3,6,'E22',1,0,NULL),(1370,3,6,'E23',1,0,NULL),(1371,3,6,'E24',1,0,NULL),(1372,3,6,'E25',1,0,NULL),(1373,3,6,'E26',1,0,NULL),(1374,3,6,'E27',1,0,NULL),(1375,3,6,'E28',1,0,NULL),(1376,3,6,'F1',1,0,NULL),(1377,3,6,'F2',1,0,NULL),(1378,3,6,'F3',1,0,NULL),(1379,3,6,'F4',1,0,NULL),(1380,3,6,'F5',1,0,NULL),(1381,3,6,'F6',1,0,NULL),(1382,3,6,'F7',1,0,NULL),(1383,3,6,'F8',1,0,NULL),(1384,3,6,'F9',1,0,NULL),(1385,3,6,'F10',1,0,NULL),(1386,3,6,'F11',1,0,NULL),(1387,3,6,'F12',1,0,NULL),(1388,3,6,'F13',1,0,NULL),(1389,3,6,'F14',1,0,NULL),(1390,3,6,'F15',1,0,NULL),(1391,3,6,'F16',1,0,NULL),(1392,3,6,'F17',1,0,NULL),(1393,3,6,'F18',1,0,NULL),(1394,3,6,'F19',1,0,NULL),(1395,3,6,'F20',1,0,NULL),(1396,3,6,'F21',1,0,NULL),(1397,3,6,'F22',1,0,NULL),(1398,3,6,'F23',1,0,NULL),(1399,3,6,'F24',1,0,NULL),(1400,3,6,'F25',1,0,NULL),(1401,3,6,'F26',1,0,NULL),(1402,3,6,'F27',1,0,NULL),(1403,3,6,'F28',1,0,NULL),(1404,3,6,'F29',1,0,NULL),(1405,3,6,'F30',1,0,NULL),(1406,3,6,'G1',1,0,NULL),(1407,3,6,'G2',1,0,NULL),(1408,3,6,'G3',1,0,NULL),(1409,3,6,'G4',1,0,NULL),(1410,3,6,'G5',1,0,NULL),(1411,3,6,'G6',1,0,NULL),(1412,3,6,'G7',1,0,NULL),(1413,3,6,'G8',1,0,NULL),(1414,3,6,'G9',1,0,NULL),(1415,3,6,'G10',1,0,NULL),(1416,3,6,'G11',1,0,NULL),(1417,3,6,'G12',1,0,NULL),(1418,3,6,'G13',1,0,NULL),(1419,3,6,'G14',1,0,NULL),(1420,3,6,'G15',1,0,NULL),(1421,3,6,'G16',1,0,NULL),(1422,3,6,'G17',1,0,NULL),(1423,3,6,'G18',1,0,NULL),(1424,3,6,'G19',1,0,NULL),(1425,3,6,'G20',1,0,NULL),(1426,3,6,'G21',1,0,NULL),(1427,3,6,'G22',1,0,NULL),(1428,3,6,'G23',1,0,NULL),(1429,3,6,'G24',1,0,NULL),(1430,3,6,'G25',1,0,NULL),(1431,3,6,'G26',1,0,NULL),(1432,3,6,'G27',1,0,NULL),(1433,3,6,'G28',1,0,NULL),(1434,3,6,'G29',1,0,NULL),(1435,3,6,'G30',1,0,NULL),(1436,3,6,'H1',1,0,NULL),(1437,3,6,'H2',1,0,NULL),(1438,3,6,'H3',1,0,NULL),(1439,3,6,'H4',1,0,NULL),(1440,3,6,'H5',1,0,NULL),(1441,3,6,'H6',1,0,NULL),(1442,3,6,'H7',1,0,NULL),(1443,3,6,'H8',1,0,NULL),(1444,3,6,'H9',1,0,NULL),(1445,3,6,'H10',1,0,NULL),(1446,3,6,'H11',1,0,NULL),(1447,3,6,'H12',1,0,NULL),(1448,3,6,'H13',1,0,NULL),(1449,3,6,'H14',1,0,NULL),(1450,3,6,'H15',1,0,NULL),(1451,3,6,'H16',1,0,NULL),(1452,3,6,'H17',1,0,NULL),(1453,3,6,'H18',1,0,NULL),(1454,3,6,'H19',1,0,NULL),(1455,3,6,'H20',1,0,NULL),(1456,3,6,'H21',1,0,NULL),(1457,3,6,'H22',1,0,NULL),(1458,3,6,'H23',1,0,NULL),(1459,3,6,'H24',1,0,NULL),(1460,3,6,'H25',1,0,NULL),(1461,3,6,'H26',1,0,NULL),(1462,3,6,'H27',1,0,NULL),(1463,3,6,'H28',1,0,NULL),(1464,3,6,'H29',1,0,NULL),(1465,3,6,'H30',1,0,NULL),(1466,3,6,'H31',1,0,NULL),(1467,3,6,'I1',1,0,NULL),(1468,3,6,'I2',1,0,NULL),(1469,3,6,'I3',1,0,NULL),(1470,3,6,'I4',1,0,NULL),(1471,3,6,'I5',1,0,NULL),(1472,3,6,'I6',1,0,NULL),(1473,3,6,'I7',1,0,NULL),(1474,3,6,'I8',1,0,NULL),(1475,3,6,'I9',1,0,NULL),(1476,3,6,'I10',1,0,NULL),(1477,3,6,'I11',1,0,NULL),(1478,3,6,'I12',1,0,NULL),(1479,3,6,'I13',1,0,NULL),(1480,3,6,'I14',1,0,NULL),(1481,3,6,'I15',1,0,NULL),(1482,3,6,'I16',1,0,NULL),(1483,3,6,'I17',1,0,NULL),(1484,3,6,'I18',1,0,NULL),(1485,3,6,'I19',1,1,NULL),(1486,3,6,'I20',1,1,NULL),(1487,3,6,'I21',1,1,NULL),(1488,3,6,'I22',1,1,NULL),(1489,3,6,'I23',1,1,NULL),(1490,3,6,'I24',1,1,NULL),(1491,3,6,'I25',1,1,NULL),(1492,3,6,'I26',1,1,NULL),(1493,3,6,'I27',1,1,NULL),(1494,3,6,'I28',1,1,NULL),(1495,3,7,'A1',1,0,NULL),(1496,3,7,'A2',1,0,NULL),(1497,3,7,'A3',1,0,NULL),(1498,3,7,'A4',1,0,NULL),(1499,3,7,'A5',1,0,NULL),(1500,3,7,'A6',1,0,NULL),(1501,3,7,'A7',1,0,NULL),(1502,3,7,'A8',1,0,NULL),(1503,3,7,'A9',1,0,NULL),(1504,3,7,'A10',1,0,NULL),(1505,3,7,'A11',1,0,NULL),(1506,3,7,'A12',1,0,NULL),(1507,3,7,'A13',1,0,NULL),(1508,3,7,'A14',1,0,NULL),(1509,3,7,'A15',1,0,NULL),(1510,3,7,'A16',1,0,NULL),(1511,3,7,'A17',1,0,NULL),(1512,3,7,'A18',1,0,NULL),(1513,3,7,'A19',1,0,NULL),(1514,3,7,'A20',1,0,NULL),(1515,3,7,'A21',1,0,NULL),(1516,3,7,'B1',1,0,NULL),(1517,3,7,'B2',1,0,NULL),(1518,3,7,'B3',1,0,NULL),(1519,3,7,'B4',1,0,NULL),(1520,3,7,'B5',1,0,NULL),(1521,3,7,'B6',1,0,NULL),(1522,3,7,'B7',1,0,NULL),(1523,3,7,'B8',1,0,NULL),(1524,3,7,'B9',1,0,NULL),(1525,3,7,'B10',1,0,NULL),(1526,3,7,'B11',1,0,NULL),(1527,3,7,'B12',1,0,NULL),(1528,3,7,'B13',1,0,NULL),(1529,3,7,'B14',1,0,NULL),(1530,3,7,'B15',1,0,NULL),(1531,3,7,'B16',1,0,NULL),(1532,3,7,'B17',1,0,NULL),(1533,3,7,'B18',1,0,NULL),(1534,3,7,'B19',1,0,NULL),(1535,3,7,'B20',1,0,NULL),(1536,3,7,'B21',1,0,NULL),(1537,3,7,'B22',1,0,NULL),(1538,3,7,'B23',1,0,NULL),(1539,3,7,'B24',1,0,NULL),(1540,3,7,'B25',1,0,NULL),(1541,3,7,'B26',1,0,NULL),(1542,3,7,'C1',1,0,NULL),(1543,3,7,'C2',1,0,NULL),(1544,3,7,'C3',1,0,NULL),(1545,3,7,'C4',1,0,NULL),(1546,3,7,'C5',1,0,NULL),(1547,3,7,'C6',1,0,NULL),(1548,3,7,'C7',1,0,NULL),(1549,3,7,'C8',1,0,NULL),(1550,3,7,'C9',1,0,NULL),(1551,3,7,'C10',1,0,NULL),(1552,3,7,'C11',1,0,NULL),(1553,3,7,'C12',1,0,NULL),(1554,3,7,'C13',1,0,NULL),(1555,3,7,'C14',1,0,NULL),(1556,3,7,'C15',1,0,NULL),(1557,3,7,'C16',1,0,NULL),(1558,3,7,'C17',1,0,NULL),(1559,3,7,'C18',1,0,NULL),(1560,3,7,'C19',1,0,NULL),(1561,3,7,'C20',1,0,NULL),(1562,3,7,'C21',1,0,NULL),(1563,3,7,'C22',1,0,NULL),(1564,3,7,'C23',1,0,NULL),(1565,3,7,'C24',1,0,NULL),(1566,3,7,'C25',1,0,NULL),(1567,3,7,'C26',1,0,NULL),(1568,3,7,'C27',1,0,NULL),(1569,3,7,'D1',1,0,NULL),(1570,3,7,'D2',1,0,NULL),(1571,3,7,'D3',1,0,NULL),(1572,3,7,'D4',1,0,NULL),(1573,3,7,'D5',1,0,NULL),(1574,3,7,'D6',1,0,NULL),(1575,3,7,'D7',1,0,NULL),(1576,3,7,'D8',1,0,NULL),(1577,3,7,'D9',1,0,NULL),(1578,3,7,'D10',1,0,NULL),(1579,3,7,'D11',1,0,NULL),(1580,3,7,'D12',1,0,NULL),(1581,3,7,'D13',1,0,NULL),(1582,3,7,'D14',1,0,NULL),(1583,3,7,'D15',1,0,NULL),(1584,3,7,'D16',1,0,NULL),(1585,3,7,'D17',1,0,NULL),(1586,3,7,'D18',1,0,NULL),(1587,3,7,'D19',1,0,NULL),(1588,3,7,'D20',1,0,NULL),(1589,3,7,'D21',1,0,NULL),(1590,3,7,'D22',1,0,NULL),(1591,3,7,'D23',1,0,NULL),(1592,3,7,'D24',1,0,NULL),(1593,3,7,'D25',1,0,NULL),(1594,3,7,'D26',1,0,NULL),(1595,3,7,'D27',1,0,NULL),(1596,3,7,'D28',1,0,NULL),(1597,3,7,'E1',1,0,NULL),(1598,3,7,'E2',1,0,NULL),(1599,3,7,'E3',1,0,NULL),(1600,3,7,'E4',1,0,NULL),(1601,3,7,'E5',1,0,NULL),(1602,3,7,'E6',1,0,NULL),(1603,3,7,'E7',1,0,NULL),(1604,3,7,'E8',1,0,NULL),(1605,3,7,'E9',1,0,NULL),(1606,3,7,'E10',1,0,NULL),(1607,3,7,'E11',1,0,NULL),(1608,3,7,'E12',1,0,NULL),(1609,3,7,'E13',1,0,NULL),(1610,3,7,'E14',1,0,NULL),(1611,3,7,'E15',1,0,NULL),(1612,3,7,'E16',1,0,NULL),(1613,3,7,'E17',1,0,NULL),(1614,3,7,'E18',1,0,NULL),(1615,3,7,'E19',1,0,NULL),(1616,3,7,'E20',1,0,NULL),(1617,3,7,'E21',1,0,NULL),(1618,3,7,'E22',1,0,NULL),(1619,3,7,'E23',1,0,NULL),(1620,3,7,'E24',1,0,NULL),(1621,3,7,'E25',1,0,NULL),(1622,3,7,'E26',1,0,NULL),(1623,3,7,'E27',1,0,NULL),(1624,3,7,'E28',1,0,NULL),(1625,3,7,'F1',1,0,NULL),(1626,3,7,'F2',1,0,NULL),(1627,3,7,'F3',1,0,NULL),(1628,3,7,'F4',1,0,NULL),(1629,3,7,'F5',1,0,NULL),(1630,3,7,'F6',1,0,NULL),(1631,3,7,'F7',1,0,NULL),(1632,3,7,'F8',1,0,NULL),(1633,3,7,'F9',1,0,NULL),(1634,3,7,'F10',1,0,NULL),(1635,3,7,'F11',1,0,NULL),(1636,3,7,'F12',1,0,NULL),(1637,3,7,'F13',1,0,NULL),(1638,3,7,'F14',1,0,NULL),(1639,3,7,'F15',1,0,NULL),(1640,3,7,'F16',1,0,NULL),(1641,3,7,'F17',1,0,NULL),(1642,3,7,'F18',1,0,NULL),(1643,3,7,'F19',1,0,NULL),(1644,3,7,'F20',1,0,NULL),(1645,3,7,'F21',1,0,NULL),(1646,3,7,'F22',1,0,NULL),(1647,3,7,'F23',1,0,NULL),(1648,3,7,'F24',1,0,NULL),(1649,3,7,'F25',1,0,NULL),(1650,3,7,'F26',1,0,NULL),(1651,3,7,'F27',1,0,NULL),(1652,3,7,'F28',1,0,NULL),(1653,3,7,'F29',1,0,NULL),(1654,3,7,'F30',1,0,NULL),(1655,3,7,'G1',1,0,NULL),(1656,3,7,'G2',1,0,NULL),(1657,3,7,'G3',1,0,NULL),(1658,3,7,'G4',1,0,NULL),(1659,3,7,'G5',1,0,NULL),(1660,3,7,'G6',1,0,NULL),(1661,3,7,'G7',1,0,NULL),(1662,3,7,'G8',1,0,NULL),(1663,3,7,'G9',1,0,NULL),(1664,3,7,'G10',1,0,NULL),(1665,3,7,'G11',1,0,NULL),(1666,3,7,'G12',1,0,NULL),(1667,3,7,'G13',1,0,NULL),(1668,3,7,'G14',1,0,NULL),(1669,3,7,'G15',1,0,NULL),(1670,3,7,'G16',1,0,NULL),(1671,3,7,'G17',1,0,NULL),(1672,3,7,'G18',1,0,NULL),(1673,3,7,'G19',1,0,NULL),(1674,3,7,'G20',1,0,NULL),(1675,3,7,'G21',1,0,NULL),(1676,3,7,'G22',1,0,NULL),(1677,3,7,'G23',1,0,NULL),(1678,3,7,'G24',1,0,NULL),(1679,3,7,'G25',1,0,NULL),(1680,3,7,'G26',1,0,NULL),(1681,3,7,'G27',1,0,NULL),(1682,3,7,'G28',1,0,NULL),(1683,3,7,'G29',1,0,NULL),(1684,3,7,'G30',1,0,NULL),(1685,3,7,'H1',1,0,NULL),(1686,3,7,'H2',1,0,NULL),(1687,3,7,'H3',1,0,NULL),(1688,3,7,'H4',1,0,NULL),(1689,3,7,'H5',1,0,NULL),(1690,3,7,'H6',1,0,NULL),(1691,3,7,'H7',1,0,NULL),(1692,3,7,'H8',1,0,NULL),(1693,3,7,'H9',1,0,NULL),(1694,3,7,'H10',1,0,NULL),(1695,3,7,'H11',1,0,NULL),(1696,3,7,'H12',1,0,NULL),(1697,3,7,'H13',1,0,NULL),(1698,3,7,'H14',1,0,NULL),(1699,3,7,'H15',1,0,NULL),(1700,3,7,'H16',1,0,NULL),(1701,3,7,'H17',1,0,NULL),(1702,3,7,'H18',1,0,NULL),(1703,3,7,'H19',1,0,NULL),(1704,3,7,'H20',1,0,NULL),(1705,3,7,'H21',1,0,NULL),(1706,3,7,'H22',1,0,NULL),(1707,3,7,'H23',1,0,NULL),(1708,3,7,'H24',1,0,NULL),(1709,3,7,'H25',1,0,NULL),(1710,3,7,'H26',1,0,NULL),(1711,3,7,'H27',1,0,NULL),(1712,3,7,'H28',1,0,NULL),(1713,3,7,'H29',1,0,NULL),(1714,3,7,'H30',1,0,NULL),(1715,3,7,'H31',1,0,NULL),(1716,3,7,'I1',1,0,NULL),(1717,3,7,'I2',1,0,NULL),(1718,3,7,'I3',1,0,NULL),(1719,3,7,'I4',1,0,NULL),(1720,3,7,'I5',1,0,NULL),(1721,3,7,'I6',1,0,NULL),(1722,3,7,'I7',1,0,NULL),(1723,3,7,'I8',1,0,NULL),(1724,3,7,'I9',1,0,NULL),(1725,3,7,'I10',1,0,NULL),(1726,3,7,'I11',1,0,NULL),(1727,3,7,'I12',1,0,NULL),(1728,3,7,'I13',1,0,NULL),(1729,3,7,'I14',1,0,NULL),(1730,3,7,'I15',1,0,NULL),(1731,3,7,'I16',1,0,NULL),(1732,3,7,'I17',1,0,NULL),(1733,3,7,'I18',1,0,NULL),(1734,3,7,'I19',1,1,NULL),(1735,3,7,'I20',1,1,NULL),(1736,3,7,'I21',1,1,NULL),(1737,3,7,'I22',1,1,NULL),(1738,3,7,'I23',1,1,NULL),(1739,3,7,'I24',1,1,NULL),(1740,3,7,'I25',1,1,NULL),(1741,3,7,'I26',1,1,NULL),(1742,3,7,'I27',1,1,NULL),(1743,3,7,'I28',1,1,NULL),(1744,3,8,'A1',1,0,NULL),(1745,3,8,'A2',1,0,NULL),(1746,3,8,'A3',1,0,NULL),(1747,3,8,'A4',1,0,NULL),(1748,3,8,'A5',1,0,NULL),(1749,3,8,'A6',1,0,NULL),(1750,3,8,'A7',1,0,NULL),(1751,3,8,'A8',1,0,NULL),(1752,3,8,'A9',1,0,NULL),(1753,3,8,'A10',1,0,NULL),(1754,3,8,'A11',1,0,NULL),(1755,3,8,'A12',1,0,NULL),(1756,3,8,'A13',1,0,NULL),(1757,3,8,'A14',1,0,NULL),(1758,3,8,'A15',1,0,NULL),(1759,3,8,'A16',1,0,NULL),(1760,3,8,'A17',1,0,NULL),(1761,3,8,'A18',1,0,NULL),(1762,3,8,'A19',1,0,NULL),(1763,3,8,'A20',1,0,NULL),(1764,3,8,'A21',1,0,NULL),(1765,3,8,'B1',1,0,NULL),(1766,3,8,'B2',1,0,NULL),(1767,3,8,'B3',1,0,NULL),(1768,3,8,'B4',1,0,NULL),(1769,3,8,'B5',1,0,NULL),(1770,3,8,'B6',1,0,NULL),(1771,3,8,'B7',1,0,NULL),(1772,3,8,'B8',1,0,NULL),(1773,3,8,'B9',1,0,NULL),(1774,3,8,'B10',1,0,NULL),(1775,3,8,'B11',1,0,NULL),(1776,3,8,'B12',1,0,NULL),(1777,3,8,'B13',1,0,NULL),(1778,3,8,'B14',1,0,NULL),(1779,3,8,'B15',1,0,NULL),(1780,3,8,'B16',1,0,NULL),(1781,3,8,'B17',1,0,NULL),(1782,3,8,'B18',1,0,NULL),(1783,3,8,'B19',1,0,NULL),(1784,3,8,'B20',1,0,NULL),(1785,3,8,'B21',1,0,NULL),(1786,3,8,'B22',1,0,NULL),(1787,3,8,'B23',1,0,NULL),(1788,3,8,'B24',1,0,NULL),(1789,3,8,'B25',1,0,NULL),(1790,3,8,'B26',1,0,NULL),(1791,3,8,'C1',1,0,NULL),(1792,3,8,'C2',1,0,NULL),(1793,3,8,'C3',1,0,NULL),(1794,3,8,'C4',1,0,NULL),(1795,3,8,'C5',1,0,NULL),(1796,3,8,'C6',1,0,NULL),(1797,3,8,'C7',1,0,NULL),(1798,3,8,'C8',1,0,NULL),(1799,3,8,'C9',1,0,NULL),(1800,3,8,'C10',1,0,NULL),(1801,3,8,'C11',1,0,NULL),(1802,3,8,'C12',1,0,NULL),(1803,3,8,'C13',1,0,NULL),(1804,3,8,'C14',1,0,NULL),(1805,3,8,'C15',1,0,NULL),(1806,3,8,'C16',1,0,NULL),(1807,3,8,'C17',1,0,NULL),(1808,3,8,'C18',1,0,NULL),(1809,3,8,'C19',1,0,NULL),(1810,3,8,'C20',1,0,NULL),(1811,3,8,'C21',1,0,NULL),(1812,3,8,'C22',1,0,NULL),(1813,3,8,'C23',1,0,NULL),(1814,3,8,'C24',1,0,NULL),(1815,3,8,'C25',1,0,NULL),(1816,3,8,'C26',1,0,NULL),(1817,3,8,'C27',1,0,NULL),(1818,3,8,'D1',1,0,NULL),(1819,3,8,'D2',1,0,NULL),(1820,3,8,'D3',1,0,NULL),(1821,3,8,'D4',1,0,NULL),(1822,3,8,'D5',1,0,NULL),(1823,3,8,'D6',1,0,NULL),(1824,3,8,'D7',1,0,NULL),(1825,3,8,'D8',1,0,NULL),(1826,3,8,'D9',1,0,NULL),(1827,3,8,'D10',1,0,NULL),(1828,3,8,'D11',1,0,NULL),(1829,3,8,'D12',1,0,NULL),(1830,3,8,'D13',1,0,NULL),(1831,3,8,'D14',1,0,NULL),(1832,3,8,'D15',1,0,NULL),(1833,3,8,'D16',1,0,NULL),(1834,3,8,'D17',1,0,NULL),(1835,3,8,'D18',1,0,NULL),(1836,3,8,'D19',1,0,NULL),(1837,3,8,'D20',1,0,NULL),(1838,3,8,'D21',1,0,NULL),(1839,3,8,'D22',1,0,NULL),(1840,3,8,'D23',1,0,NULL),(1841,3,8,'D24',1,0,NULL),(1842,3,8,'D25',1,0,NULL),(1843,3,8,'D26',1,0,NULL),(1844,3,8,'D27',1,0,NULL),(1845,3,8,'D28',1,0,NULL),(1846,3,8,'E1',1,0,NULL),(1847,3,8,'E2',1,0,NULL),(1848,3,8,'E3',1,0,NULL),(1849,3,8,'E4',1,0,NULL),(1850,3,8,'E5',1,0,NULL),(1851,3,8,'E6',1,0,NULL),(1852,3,8,'E7',1,0,NULL),(1853,3,8,'E8',1,0,NULL),(1854,3,8,'E9',1,0,NULL),(1855,3,8,'E10',1,0,NULL),(1856,3,8,'E11',1,0,NULL),(1857,3,8,'E12',1,0,NULL),(1858,3,8,'E13',1,0,NULL),(1859,3,8,'E14',1,0,NULL),(1860,3,8,'E15',1,0,NULL),(1861,3,8,'E16',1,0,NULL),(1862,3,8,'E17',1,0,NULL),(1863,3,8,'E18',1,0,NULL),(1864,3,8,'E19',1,0,NULL),(1865,3,8,'E20',1,0,NULL),(1866,3,8,'E21',1,0,NULL),(1867,3,8,'E22',1,0,NULL),(1868,3,8,'E23',1,0,NULL),(1869,3,8,'E24',1,0,NULL),(1870,3,8,'E25',1,0,NULL),(1871,3,8,'E26',1,0,NULL),(1872,3,8,'E27',1,0,NULL),(1873,3,8,'E28',1,0,NULL),(1874,3,8,'F1',1,0,NULL),(1875,3,8,'F2',1,0,NULL),(1876,3,8,'F3',1,0,NULL),(1877,3,8,'F4',1,0,NULL),(1878,3,8,'F5',1,0,NULL),(1879,3,8,'F6',1,0,NULL),(1880,3,8,'F7',1,0,NULL),(1881,3,8,'F8',1,0,NULL),(1882,3,8,'F9',1,0,NULL),(1883,3,8,'F10',1,0,NULL),(1884,3,8,'F11',1,0,NULL),(1885,3,8,'F12',1,0,NULL),(1886,3,8,'F13',1,0,NULL),(1887,3,8,'F14',1,0,NULL),(1888,3,8,'F15',1,0,NULL),(1889,3,8,'F16',1,0,NULL),(1890,3,8,'F17',1,0,NULL),(1891,3,8,'F18',1,0,NULL),(1892,3,8,'F19',1,0,NULL),(1893,3,8,'F20',1,0,NULL),(1894,3,8,'F21',1,0,NULL),(1895,3,8,'F22',1,0,NULL),(1896,3,8,'F23',1,0,NULL),(1897,3,8,'F24',1,0,NULL),(1898,3,8,'F25',1,0,NULL),(1899,3,8,'F26',1,0,NULL),(1900,3,8,'F27',1,0,NULL),(1901,3,8,'F28',1,0,NULL),(1902,3,8,'F29',1,0,NULL),(1903,3,8,'F30',1,0,NULL),(1904,3,8,'G1',1,0,NULL),(1905,3,8,'G2',1,0,NULL),(1906,3,8,'G3',1,0,NULL),(1907,3,8,'G4',1,0,NULL),(1908,3,8,'G5',1,0,NULL),(1909,3,8,'G6',1,0,NULL),(1910,3,8,'G7',1,0,NULL),(1911,3,8,'G8',1,0,NULL),(1912,3,8,'G9',1,0,NULL),(1913,3,8,'G10',1,0,NULL),(1914,3,8,'G11',1,0,NULL),(1915,3,8,'G12',1,0,NULL),(1916,3,8,'G13',1,0,NULL),(1917,3,8,'G14',1,0,NULL),(1918,3,8,'G15',1,0,NULL),(1919,3,8,'G16',1,0,NULL),(1920,3,8,'G17',1,0,NULL),(1921,3,8,'G18',1,0,NULL),(1922,3,8,'G19',1,0,NULL),(1923,3,8,'G20',1,0,NULL),(1924,3,8,'G21',1,0,NULL),(1925,3,8,'G22',1,0,NULL),(1926,3,8,'G23',1,0,NULL),(1927,3,8,'G24',1,0,NULL),(1928,3,8,'G25',1,0,NULL),(1929,3,8,'G26',1,0,NULL),(1930,3,8,'G27',1,0,NULL),(1931,3,8,'G28',1,0,NULL),(1932,3,8,'G29',1,0,NULL),(1933,3,8,'G30',1,0,NULL),(1934,3,8,'H1',1,0,NULL),(1935,3,8,'H2',1,0,NULL),(1936,3,8,'H3',1,0,NULL),(1937,3,8,'H4',1,0,NULL),(1938,3,8,'H5',1,0,NULL),(1939,3,8,'H6',1,0,NULL),(1940,3,8,'H7',1,0,NULL),(1941,3,8,'H8',1,0,NULL),(1942,3,8,'H9',1,0,NULL),(1943,3,8,'H10',1,0,NULL),(1944,3,8,'H11',1,0,NULL),(1945,3,8,'H12',1,0,NULL),(1946,3,8,'H13',1,0,NULL),(1947,3,8,'H14',1,0,NULL),(1948,3,8,'H15',1,0,NULL),(1949,3,8,'H16',1,0,NULL),(1950,3,8,'H17',1,0,NULL),(1951,3,8,'H18',1,0,NULL),(1952,3,8,'H19',1,0,NULL),(1953,3,8,'H20',1,0,NULL),(1954,3,8,'H21',1,0,NULL),(1955,3,8,'H22',1,0,NULL),(1956,3,8,'H23',1,0,NULL),(1957,3,8,'H24',1,0,NULL),(1958,3,8,'H25',1,0,NULL),(1959,3,8,'H26',1,0,NULL),(1960,3,8,'H27',1,0,NULL),(1961,3,8,'H28',1,0,NULL),(1962,3,8,'H29',1,0,NULL),(1963,3,8,'H30',1,0,NULL),(1964,3,8,'H31',1,0,NULL),(1965,3,8,'I1',1,0,NULL),(1966,3,8,'I2',1,0,NULL),(1967,3,8,'I3',1,0,NULL),(1968,3,8,'I4',1,0,NULL),(1969,3,8,'I5',1,0,NULL),(1970,3,8,'I6',1,0,NULL),(1971,3,8,'I7',1,0,NULL),(1972,3,8,'I8',1,0,NULL),(1973,3,8,'I9',1,0,NULL),(1974,3,8,'I10',1,0,NULL),(1975,3,8,'I11',1,0,NULL),(1976,3,8,'I12',1,0,NULL),(1977,3,8,'I13',1,0,NULL),(1978,3,8,'I14',1,0,NULL),(1979,3,8,'I15',1,0,NULL),(1980,3,8,'I16',1,0,NULL),(1981,3,8,'I17',1,0,NULL),(1982,3,8,'I18',1,0,NULL),(1983,3,8,'I19',1,1,NULL),(1984,3,8,'I20',1,1,NULL),(1985,3,8,'I21',1,1,NULL),(1986,3,8,'I22',1,1,NULL),(1987,3,8,'I23',1,1,NULL),(1988,3,8,'I24',1,1,NULL),(1989,3,8,'I25',1,1,NULL),(1990,3,8,'I26',1,1,NULL),(1991,3,8,'I27',1,1,NULL),(1992,3,8,'I28',1,1,NULL),(1993,6,11,'A1',1,0,NULL),(1994,6,11,'A2',1,0,NULL),(1995,6,11,'A3',1,0,NULL),(1996,6,11,'A4',1,0,NULL),(1997,6,11,'A5',1,0,NULL),(1998,6,11,'A6',1,0,NULL),(1999,6,11,'A7',1,0,NULL),(2000,6,11,'A8',1,0,NULL),(2001,6,11,'A9',1,0,NULL),(2002,6,11,'A10',1,0,NULL),(2003,6,11,'A11',1,0,NULL),(2004,6,11,'A12',1,0,NULL),(2005,6,11,'A13',1,0,NULL),(2006,6,11,'B1',1,0,NULL),(2007,6,11,'B2',1,0,NULL),(2008,6,11,'B3',1,0,NULL),(2009,6,11,'B4',1,0,NULL),(2010,6,11,'B5',1,0,NULL),(2011,6,11,'B6',1,0,NULL),(2012,6,11,'B7',1,0,NULL),(2013,6,11,'B8',1,0,NULL),(2014,6,11,'B9',1,0,NULL),(2015,6,11,'B10',1,0,NULL),(2016,6,11,'B11',1,0,NULL),(2017,6,11,'B12',1,0,NULL),(2018,6,11,'B13',1,0,NULL),(2019,6,11,'C1',1,1,NULL),(2020,6,11,'C2',1,1,NULL),(2021,6,11,'C3',1,1,NULL),(2022,6,11,'C4',1,1,NULL),(2023,6,11,'C5',1,1,NULL),(2024,6,11,'C6',1,1,NULL),(2025,6,11,'C7',1,1,NULL),(2026,6,11,'C8',1,1,NULL),(2027,6,11,'C9',1,1,NULL),(2028,6,11,'C10',1,1,NULL),(2029,6,11,'D1',1,0,NULL),(2030,6,11,'D2',1,0,NULL),(2031,6,11,'D3',1,0,NULL),(2032,6,11,'D4',1,0,NULL),(2033,6,11,'D5',1,0,NULL),(2034,6,11,'D6',1,0,NULL),(2035,6,11,'D7',1,0,NULL),(2036,6,11,'D8',1,0,NULL),(2037,6,11,'D9',1,0,NULL),(2038,6,11,'D10',1,0,NULL),(2039,6,11,'D11',1,0,NULL),(2040,6,11,'D12',1,0,NULL),(2041,6,11,'E1',1,0,NULL),(2042,6,11,'E2',1,0,NULL),(2043,6,11,'E3',1,0,NULL),(2044,6,11,'E4',1,0,NULL),(2045,6,11,'E5',1,0,NULL),(2046,6,11,'E6',1,0,NULL),(2047,6,11,'E7',1,0,NULL),(2048,6,11,'E8',1,0,NULL),(2049,6,11,'E9',1,0,NULL),(2050,6,11,'E10',1,0,NULL),(2051,6,11,'E11',1,0,NULL),(2052,6,11,'E12',1,0,NULL),(2053,6,11,'F1',1,0,NULL),(2054,6,11,'F2',1,0,NULL),(2055,6,11,'F3',1,0,NULL),(2056,6,11,'F4',1,0,NULL),(2057,6,11,'F5',1,0,NULL),(2058,6,11,'F6',1,0,NULL),(2059,6,11,'F7',1,0,NULL),(2060,6,11,'F8',1,0,NULL),(2061,6,11,'F9',1,0,NULL),(2062,6,11,'F10',1,0,NULL),(2063,6,11,'F11',1,0,NULL),(2064,6,11,'F12',1,0,NULL),(2065,6,11,'G1',1,0,NULL),(2066,6,11,'G2',1,0,NULL),(2067,6,11,'G3',1,0,NULL),(2068,6,11,'G4',1,0,NULL),(2069,6,11,'G5',1,0,NULL),(2070,6,11,'G6',1,0,NULL),(2071,6,11,'G7',1,0,NULL),(2072,6,11,'G8',1,0,NULL),(2073,6,11,'G9',1,0,NULL),(2074,6,11,'G10',1,0,NULL),(2075,6,11,'G11',1,0,NULL),(2076,6,11,'G12',1,0,NULL),(2077,6,11,'H1',1,0,NULL),(2078,6,11,'H2',1,0,NULL),(2079,6,11,'H3',1,0,NULL),(2080,6,11,'H4',1,0,NULL),(2081,6,11,'H5',1,0,NULL),(2082,6,11,'H6',1,0,NULL),(2083,6,11,'H7',1,0,NULL),(2084,6,11,'H8',1,0,NULL),(2085,6,11,'H9',1,0,NULL),(2086,6,11,'H10',1,0,NULL),(2087,6,11,'H11',1,0,NULL),(2088,6,11,'H12',1,0,NULL),(2089,6,11,'I1',1,0,NULL),(2090,6,11,'I2',1,0,NULL),(2091,6,11,'I3',1,0,NULL),(2092,6,11,'I4',1,0,NULL),(2093,6,11,'I5',1,0,NULL),(2094,6,11,'I6',1,0,NULL),(2095,6,11,'I7',1,0,NULL),(2096,6,11,'I8',1,0,NULL),(2097,6,11,'I9',1,0,NULL),(2098,6,11,'I10',1,0,NULL),(2099,6,11,'I11',1,0,NULL),(2100,6,11,'I12',1,0,NULL),(2101,6,11,'I13',1,0,NULL),(2102,6,11,'I14',1,0,NULL),(2103,6,11,'I15',1,0,NULL),(2104,6,12,'A1',1,0,NULL),(2105,6,12,'A2',1,0,NULL),(2106,6,12,'A3',1,0,NULL),(2107,6,12,'A4',1,0,NULL),(2108,6,12,'A5',1,0,NULL),(2109,6,12,'A6',1,0,NULL),(2110,6,12,'A7',1,0,NULL),(2111,6,12,'A8',1,0,NULL),(2112,6,12,'A9',1,0,NULL),(2113,6,12,'A10',1,0,NULL),(2114,6,12,'A11',1,0,NULL),(2115,6,12,'A12',1,0,NULL),(2116,6,12,'A13',1,0,NULL),(2117,6,12,'B1',1,0,NULL),(2118,6,12,'B2',1,0,NULL),(2119,6,12,'B3',1,0,NULL),(2120,6,12,'B4',1,0,NULL),(2121,6,12,'B5',1,0,NULL),(2122,6,12,'B6',1,0,NULL),(2123,6,12,'B7',1,0,NULL),(2124,6,12,'B8',1,0,NULL),(2125,6,12,'B9',1,0,NULL),(2126,6,12,'B10',1,0,NULL),(2127,6,12,'B11',1,0,NULL),(2128,6,12,'B12',1,0,NULL),(2129,6,12,'B13',1,0,NULL),(2130,6,12,'C1',1,1,NULL),(2131,6,12,'C2',1,1,NULL),(2132,6,12,'C3',1,1,NULL),(2133,6,12,'C4',1,1,NULL),(2134,6,12,'C5',1,1,NULL),(2135,6,12,'C6',1,1,NULL),(2136,6,12,'C7',1,1,NULL),(2137,6,12,'C8',1,1,NULL),(2138,6,12,'C9',1,1,NULL),(2139,6,12,'C10',1,1,NULL),(2140,6,12,'D1',1,0,NULL),(2141,6,12,'D2',1,0,NULL),(2142,6,12,'D3',1,0,NULL),(2143,6,12,'D4',1,0,NULL),(2144,6,12,'D5',1,0,NULL),(2145,6,12,'D6',1,0,NULL),(2146,6,12,'D7',1,0,NULL),(2147,6,12,'D8',1,0,NULL),(2148,6,12,'D9',1,0,NULL),(2149,6,12,'D10',1,0,NULL),(2150,6,12,'D11',1,0,NULL),(2151,6,12,'D12',1,0,NULL),(2152,6,12,'E1',1,0,NULL),(2153,6,12,'E2',1,0,NULL),(2154,6,12,'E3',1,0,NULL),(2155,6,12,'E4',1,0,NULL),(2156,6,12,'E5',1,0,NULL),(2157,6,12,'E6',1,0,NULL),(2158,6,12,'E7',1,0,NULL),(2159,6,12,'E8',1,0,NULL),(2160,6,12,'E9',1,0,NULL),(2161,6,12,'E10',1,0,NULL),(2162,6,12,'E11',1,0,NULL),(2163,6,12,'E12',1,0,NULL),(2164,6,12,'F1',1,0,NULL),(2165,6,12,'F2',1,0,NULL),(2166,6,12,'F3',1,0,NULL),(2167,6,12,'F4',1,0,NULL),(2168,6,12,'F5',1,0,NULL),(2169,6,12,'F6',1,0,NULL),(2170,6,12,'F7',1,0,NULL),(2171,6,12,'F8',1,0,NULL),(2172,6,12,'F9',1,0,NULL),(2173,6,12,'F10',1,0,NULL),(2174,6,12,'F11',1,0,NULL),(2175,6,12,'F12',1,0,NULL),(2176,6,12,'G1',1,0,NULL),(2177,6,12,'G2',1,0,NULL),(2178,6,12,'G3',1,0,NULL),(2179,6,12,'G4',1,0,NULL),(2180,6,12,'G5',1,0,NULL),(2181,6,12,'G6',1,0,NULL),(2182,6,12,'G7',1,0,NULL),(2183,6,12,'G8',1,0,NULL),(2184,6,12,'G9',1,0,NULL),(2185,6,12,'G10',1,0,NULL),(2186,6,12,'G11',1,0,NULL),(2187,6,12,'G12',1,0,NULL),(2188,6,12,'H1',1,0,NULL),(2189,6,12,'H2',1,0,NULL),(2190,6,12,'H3',1,0,NULL),(2191,6,12,'H4',1,0,NULL),(2192,6,12,'H5',1,0,NULL),(2193,6,12,'H6',1,0,NULL),(2194,6,12,'H7',1,0,NULL),(2195,6,12,'H8',1,0,NULL),(2196,6,12,'H9',1,0,NULL),(2197,6,12,'H10',1,0,NULL),(2198,6,12,'H11',1,0,NULL),(2199,6,12,'H12',1,0,NULL),(2200,6,12,'I1',1,0,NULL),(2201,6,12,'I2',1,0,NULL),(2202,6,12,'I3',1,0,NULL),(2203,6,12,'I4',1,0,NULL),(2204,6,12,'I5',1,0,NULL),(2205,6,12,'I6',1,0,NULL),(2206,6,12,'I7',1,0,NULL),(2207,6,12,'I8',1,0,NULL),(2208,6,12,'I9',1,0,NULL),(2209,6,12,'I10',1,0,NULL),(2210,6,12,'I11',1,0,NULL),(2211,6,12,'I12',1,0,NULL),(2212,6,12,'I13',1,0,NULL),(2213,6,12,'I14',1,0,NULL),(2214,6,12,'I15',1,0,NULL),(2215,6,13,'A1',1,0,NULL),(2216,6,13,'A2',1,0,NULL),(2217,6,13,'A3',1,0,NULL),(2218,6,13,'A4',1,0,NULL),(2219,6,13,'A5',1,0,NULL),(2220,6,13,'A6',1,0,NULL),(2221,6,13,'A7',1,0,NULL),(2222,6,13,'A8',1,0,NULL),(2223,6,13,'A9',1,0,NULL),(2224,6,13,'A10',1,0,NULL),(2225,6,13,'A11',1,0,NULL),(2226,6,13,'A12',1,0,NULL),(2227,6,13,'A13',1,0,NULL),(2228,6,13,'B1',1,0,NULL),(2229,6,13,'B2',1,0,NULL),(2230,6,13,'B3',1,0,NULL),(2231,6,13,'B4',1,0,NULL),(2232,6,13,'B5',1,0,NULL),(2233,6,13,'B6',1,0,NULL),(2234,6,13,'B7',1,0,NULL),(2235,6,13,'B8',1,0,NULL),(2236,6,13,'B9',1,0,NULL),(2237,6,13,'B10',1,0,NULL),(2238,6,13,'B11',1,0,NULL),(2239,6,13,'B12',1,0,NULL),(2240,6,13,'B13',1,0,NULL),(2241,6,13,'C1',1,1,NULL),(2242,6,13,'C2',1,1,NULL),(2243,6,13,'C3',1,1,NULL),(2244,6,13,'C4',1,1,NULL),(2245,6,13,'C5',1,1,NULL),(2246,6,13,'C6',1,1,NULL),(2247,6,13,'C7',1,1,NULL),(2248,6,13,'C8',1,1,NULL),(2249,6,13,'C9',1,1,NULL),(2250,6,13,'C10',1,1,NULL),(2251,6,13,'D1',1,0,NULL),(2252,6,13,'D2',1,0,NULL),(2253,6,13,'D3',1,0,NULL),(2254,6,13,'D4',1,0,NULL),(2255,6,13,'D5',1,0,NULL),(2256,6,13,'D6',1,0,NULL),(2257,6,13,'D7',1,0,NULL),(2258,6,13,'D8',1,0,NULL),(2259,6,13,'D9',1,0,NULL),(2260,6,13,'D10',1,0,NULL),(2261,6,13,'D11',1,0,NULL),(2262,6,13,'D12',1,0,NULL),(2263,6,13,'E1',1,0,NULL),(2264,6,13,'E2',1,0,NULL),(2265,6,13,'E3',1,0,NULL),(2266,6,13,'E4',1,0,NULL),(2267,6,13,'E5',1,0,NULL),(2268,6,13,'E6',1,0,NULL),(2269,6,13,'E7',1,0,NULL),(2270,6,13,'E8',1,0,NULL),(2271,6,13,'E9',1,0,NULL),(2272,6,13,'E10',1,0,NULL),(2273,6,13,'E11',1,0,NULL),(2274,6,13,'E12',1,0,NULL),(2275,6,13,'F1',1,0,NULL),(2276,6,13,'F2',1,0,NULL),(2277,6,13,'F3',1,0,NULL),(2278,6,13,'F4',1,0,NULL),(2279,6,13,'F5',1,0,NULL),(2280,6,13,'F6',1,0,NULL),(2281,6,13,'F7',1,0,NULL),(2282,6,13,'F8',1,0,NULL),(2283,6,13,'F9',1,0,NULL),(2284,6,13,'F10',1,0,NULL),(2285,6,13,'F11',1,0,NULL),(2286,6,13,'F12',1,0,NULL),(2287,6,13,'G1',1,0,NULL),(2288,6,13,'G2',1,0,NULL),(2289,6,13,'G3',1,0,NULL),(2290,6,13,'G4',1,0,NULL),(2291,6,13,'G5',1,0,NULL),(2292,6,13,'G6',1,0,NULL),(2293,6,13,'G7',1,0,NULL),(2294,6,13,'G8',1,0,NULL),(2295,6,13,'G9',1,0,NULL),(2296,6,13,'G10',1,0,NULL),(2297,6,13,'G11',1,0,NULL),(2298,6,13,'G12',1,0,NULL),(2299,6,13,'H1',1,0,NULL),(2300,6,13,'H2',1,0,NULL),(2301,6,13,'H3',1,0,NULL),(2302,6,13,'H4',1,0,NULL),(2303,6,13,'H5',1,0,NULL),(2304,6,13,'H6',1,0,NULL),(2305,6,13,'H7',1,0,NULL),(2306,6,13,'H8',1,0,NULL),(2307,6,13,'H9',1,0,NULL),(2308,6,13,'H10',1,0,NULL),(2309,6,13,'H11',1,0,NULL),(2310,6,13,'H12',1,0,NULL),(2311,6,13,'I1',1,0,NULL),(2312,6,13,'I2',1,0,NULL),(2313,6,13,'I3',1,0,NULL),(2314,6,13,'I4',1,0,NULL),(2315,6,13,'I5',1,0,NULL),(2316,6,13,'I6',1,0,NULL),(2317,6,13,'I7',1,0,NULL),(2318,6,13,'I8',1,0,NULL),(2319,6,13,'I9',1,0,NULL),(2320,6,13,'I10',1,0,NULL),(2321,6,13,'I11',1,0,NULL),(2322,6,13,'I12',1,0,NULL),(2323,6,13,'I13',1,0,NULL),(2324,6,13,'I14',1,0,NULL),(2325,6,13,'I15',1,0,NULL),(2326,6,14,'A1',1,0,NULL),(2327,6,14,'A2',1,0,NULL),(2328,6,14,'A3',1,0,NULL),(2329,6,14,'A4',1,0,NULL),(2330,6,14,'A5',1,0,NULL),(2331,6,14,'A6',1,0,NULL),(2332,6,14,'A7',1,0,NULL),(2333,6,14,'A8',1,0,NULL),(2334,6,14,'A9',1,0,NULL),(2335,6,14,'A10',1,0,NULL),(2336,6,14,'A11',1,0,NULL),(2337,6,14,'A12',1,0,NULL),(2338,6,14,'A13',1,0,NULL),(2339,6,14,'B1',1,0,NULL),(2340,6,14,'B2',1,0,NULL),(2341,6,14,'B3',1,0,NULL),(2342,6,14,'B4',1,0,NULL),(2343,6,14,'B5',1,0,NULL),(2344,6,14,'B6',1,0,NULL),(2345,6,14,'B7',1,0,NULL),(2346,6,14,'B8',1,0,NULL),(2347,6,14,'B9',1,0,NULL),(2348,6,14,'B10',1,0,NULL),(2349,6,14,'B11',1,0,NULL),(2350,6,14,'B12',1,0,NULL),(2351,6,14,'B13',1,0,NULL),(2352,6,14,'C1',1,1,NULL),(2353,6,14,'C2',1,1,NULL),(2354,6,14,'C3',1,1,NULL),(2355,6,14,'C4',1,1,NULL),(2356,6,14,'C5',1,1,NULL),(2357,6,14,'C6',1,1,NULL),(2358,6,14,'C7',1,1,NULL),(2359,6,14,'C8',1,1,NULL),(2360,6,14,'C9',1,1,NULL),(2361,6,14,'C10',1,1,NULL),(2362,6,14,'D1',1,0,NULL),(2363,6,14,'D2',1,0,NULL),(2364,6,14,'D3',1,0,NULL),(2365,6,14,'D4',1,0,NULL),(2366,6,14,'D5',1,0,NULL),(2367,6,14,'D6',1,0,NULL),(2368,6,14,'D7',1,0,NULL),(2369,6,14,'D8',1,0,NULL),(2370,6,14,'D9',1,0,NULL),(2371,6,14,'D10',1,0,NULL),(2372,6,14,'D11',1,0,NULL),(2373,6,14,'D12',1,0,NULL),(2374,6,14,'E1',1,0,NULL),(2375,6,14,'E2',1,0,NULL),(2376,6,14,'E3',1,0,NULL),(2377,6,14,'E4',1,0,NULL),(2378,6,14,'E5',1,0,NULL),(2379,6,14,'E6',1,0,NULL),(2380,6,14,'E7',1,0,NULL),(2381,6,14,'E8',1,0,NULL),(2382,6,14,'E9',1,0,NULL),(2383,6,14,'E10',1,0,NULL),(2384,6,14,'E11',1,0,NULL),(2385,6,14,'E12',1,0,NULL),(2386,6,14,'F1',1,0,NULL),(2387,6,14,'F2',1,0,NULL),(2388,6,14,'F3',1,0,NULL),(2389,6,14,'F4',1,0,NULL),(2390,6,14,'F5',1,0,NULL),(2391,6,14,'F6',1,0,NULL),(2392,6,14,'F7',1,0,NULL),(2393,6,14,'F8',1,0,NULL),(2394,6,14,'F9',1,0,NULL),(2395,6,14,'F10',1,0,NULL),(2396,6,14,'F11',1,0,NULL),(2397,6,14,'F12',1,0,NULL),(2398,6,14,'G1',1,0,NULL),(2399,6,14,'G2',1,0,NULL),(2400,6,14,'G3',1,0,NULL),(2401,6,14,'G4',1,0,NULL),(2402,6,14,'G5',1,0,NULL),(2403,6,14,'G6',1,0,NULL),(2404,6,14,'G7',1,0,NULL),(2405,6,14,'G8',1,0,NULL),(2406,6,14,'G9',1,0,NULL),(2407,6,14,'G10',1,0,NULL),(2408,6,14,'G11',1,0,NULL),(2409,6,14,'G12',1,0,NULL),(2410,6,14,'H1',1,0,NULL),(2411,6,14,'H2',1,0,NULL),(2412,6,14,'H3',1,0,NULL),(2413,6,14,'H4',1,0,NULL),(2414,6,14,'H5',1,0,NULL),(2415,6,14,'H6',1,0,NULL),(2416,6,14,'H7',1,0,NULL),(2417,6,14,'H8',1,0,NULL),(2418,6,14,'H9',1,0,NULL),(2419,6,14,'H10',1,0,NULL),(2420,6,14,'H11',1,0,NULL),(2421,6,14,'H12',1,0,NULL),(2422,6,14,'I1',1,0,NULL),(2423,6,14,'I2',1,0,NULL),(2424,6,14,'I3',1,0,NULL),(2425,6,14,'I4',1,0,NULL),(2426,6,14,'I5',1,0,NULL),(2427,6,14,'I6',1,0,NULL),(2428,6,14,'I7',1,0,NULL),(2429,6,14,'I8',1,0,NULL),(2430,6,14,'I9',1,0,NULL),(2431,6,14,'I10',1,0,NULL),(2432,6,14,'I11',1,0,NULL),(2433,6,14,'I12',1,0,NULL),(2434,6,14,'I13',1,0,NULL),(2435,6,14,'I14',1,0,NULL),(2436,6,14,'I15',1,0,NULL),(2437,6,15,'A1',1,0,NULL),(2438,6,15,'A2',1,0,NULL),(2439,6,15,'A3',1,0,NULL),(2440,6,15,'A4',1,0,NULL),(2441,6,15,'A5',1,0,NULL),(2442,6,15,'A6',1,0,NULL),(2443,6,15,'A7',1,0,NULL),(2444,6,15,'A8',1,0,NULL),(2445,6,15,'A9',1,0,NULL),(2446,6,15,'A10',1,0,NULL),(2447,6,15,'A11',1,0,NULL),(2448,6,15,'A12',1,0,NULL),(2449,6,15,'A13',1,0,NULL),(2450,6,15,'B1',1,0,NULL),(2451,6,15,'B2',1,0,NULL),(2452,6,15,'B3',1,0,NULL),(2453,6,15,'B4',1,0,NULL),(2454,6,15,'B5',1,0,NULL),(2455,6,15,'B6',1,0,NULL),(2456,6,15,'B7',1,0,NULL),(2457,6,15,'B8',1,0,NULL),(2458,6,15,'B9',1,0,NULL),(2459,6,15,'B10',1,0,NULL),(2460,6,15,'B11',1,0,NULL),(2461,6,15,'B12',1,0,NULL),(2462,6,15,'B13',1,0,NULL),(2463,6,15,'C1',1,1,NULL),(2464,6,15,'C2',1,1,NULL),(2465,6,15,'C3',1,1,NULL),(2466,6,15,'C4',1,1,NULL),(2467,6,15,'C5',1,1,NULL),(2468,6,15,'C6',1,1,NULL),(2469,6,15,'C7',1,1,NULL),(2470,6,15,'C8',1,1,NULL),(2471,6,15,'C9',1,1,NULL),(2472,6,15,'C10',1,1,NULL),(2473,6,15,'D1',1,0,NULL),(2474,6,15,'D2',1,0,NULL),(2475,6,15,'D3',1,0,NULL),(2476,6,15,'D4',1,0,NULL),(2477,6,15,'D5',1,0,NULL),(2478,6,15,'D6',1,0,NULL),(2479,6,15,'D7',1,0,NULL),(2480,6,15,'D8',1,0,NULL),(2481,6,15,'D9',1,0,NULL),(2482,6,15,'D10',1,0,NULL),(2483,6,15,'D11',1,0,NULL),(2484,6,15,'D12',1,0,NULL),(2485,6,15,'E1',1,0,NULL),(2486,6,15,'E2',1,0,NULL),(2487,6,15,'E3',1,0,NULL),(2488,6,15,'E4',1,0,NULL),(2489,6,15,'E5',1,0,NULL),(2490,6,15,'E6',1,0,NULL),(2491,6,15,'E7',1,0,NULL),(2492,6,15,'E8',1,0,NULL),(2493,6,15,'E9',1,0,NULL),(2494,6,15,'E10',1,0,NULL),(2495,6,15,'E11',1,0,NULL),(2496,6,15,'E12',1,0,NULL),(2497,6,15,'F1',1,0,NULL),(2498,6,15,'F2',1,0,NULL),(2499,6,15,'F3',1,0,NULL),(2500,6,15,'F4',1,0,NULL),(2501,6,15,'F5',1,0,NULL),(2502,6,15,'F6',1,0,NULL),(2503,6,15,'F7',1,0,NULL),(2504,6,15,'F8',1,0,NULL),(2505,6,15,'F9',1,0,NULL),(2506,6,15,'F10',1,0,NULL),(2507,6,15,'F11',1,0,NULL),(2508,6,15,'F12',1,0,NULL),(2509,6,15,'G1',1,0,NULL),(2510,6,15,'G2',1,0,NULL),(2511,6,15,'G3',1,0,NULL),(2512,6,15,'G4',1,0,NULL),(2513,6,15,'G5',1,0,NULL),(2514,6,15,'G6',1,0,NULL),(2515,6,15,'G7',1,0,NULL),(2516,6,15,'G8',1,0,NULL),(2517,6,15,'G9',1,0,NULL),(2518,6,15,'G10',1,0,NULL),(2519,6,15,'G11',1,0,NULL),(2520,6,15,'G12',1,0,NULL),(2521,6,15,'H1',1,0,NULL),(2522,6,15,'H2',1,0,NULL),(2523,6,15,'H3',1,0,NULL),(2524,6,15,'H4',1,0,NULL),(2525,6,15,'H5',1,0,NULL),(2526,6,15,'H6',1,0,NULL),(2527,6,15,'H7',1,0,NULL),(2528,6,15,'H8',1,0,NULL),(2529,6,15,'H9',1,0,NULL),(2530,6,15,'H10',1,0,NULL),(2531,6,15,'H11',1,0,NULL),(2532,6,15,'H12',1,0,NULL),(2533,6,15,'I1',1,0,NULL),(2534,6,15,'I2',1,0,NULL),(2535,6,15,'I3',1,0,NULL),(2536,6,15,'I4',1,0,NULL),(2537,6,15,'I5',1,0,NULL),(2538,6,15,'I6',1,0,NULL),(2539,6,15,'I7',1,0,NULL),(2540,6,15,'I8',1,0,NULL),(2541,6,15,'I9',1,0,NULL),(2542,6,15,'I10',1,0,NULL),(2543,6,15,'I11',1,0,NULL),(2544,6,15,'I12',1,0,NULL),(2545,6,15,'I13',1,0,NULL),(2546,6,15,'I14',1,0,NULL),(2547,6,15,'I15',1,0,NULL),(2548,10,31,'A1',1,0,NULL),(2549,10,31,'A2',1,0,NULL),(2550,10,31,'A3',1,0,NULL),(2551,10,31,'A4',1,0,NULL),(2552,10,31,'A5',1,0,NULL),(2553,10,31,'A6',1,0,NULL),(2554,10,31,'A7',1,0,NULL),(2555,10,31,'A8',1,0,NULL),(2556,10,31,'A9',1,0,NULL),(2557,10,31,'A10',1,0,NULL),(2558,10,31,'A11',1,0,NULL),(2559,10,31,'A12',1,0,NULL),(2560,10,31,'A13',1,0,NULL),(2561,10,31,'B1',1,0,NULL),(2562,10,31,'B2',1,0,NULL),(2563,10,31,'B3',1,0,NULL),(2564,10,31,'B4',1,0,NULL),(2565,10,31,'B5',1,0,NULL),(2566,10,31,'B6',1,0,NULL),(2567,10,31,'B7',1,0,NULL),(2568,10,31,'B8',1,0,NULL),(2569,10,31,'B9',1,0,NULL),(2570,10,31,'B10',1,0,NULL),(2571,10,31,'B11',1,0,NULL),(2572,10,31,'B12',1,0,NULL),(2573,10,31,'B13',1,0,NULL),(2574,10,31,'C1',1,1,NULL),(2575,10,31,'C2',1,1,NULL),(2576,10,31,'C3',1,1,NULL),(2577,10,31,'C4',1,1,NULL),(2578,10,31,'C5',1,1,NULL),(2579,10,31,'C6',1,1,NULL),(2580,10,31,'C7',1,1,NULL),(2581,10,31,'C8',1,1,NULL),(2582,10,31,'C9',1,1,NULL),(2583,10,31,'C10',1,1,NULL),(2584,10,31,'D1',1,0,NULL),(2585,10,31,'D2',1,0,NULL),(2586,10,31,'D3',1,0,NULL),(2587,10,31,'D4',1,0,NULL),(2588,10,31,'D5',1,0,NULL),(2589,10,31,'D6',1,0,NULL),(2590,10,31,'D7',1,0,NULL),(2591,10,31,'D8',1,0,NULL),(2592,10,31,'D9',1,0,NULL),(2593,10,31,'D10',1,0,NULL),(2594,10,31,'D11',1,0,NULL),(2595,10,31,'D12',1,0,NULL),(2596,10,31,'E1',1,0,NULL),(2597,10,31,'E2',1,0,NULL),(2598,10,31,'E3',1,0,NULL),(2599,10,31,'E4',1,0,NULL),(2600,10,31,'E5',1,0,NULL),(2601,10,31,'E6',1,0,NULL),(2602,10,31,'E7',1,0,NULL),(2603,10,31,'E8',1,0,NULL),(2604,10,31,'E9',1,0,NULL),(2605,10,31,'E10',1,0,NULL),(2606,10,31,'E11',1,0,NULL),(2607,10,31,'E12',1,0,NULL),(2608,10,31,'F1',1,0,NULL),(2609,10,31,'F2',1,0,NULL),(2610,10,31,'F3',1,0,NULL),(2611,10,31,'F4',1,0,NULL),(2612,10,31,'F5',1,0,NULL),(2613,10,31,'F6',1,0,NULL),(2614,10,31,'F7',1,0,NULL),(2615,10,31,'F8',1,0,NULL),(2616,10,31,'F9',1,0,NULL),(2617,10,31,'F10',1,0,NULL),(2618,10,31,'F11',1,0,NULL),(2619,10,31,'F12',1,0,NULL),(2620,10,31,'G1',1,0,NULL),(2621,10,31,'G2',1,0,NULL),(2622,10,31,'G3',1,0,NULL),(2623,10,31,'G4',1,0,NULL),(2624,10,31,'G5',1,0,NULL),(2625,10,31,'G6',1,0,NULL),(2626,10,31,'G7',1,0,NULL),(2627,10,31,'G8',1,0,NULL),(2628,10,31,'G9',1,0,NULL),(2629,10,31,'G10',1,0,NULL),(2630,10,31,'G11',1,0,NULL),(2631,10,31,'G12',1,0,NULL),(2632,10,31,'H1',1,0,NULL),(2633,10,31,'H2',1,0,NULL),(2634,10,31,'H3',1,0,NULL),(2635,10,31,'H4',1,0,NULL),(2636,10,31,'H5',1,0,NULL),(2637,10,31,'H6',1,0,NULL),(2638,10,31,'H7',1,0,NULL),(2639,10,31,'H8',1,0,NULL),(2640,10,31,'H9',1,0,NULL),(2641,10,31,'H10',1,0,NULL),(2642,10,31,'H11',1,0,NULL),(2643,10,31,'H12',1,0,NULL),(2644,10,31,'I1',1,0,NULL),(2645,10,31,'I2',1,0,NULL),(2646,10,31,'I3',1,0,NULL),(2647,10,31,'I4',1,0,NULL),(2648,10,31,'I5',1,0,NULL),(2649,10,31,'I6',1,0,NULL),(2650,10,31,'I7',1,0,NULL),(2651,10,31,'I8',1,0,NULL),(2652,10,31,'I9',1,0,NULL),(2653,10,31,'I10',1,0,NULL),(2654,10,31,'I11',1,0,NULL),(2655,10,31,'I12',1,0,NULL),(2656,10,31,'I13',1,0,NULL),(2657,10,31,'I14',1,0,NULL),(2658,10,31,'I15',1,0,NULL),(2659,10,32,'A1',1,0,NULL),(2660,10,32,'A2',1,0,NULL),(2661,10,32,'A3',1,0,NULL),(2662,10,32,'A4',1,0,NULL),(2663,10,32,'A5',1,0,NULL),(2664,10,32,'A6',1,0,NULL),(2665,10,32,'A7',1,0,NULL),(2666,10,32,'A8',1,0,NULL),(2667,10,32,'A9',1,0,NULL),(2668,10,32,'A10',1,0,NULL),(2669,10,32,'A11',1,0,NULL),(2670,10,32,'A12',1,0,NULL),(2671,10,32,'A13',1,0,NULL),(2672,10,32,'B1',1,0,NULL),(2673,10,32,'B2',1,0,NULL),(2674,10,32,'B3',1,0,NULL),(2675,10,32,'B4',1,0,NULL),(2676,10,32,'B5',1,0,NULL),(2677,10,32,'B6',1,0,NULL),(2678,10,32,'B7',1,0,NULL),(2679,10,32,'B8',1,0,NULL),(2680,10,32,'B9',1,0,NULL),(2681,10,32,'B10',1,0,NULL),(2682,10,32,'B11',1,0,NULL),(2683,10,32,'B12',1,0,NULL),(2684,10,32,'B13',1,0,NULL),(2685,10,32,'C1',1,1,NULL),(2686,10,32,'C2',1,1,NULL),(2687,10,32,'C3',1,1,NULL),(2688,10,32,'C4',1,1,NULL),(2689,10,32,'C5',1,1,NULL),(2690,10,32,'C6',1,1,NULL),(2691,10,32,'C7',1,1,NULL),(2692,10,32,'C8',1,1,NULL),(2693,10,32,'C9',1,1,NULL),(2694,10,32,'C10',1,1,NULL),(2695,10,32,'D1',1,0,NULL),(2696,10,32,'D2',1,0,NULL),(2697,10,32,'D3',1,0,NULL),(2698,10,32,'D4',1,0,NULL),(2699,10,32,'D5',1,0,NULL),(2700,10,32,'D6',1,0,NULL),(2701,10,32,'D7',1,0,NULL),(2702,10,32,'D8',1,0,NULL),(2703,10,32,'D9',1,0,NULL),(2704,10,32,'D10',1,0,NULL),(2705,10,32,'D11',1,0,NULL),(2706,10,32,'D12',1,0,NULL),(2707,10,32,'E1',1,0,NULL),(2708,10,32,'E2',1,0,NULL),(2709,10,32,'E3',1,0,NULL),(2710,10,32,'E4',1,0,NULL),(2711,10,32,'E5',1,0,NULL),(2712,10,32,'E6',1,0,NULL),(2713,10,32,'E7',1,0,NULL),(2714,10,32,'E8',1,0,NULL),(2715,10,32,'E9',1,0,NULL),(2716,10,32,'E10',1,0,NULL),(2717,10,32,'E11',1,0,NULL),(2718,10,32,'E12',1,0,NULL),(2719,10,32,'F1',1,0,NULL),(2720,10,32,'F2',1,0,NULL),(2721,10,32,'F3',1,0,NULL),(2722,10,32,'F4',1,0,NULL),(2723,10,32,'F5',1,0,NULL),(2724,10,32,'F6',1,0,NULL),(2725,10,32,'F7',1,0,NULL),(2726,10,32,'F8',1,0,NULL),(2727,10,32,'F9',1,0,NULL),(2728,10,32,'F10',1,0,NULL),(2729,10,32,'F11',1,0,NULL),(2730,10,32,'F12',1,0,NULL),(2731,10,32,'G1',1,0,NULL),(2732,10,32,'G2',1,0,NULL),(2733,10,32,'G3',1,0,NULL),(2734,10,32,'G4',1,0,NULL),(2735,10,32,'G5',1,0,NULL),(2736,10,32,'G6',1,0,NULL),(2737,10,32,'G7',1,0,NULL),(2738,10,32,'G8',1,0,NULL),(2739,10,32,'G9',1,0,NULL),(2740,10,32,'G10',1,0,NULL),(2741,10,32,'G11',1,0,NULL),(2742,10,32,'G12',1,0,NULL),(2743,10,32,'H1',1,0,NULL),(2744,10,32,'H2',1,0,NULL),(2745,10,32,'H3',1,0,NULL),(2746,10,32,'H4',1,0,NULL),(2747,10,32,'H5',1,0,NULL),(2748,10,32,'H6',1,0,NULL),(2749,10,32,'H7',1,0,NULL),(2750,10,32,'H8',1,0,NULL),(2751,10,32,'H9',1,0,NULL),(2752,10,32,'H10',1,0,NULL),(2753,10,32,'H11',1,0,NULL),(2754,10,32,'H12',1,0,NULL),(2755,10,32,'I1',1,0,NULL),(2756,10,32,'I2',1,0,NULL),(2757,10,32,'I3',1,0,NULL),(2758,10,32,'I4',1,0,NULL),(2759,10,32,'I5',1,0,NULL),(2760,10,32,'I6',1,0,NULL),(2761,10,32,'I7',1,0,NULL),(2762,10,32,'I8',1,0,NULL),(2763,10,32,'I9',1,0,NULL),(2764,10,32,'I10',1,0,NULL),(2765,10,32,'I11',1,0,NULL),(2766,10,32,'I12',1,0,NULL),(2767,10,32,'I13',1,0,NULL),(2768,10,32,'I14',1,0,NULL),(2769,10,32,'I15',1,0,NULL),(2770,10,33,'A1',1,0,NULL),(2771,10,33,'A2',1,0,NULL),(2772,10,33,'A3',1,0,NULL),(2773,10,33,'A4',1,0,NULL),(2774,10,33,'A5',1,0,NULL),(2775,10,33,'A6',1,0,NULL),(2776,10,33,'A7',1,0,NULL),(2777,10,33,'A8',1,0,NULL),(2778,10,33,'A9',1,0,NULL),(2779,10,33,'A10',1,0,NULL),(2780,10,33,'A11',1,0,NULL),(2781,10,33,'A12',1,0,NULL),(2782,10,33,'A13',1,0,NULL),(2783,10,33,'B1',1,0,NULL),(2784,10,33,'B2',1,0,NULL),(2785,10,33,'B3',1,0,NULL),(2786,10,33,'B4',1,0,NULL),(2787,10,33,'B5',1,0,NULL),(2788,10,33,'B6',1,0,NULL),(2789,10,33,'B7',1,0,NULL),(2790,10,33,'B8',1,0,NULL),(2791,10,33,'B9',1,0,NULL),(2792,10,33,'B10',1,0,NULL),(2793,10,33,'B11',1,0,NULL),(2794,10,33,'B12',1,0,NULL),(2795,10,33,'B13',1,0,NULL),(2796,10,33,'C1',1,1,NULL),(2797,10,33,'C2',1,1,NULL),(2798,10,33,'C3',1,1,NULL),(2799,10,33,'C4',1,1,NULL),(2800,10,33,'C5',1,1,NULL),(2801,10,33,'C6',1,1,NULL),(2802,10,33,'C7',1,1,NULL),(2803,10,33,'C8',1,1,NULL),(2804,10,33,'C9',1,1,NULL),(2805,10,33,'C10',1,1,NULL),(2806,10,33,'D1',1,0,NULL),(2807,10,33,'D2',1,0,NULL),(2808,10,33,'D3',1,0,NULL),(2809,10,33,'D4',1,0,NULL),(2810,10,33,'D5',1,0,NULL),(2811,10,33,'D6',1,0,NULL),(2812,10,33,'D7',1,0,NULL),(2813,10,33,'D8',1,0,NULL),(2814,10,33,'D9',1,0,NULL),(2815,10,33,'D10',1,0,NULL),(2816,10,33,'D11',1,0,NULL),(2817,10,33,'D12',1,0,NULL),(2818,10,33,'E1',1,0,NULL),(2819,10,33,'E2',1,0,NULL),(2820,10,33,'E3',1,0,NULL),(2821,10,33,'E4',1,0,NULL),(2822,10,33,'E5',1,0,NULL),(2823,10,33,'E6',1,0,NULL),(2824,10,33,'E7',1,0,NULL),(2825,10,33,'E8',1,0,NULL),(2826,10,33,'E9',1,0,NULL),(2827,10,33,'E10',1,0,NULL),(2828,10,33,'E11',1,0,NULL),(2829,10,33,'E12',1,0,NULL),(2830,10,33,'F1',1,0,NULL),(2831,10,33,'F2',1,0,NULL),(2832,10,33,'F3',1,0,NULL),(2833,10,33,'F4',1,0,NULL),(2834,10,33,'F5',1,0,NULL),(2835,10,33,'F6',1,0,NULL),(2836,10,33,'F7',1,0,NULL),(2837,10,33,'F8',1,0,NULL),(2838,10,33,'F9',1,0,NULL),(2839,10,33,'F10',1,0,NULL),(2840,10,33,'F11',1,0,NULL),(2841,10,33,'F12',1,0,NULL),(2842,10,33,'G1',1,0,NULL),(2843,10,33,'G2',1,0,NULL),(2844,10,33,'G3',1,0,NULL),(2845,10,33,'G4',1,0,NULL),(2846,10,33,'G5',1,0,NULL),(2847,10,33,'G6',1,0,NULL),(2848,10,33,'G7',1,0,NULL),(2849,10,33,'G8',1,0,NULL),(2850,10,33,'G9',1,0,NULL),(2851,10,33,'G10',1,0,NULL),(2852,10,33,'G11',1,0,NULL),(2853,10,33,'G12',1,0,NULL),(2854,10,33,'H1',1,0,NULL),(2855,10,33,'H2',1,0,NULL),(2856,10,33,'H3',1,0,NULL),(2857,10,33,'H4',1,0,NULL),(2858,10,33,'H5',1,0,NULL),(2859,10,33,'H6',1,0,NULL),(2860,10,33,'H7',1,0,NULL),(2861,10,33,'H8',1,0,NULL),(2862,10,33,'H9',1,0,NULL),(2863,10,33,'H10',1,0,NULL),(2864,10,33,'H11',1,0,NULL),(2865,10,33,'H12',1,0,NULL),(2866,10,33,'I1',1,0,NULL),(2867,10,33,'I2',1,0,NULL),(2868,10,33,'I3',1,0,NULL),(2869,10,33,'I4',1,0,NULL),(2870,10,33,'I5',1,0,NULL),(2871,10,33,'I6',1,0,NULL),(2872,10,33,'I7',1,0,NULL),(2873,10,33,'I8',1,0,NULL),(2874,10,33,'I9',1,0,NULL),(2875,10,33,'I10',1,0,NULL),(2876,10,33,'I11',1,0,NULL),(2877,10,33,'I12',1,0,NULL),(2878,10,33,'I13',1,0,NULL),(2879,10,33,'I14',1,0,NULL),(2880,10,33,'I15',1,0,NULL),(2881,10,34,'A1',1,0,NULL),(2882,10,34,'A2',1,0,NULL),(2883,10,34,'A3',1,0,NULL),(2884,10,34,'A4',1,0,NULL),(2885,10,34,'A5',1,0,NULL),(2886,10,34,'A6',1,0,NULL),(2887,10,34,'A7',1,0,NULL),(2888,10,34,'A8',1,0,NULL),(2889,10,34,'A9',1,0,NULL),(2890,10,34,'A10',1,0,NULL),(2891,10,34,'A11',1,0,NULL),(2892,10,34,'A12',1,0,NULL),(2893,10,34,'A13',1,0,NULL),(2894,10,34,'B1',1,0,NULL),(2895,10,34,'B2',1,0,NULL),(2896,10,34,'B3',1,0,NULL),(2897,10,34,'B4',1,0,NULL),(2898,10,34,'B5',1,0,NULL),(2899,10,34,'B6',1,0,NULL),(2900,10,34,'B7',1,0,NULL),(2901,10,34,'B8',1,0,NULL),(2902,10,34,'B9',1,0,NULL),(2903,10,34,'B10',1,0,NULL),(2904,10,34,'B11',1,0,NULL),(2905,10,34,'B12',1,0,NULL),(2906,10,34,'B13',1,0,NULL),(2907,10,34,'C1',1,1,NULL),(2908,10,34,'C2',1,1,NULL),(2909,10,34,'C3',1,1,NULL),(2910,10,34,'C4',1,1,NULL),(2911,10,34,'C5',1,1,NULL),(2912,10,34,'C6',1,1,NULL),(2913,10,34,'C7',1,1,NULL),(2914,10,34,'C8',1,1,NULL),(2915,10,34,'C9',1,1,NULL),(2916,10,34,'C10',1,1,NULL),(2917,10,34,'D1',1,0,NULL),(2918,10,34,'D2',1,0,NULL),(2919,10,34,'D3',1,0,NULL),(2920,10,34,'D4',1,0,NULL),(2921,10,34,'D5',1,0,NULL),(2922,10,34,'D6',1,0,NULL),(2923,10,34,'D7',1,0,NULL),(2924,10,34,'D8',1,0,NULL),(2925,10,34,'D9',1,0,NULL),(2926,10,34,'D10',1,0,NULL),(2927,10,34,'D11',1,0,NULL),(2928,10,34,'D12',1,0,NULL),(2929,10,34,'E1',1,0,NULL),(2930,10,34,'E2',1,0,NULL),(2931,10,34,'E3',1,0,NULL),(2932,10,34,'E4',1,0,NULL),(2933,10,34,'E5',1,0,NULL),(2934,10,34,'E6',1,0,NULL),(2935,10,34,'E7',1,0,NULL),(2936,10,34,'E8',1,0,NULL),(2937,10,34,'E9',1,0,NULL),(2938,10,34,'E10',1,0,NULL),(2939,10,34,'E11',1,0,NULL),(2940,10,34,'E12',1,0,NULL),(2941,10,34,'F1',1,0,NULL),(2942,10,34,'F2',1,0,NULL),(2943,10,34,'F3',1,0,NULL),(2944,10,34,'F4',1,0,NULL),(2945,10,34,'F5',1,0,NULL),(2946,10,34,'F6',1,0,NULL),(2947,10,34,'F7',1,0,NULL),(2948,10,34,'F8',1,0,NULL),(2949,10,34,'F9',1,0,NULL),(2950,10,34,'F10',1,0,NULL),(2951,10,34,'F11',1,0,NULL),(2952,10,34,'F12',1,0,NULL),(2953,10,34,'G1',1,0,NULL),(2954,10,34,'G2',1,0,NULL),(2955,10,34,'G3',1,0,NULL),(2956,10,34,'G4',1,0,NULL),(2957,10,34,'G5',1,0,NULL),(2958,10,34,'G6',1,0,NULL),(2959,10,34,'G7',1,0,NULL),(2960,10,34,'G8',1,0,NULL),(2961,10,34,'G9',1,0,NULL),(2962,10,34,'G10',1,0,NULL),(2963,10,34,'G11',1,0,NULL),(2964,10,34,'G12',1,0,NULL),(2965,10,34,'H1',1,0,NULL),(2966,10,34,'H2',1,0,NULL),(2967,10,34,'H3',1,0,NULL),(2968,10,34,'H4',1,0,NULL),(2969,10,34,'H5',1,0,NULL),(2970,10,34,'H6',1,0,NULL),(2971,10,34,'H7',1,0,NULL),(2972,10,34,'H8',1,0,NULL),(2973,10,34,'H9',1,0,NULL),(2974,10,34,'H10',1,0,NULL),(2975,10,34,'H11',1,0,NULL),(2976,10,34,'H12',1,0,NULL),(2977,10,34,'I1',1,0,NULL),(2978,10,34,'I2',1,0,NULL),(2979,10,34,'I3',1,0,NULL),(2980,10,34,'I4',1,0,NULL),(2981,10,34,'I5',1,0,NULL),(2982,10,34,'I6',1,0,NULL),(2983,10,34,'I7',1,0,NULL),(2984,10,34,'I8',1,0,NULL),(2985,10,34,'I9',1,0,NULL),(2986,10,34,'I10',1,0,NULL),(2987,10,34,'I11',1,0,NULL),(2988,10,34,'I12',1,0,NULL),(2989,10,34,'I13',1,0,NULL),(2990,10,34,'I14',1,0,NULL),(2991,10,34,'I15',1,0,NULL),(2992,53,40,'A1',1,0,NULL),(2993,53,40,'A2',1,0,NULL),(2994,53,40,'A3',1,0,NULL),(2995,53,40,'A4',1,0,NULL),(2996,53,40,'A5',1,0,NULL),(2997,53,40,'A6',1,0,NULL),(2998,53,40,'A7',1,0,NULL),(2999,53,40,'A8',1,0,NULL),(3000,53,40,'A9',1,0,NULL),(3001,53,40,'A10',1,0,NULL),(3002,53,40,'A11',1,0,NULL),(3003,53,40,'A12',1,0,NULL),(3004,53,40,'A13',1,0,NULL),(3005,53,40,'B1',1,0,NULL),(3006,53,40,'B2',1,0,NULL),(3007,53,40,'B3',1,0,NULL),(3008,53,40,'B4',1,0,NULL),(3009,53,40,'B5',1,0,NULL),(3010,53,40,'B6',1,0,NULL),(3011,53,40,'B7',1,0,NULL),(3012,53,40,'B8',1,0,NULL),(3013,53,40,'B9',1,0,NULL),(3014,53,40,'B10',1,0,NULL),(3015,53,40,'B11',1,0,NULL),(3016,53,40,'B12',1,0,NULL),(3017,53,40,'B13',1,0,NULL),(3018,53,40,'C1',1,1,NULL),(3019,53,40,'C2',1,1,NULL),(3020,53,40,'C3',1,1,NULL),(3021,53,40,'C4',1,1,NULL),(3022,53,40,'C5',1,1,NULL),(3023,53,40,'C6',1,1,NULL),(3024,53,40,'C7',1,1,NULL),(3025,53,40,'C8',1,1,NULL),(3026,53,40,'C9',1,1,NULL),(3027,53,40,'C10',1,1,NULL),(3028,53,40,'D1',1,0,NULL),(3029,53,40,'D2',1,0,NULL),(3030,53,40,'D3',1,0,NULL),(3031,53,40,'D4',1,0,NULL),(3032,53,40,'D5',1,0,NULL),(3033,53,40,'D6',1,0,NULL),(3034,53,40,'D7',1,0,NULL),(3035,53,40,'D8',1,0,NULL),(3036,53,40,'D9',1,0,NULL),(3037,53,40,'D10',1,0,NULL),(3038,53,40,'D11',1,0,NULL),(3039,53,40,'D12',1,0,NULL),(3040,53,40,'E1',1,0,NULL),(3041,53,40,'E2',1,0,NULL),(3042,53,40,'E3',1,0,NULL),(3043,53,40,'E4',1,0,NULL),(3044,53,40,'E5',1,0,NULL),(3045,53,40,'E6',1,0,NULL),(3046,53,40,'E7',1,0,NULL),(3047,53,40,'E8',1,0,NULL),(3048,53,40,'E9',1,0,NULL),(3049,53,40,'E10',1,0,NULL),(3050,53,40,'E11',1,0,NULL),(3051,53,40,'E12',1,0,NULL),(3052,53,40,'F1',1,0,NULL),(3053,53,40,'F2',1,0,NULL),(3054,53,40,'F3',1,0,NULL),(3055,53,40,'F4',1,0,NULL),(3056,53,40,'F5',1,0,NULL),(3057,53,40,'F6',1,0,NULL),(3058,53,40,'F7',1,0,NULL),(3059,53,40,'F8',1,0,NULL),(3060,53,40,'F9',1,0,NULL),(3061,53,40,'F10',1,0,NULL),(3062,53,40,'F11',1,0,NULL),(3063,53,40,'F12',1,0,NULL),(3064,53,40,'G1',1,0,NULL),(3065,53,40,'G2',1,0,NULL),(3066,53,40,'G3',1,0,NULL),(3067,53,40,'G4',1,0,NULL),(3068,53,40,'G5',1,0,NULL),(3069,53,40,'G6',1,0,NULL),(3070,53,40,'G7',1,0,NULL),(3071,53,40,'G8',1,0,NULL),(3072,53,40,'G9',1,0,NULL),(3073,53,40,'G10',1,0,NULL),(3074,53,40,'G11',1,0,NULL),(3075,53,40,'G12',1,0,NULL),(3076,53,40,'H1',1,0,NULL),(3077,53,40,'H2',1,0,NULL),(3078,53,40,'H3',1,0,NULL),(3079,53,40,'H4',1,0,NULL),(3080,53,40,'H5',1,0,NULL),(3081,53,40,'H6',1,0,NULL),(3082,53,40,'H7',1,0,NULL),(3083,53,40,'H8',1,0,NULL),(3084,53,40,'H9',1,0,NULL),(3085,53,40,'H10',1,0,NULL),(3086,53,40,'H11',1,0,NULL),(3087,53,40,'H12',1,0,NULL),(3088,53,40,'I1',1,0,NULL),(3089,53,40,'I2',1,0,NULL),(3090,53,40,'I3',1,0,NULL),(3091,53,40,'I4',1,0,NULL),(3092,53,40,'I5',1,0,NULL),(3093,53,40,'I6',1,0,NULL),(3094,53,40,'I7',1,0,NULL),(3095,53,40,'I8',1,0,NULL),(3096,53,40,'I9',1,0,NULL),(3097,53,40,'I10',1,0,NULL),(3098,53,40,'I11',1,0,NULL),(3099,53,40,'I12',1,0,NULL),(3100,53,40,'I13',1,0,NULL),(3101,53,40,'I14',1,0,NULL),(3102,53,40,'I15',1,0,NULL),(3103,53,41,'A1',1,0,NULL),(3104,53,41,'A2',1,0,NULL),(3105,53,41,'A3',1,0,NULL),(3106,53,41,'A4',1,0,NULL),(3107,53,41,'A5',1,0,NULL),(3108,53,41,'A6',1,0,NULL),(3109,53,41,'A7',1,0,NULL),(3110,53,41,'A8',1,0,NULL),(3111,53,41,'A9',1,0,NULL),(3112,53,41,'A10',1,0,NULL),(3113,53,41,'A11',1,0,NULL),(3114,53,41,'A12',1,0,NULL),(3115,53,41,'A13',1,0,NULL),(3116,53,41,'B1',1,0,NULL),(3117,53,41,'B2',1,0,NULL),(3118,53,41,'B3',1,0,NULL),(3119,53,41,'B4',1,0,NULL),(3120,53,41,'B5',1,0,NULL),(3121,53,41,'B6',1,0,NULL),(3122,53,41,'B7',1,0,NULL),(3123,53,41,'B8',1,0,NULL),(3124,53,41,'B9',1,0,NULL),(3125,53,41,'B10',1,0,NULL),(3126,53,41,'B11',1,0,NULL),(3127,53,41,'B12',1,0,NULL),(3128,53,41,'B13',1,0,NULL),(3129,53,41,'C1',1,1,NULL),(3130,53,41,'C2',1,1,NULL),(3131,53,41,'C3',1,1,NULL),(3132,53,41,'C4',1,1,NULL),(3133,53,41,'C5',1,1,NULL),(3134,53,41,'C6',1,1,NULL),(3135,53,41,'C7',1,1,NULL),(3136,53,41,'C8',1,1,NULL),(3137,53,41,'C9',1,1,NULL),(3138,53,41,'C10',1,1,NULL),(3139,53,41,'D1',1,0,NULL),(3140,53,41,'D2',1,0,NULL),(3141,53,41,'D3',1,0,NULL),(3142,53,41,'D4',1,0,NULL),(3143,53,41,'D5',1,0,NULL),(3144,53,41,'D6',1,0,NULL),(3145,53,41,'D7',1,0,NULL),(3146,53,41,'D8',1,0,NULL),(3147,53,41,'D9',1,0,NULL),(3148,53,41,'D10',1,0,NULL),(3149,53,41,'D11',1,0,NULL),(3150,53,41,'D12',1,0,NULL),(3151,53,41,'E1',1,0,NULL),(3152,53,41,'E2',1,0,NULL),(3153,53,41,'E3',1,0,NULL),(3154,53,41,'E4',1,0,NULL),(3155,53,41,'E5',1,0,NULL),(3156,53,41,'E6',1,0,NULL),(3157,53,41,'E7',1,0,NULL),(3158,53,41,'E8',1,0,NULL),(3159,53,41,'E9',1,0,NULL),(3160,53,41,'E10',1,0,NULL),(3161,53,41,'E11',1,0,NULL),(3162,53,41,'E12',1,0,NULL),(3163,53,41,'F1',1,0,NULL),(3164,53,41,'F2',1,0,NULL),(3165,53,41,'F3',1,0,NULL),(3166,53,41,'F4',1,0,NULL),(3167,53,41,'F5',1,0,NULL),(3168,53,41,'F6',1,0,NULL),(3169,53,41,'F7',1,0,NULL),(3170,53,41,'F8',1,0,NULL),(3171,53,41,'F9',1,0,NULL),(3172,53,41,'F10',1,0,NULL),(3173,53,41,'F11',1,0,NULL),(3174,53,41,'F12',1,0,NULL),(3175,53,41,'G1',1,0,NULL),(3176,53,41,'G2',1,0,NULL),(3177,53,41,'G3',1,0,NULL),(3178,53,41,'G4',1,0,NULL),(3179,53,41,'G5',1,0,NULL),(3180,53,41,'G6',1,0,NULL),(3181,53,41,'G7',1,0,NULL),(3182,53,41,'G8',1,0,NULL),(3183,53,41,'G9',1,0,NULL),(3184,53,41,'G10',1,0,NULL),(3185,53,41,'G11',1,0,NULL),(3186,53,41,'G12',1,0,NULL),(3187,53,41,'H1',1,0,NULL),(3188,53,41,'H2',1,0,NULL),(3189,53,41,'H3',1,0,NULL),(3190,53,41,'H4',1,0,NULL),(3191,53,41,'H5',1,0,NULL),(3192,53,41,'H6',1,0,NULL),(3193,53,41,'H7',1,0,NULL),(3194,53,41,'H8',1,0,NULL),(3195,53,41,'H9',1,0,NULL),(3196,53,41,'H10',1,0,NULL),(3197,53,41,'H11',1,0,NULL),(3198,53,41,'H12',1,0,NULL),(3199,53,41,'I1',1,0,NULL),(3200,53,41,'I2',1,0,NULL),(3201,53,41,'I3',1,0,NULL),(3202,53,41,'I4',1,0,NULL),(3203,53,41,'I5',1,0,NULL),(3204,53,41,'I6',1,0,NULL),(3205,53,41,'I7',1,0,NULL),(3206,53,41,'I8',1,0,NULL),(3207,53,41,'I9',1,0,NULL),(3208,53,41,'I10',1,0,NULL),(3209,53,41,'I11',1,0,NULL),(3210,53,41,'I12',1,0,NULL),(3211,53,41,'I13',1,0,NULL),(3212,53,41,'I14',1,0,NULL),(3213,53,41,'I15',1,0,NULL),(3214,53,42,'A1',1,0,NULL),(3215,53,42,'A2',1,0,NULL),(3216,53,42,'A3',1,0,NULL),(3217,53,42,'A4',1,0,NULL),(3218,53,42,'A5',1,0,NULL),(3219,53,42,'A6',1,0,NULL),(3220,53,42,'A7',1,0,NULL),(3221,53,42,'A8',1,0,NULL),(3222,53,42,'A9',1,0,NULL),(3223,53,42,'A10',1,0,NULL),(3224,53,42,'A11',1,0,NULL),(3225,53,42,'A12',1,0,NULL),(3226,53,42,'A13',1,0,NULL),(3227,53,42,'B1',1,0,NULL),(3228,53,42,'B2',1,0,NULL),(3229,53,42,'B3',1,0,NULL),(3230,53,42,'B4',1,0,NULL),(3231,53,42,'B5',1,0,NULL),(3232,53,42,'B6',1,0,NULL),(3233,53,42,'B7',1,0,NULL),(3234,53,42,'B8',1,0,NULL),(3235,53,42,'B9',1,0,NULL),(3236,53,42,'B10',1,0,NULL),(3237,53,42,'B11',1,0,NULL),(3238,53,42,'B12',1,0,NULL),(3239,53,42,'B13',1,0,NULL),(3240,53,42,'C1',1,1,NULL),(3241,53,42,'C2',1,1,NULL),(3242,53,42,'C3',1,1,NULL),(3243,53,42,'C4',1,1,NULL),(3244,53,42,'C5',1,1,NULL),(3245,53,42,'C6',1,1,NULL),(3246,53,42,'C7',1,1,NULL),(3247,53,42,'C8',1,1,NULL),(3248,53,42,'C9',1,1,NULL),(3249,53,42,'C10',1,1,NULL),(3250,53,42,'D1',1,0,NULL),(3251,53,42,'D2',1,0,NULL),(3252,53,42,'D3',1,0,NULL),(3253,53,42,'D4',1,0,NULL),(3254,53,42,'D5',1,0,NULL),(3255,53,42,'D6',1,0,NULL),(3256,53,42,'D7',1,0,NULL),(3257,53,42,'D8',1,0,NULL),(3258,53,42,'D9',1,0,NULL),(3259,53,42,'D10',1,0,NULL),(3260,53,42,'D11',1,0,NULL),(3261,53,42,'D12',1,0,NULL),(3262,53,42,'E1',1,0,NULL),(3263,53,42,'E2',1,0,NULL),(3264,53,42,'E3',1,0,NULL),(3265,53,42,'E4',1,0,NULL),(3266,53,42,'E5',1,0,NULL),(3267,53,42,'E6',1,0,NULL),(3268,53,42,'E7',1,0,NULL),(3269,53,42,'E8',1,0,NULL),(3270,53,42,'E9',1,0,NULL),(3271,53,42,'E10',1,0,NULL),(3272,53,42,'E11',1,0,NULL),(3273,53,42,'E12',1,0,NULL),(3274,53,42,'F1',1,0,NULL),(3275,53,42,'F2',1,0,NULL),(3276,53,42,'F3',1,0,NULL),(3277,53,42,'F4',1,0,NULL),(3278,53,42,'F5',1,0,NULL),(3279,53,42,'F6',1,0,NULL),(3280,53,42,'F7',1,0,NULL),(3281,53,42,'F8',1,0,NULL),(3282,53,42,'F9',1,0,NULL),(3283,53,42,'F10',1,0,NULL),(3284,53,42,'F11',1,0,NULL),(3285,53,42,'F12',1,0,NULL),(3286,53,42,'G1',1,0,NULL),(3287,53,42,'G2',1,0,NULL),(3288,53,42,'G3',1,0,NULL),(3289,53,42,'G4',1,0,NULL),(3290,53,42,'G5',1,0,NULL),(3291,53,42,'G6',1,0,NULL),(3292,53,42,'G7',1,0,NULL),(3293,53,42,'G8',1,0,NULL),(3294,53,42,'G9',1,0,NULL),(3295,53,42,'G10',1,0,NULL),(3296,53,42,'G11',1,0,NULL),(3297,53,42,'G12',1,0,NULL),(3298,53,42,'H1',1,0,NULL),(3299,53,42,'H2',1,0,NULL),(3300,53,42,'H3',1,0,NULL),(3301,53,42,'H4',1,0,NULL),(3302,53,42,'H5',1,0,NULL),(3303,53,42,'H6',1,0,NULL),(3304,53,42,'H7',1,0,NULL),(3305,53,42,'H8',1,0,NULL),(3306,53,42,'H9',1,0,NULL),(3307,53,42,'H10',1,0,NULL),(3308,53,42,'H11',1,0,NULL),(3309,53,42,'H12',1,0,NULL),(3310,53,42,'I1',1,0,NULL),(3311,53,42,'I2',1,0,NULL),(3312,53,42,'I3',1,0,NULL),(3313,53,42,'I4',1,0,NULL),(3314,53,42,'I5',1,0,NULL),(3315,53,42,'I6',1,0,NULL),(3316,53,42,'I7',1,0,NULL),(3317,53,42,'I8',1,0,NULL),(3318,53,42,'I9',1,0,NULL),(3319,53,42,'I10',1,0,NULL),(3320,53,42,'I11',1,0,NULL),(3321,53,42,'I12',1,0,NULL),(3322,53,42,'I13',1,0,NULL),(3323,53,42,'I14',1,0,NULL),(3324,53,42,'I15',1,0,NULL),(3325,53,43,'A1',1,0,NULL),(3326,53,43,'A2',1,0,NULL),(3327,53,43,'A3',1,0,NULL),(3328,53,43,'A4',1,0,NULL),(3329,53,43,'A5',1,0,NULL),(3330,53,43,'A6',1,0,NULL),(3331,53,43,'A7',1,0,NULL),(3332,53,43,'A8',1,0,NULL),(3333,53,43,'A9',1,0,NULL),(3334,53,43,'A10',1,0,NULL),(3335,53,43,'A11',1,0,NULL),(3336,53,43,'A12',1,0,NULL),(3337,53,43,'A13',1,0,NULL),(3338,53,43,'B1',1,0,NULL),(3339,53,43,'B2',1,0,NULL),(3340,53,43,'B3',1,0,NULL),(3341,53,43,'B4',1,0,NULL),(3342,53,43,'B5',1,0,NULL),(3343,53,43,'B6',1,0,NULL),(3344,53,43,'B7',1,0,NULL),(3345,53,43,'B8',1,0,NULL),(3346,53,43,'B9',1,0,NULL),(3347,53,43,'B10',1,0,NULL),(3348,53,43,'B11',1,0,NULL),(3349,53,43,'B12',1,0,NULL),(3350,53,43,'B13',1,0,NULL),(3351,53,43,'C1',1,1,NULL),(3352,53,43,'C2',1,1,NULL),(3353,53,43,'C3',1,1,NULL),(3354,53,43,'C4',1,1,NULL),(3355,53,43,'C5',1,1,NULL),(3356,53,43,'C6',1,1,NULL),(3357,53,43,'C7',1,1,NULL),(3358,53,43,'C8',1,1,NULL),(3359,53,43,'C9',1,1,NULL),(3360,53,43,'C10',1,1,NULL),(3361,53,43,'D1',1,0,NULL),(3362,53,43,'D2',1,0,NULL),(3363,53,43,'D3',1,0,NULL),(3364,53,43,'D4',1,0,NULL),(3365,53,43,'D5',1,0,NULL),(3366,53,43,'D6',1,0,NULL),(3367,53,43,'D7',1,0,NULL),(3368,53,43,'D8',1,0,NULL),(3369,53,43,'D9',1,0,NULL),(3370,53,43,'D10',1,0,NULL),(3371,53,43,'D11',1,0,NULL),(3372,53,43,'D12',1,0,NULL),(3373,53,43,'E1',1,0,NULL),(3374,53,43,'E2',1,0,NULL),(3375,53,43,'E3',1,0,NULL),(3376,53,43,'E4',1,0,NULL),(3377,53,43,'E5',1,0,NULL),(3378,53,43,'E6',1,0,NULL),(3379,53,43,'E7',1,0,NULL),(3380,53,43,'E8',1,0,NULL),(3381,53,43,'E9',1,0,NULL),(3382,53,43,'E10',1,0,NULL),(3383,53,43,'E11',1,0,NULL),(3384,53,43,'E12',1,0,NULL),(3385,53,43,'F1',1,0,NULL),(3386,53,43,'F2',1,0,NULL),(3387,53,43,'F3',1,0,NULL),(3388,53,43,'F4',1,0,NULL),(3389,53,43,'F5',1,0,NULL),(3390,53,43,'F6',1,0,NULL),(3391,53,43,'F7',1,0,NULL),(3392,53,43,'F8',1,0,NULL),(3393,53,43,'F9',1,0,NULL),(3394,53,43,'F10',1,0,NULL),(3395,53,43,'F11',1,0,NULL),(3396,53,43,'F12',1,0,NULL),(3397,53,43,'G1',1,0,NULL),(3398,53,43,'G2',1,0,NULL),(3399,53,43,'G3',1,0,NULL),(3400,53,43,'G4',1,0,NULL),(3401,53,43,'G5',1,0,NULL),(3402,53,43,'G6',1,0,NULL),(3403,53,43,'G7',1,0,NULL),(3404,53,43,'G8',1,0,NULL),(3405,53,43,'G9',1,0,NULL),(3406,53,43,'G10',1,0,NULL),(3407,53,43,'G11',1,0,NULL),(3408,53,43,'G12',1,0,NULL),(3409,53,43,'H1',1,0,NULL),(3410,53,43,'H2',1,0,NULL),(3411,53,43,'H3',1,0,NULL),(3412,53,43,'H4',1,0,NULL),(3413,53,43,'H5',1,0,NULL),(3414,53,43,'H6',1,0,NULL),(3415,53,43,'H7',1,0,NULL),(3416,53,43,'H8',1,0,NULL),(3417,53,43,'H9',1,0,NULL),(3418,53,43,'H10',1,0,NULL),(3419,53,43,'H11',1,0,NULL),(3420,53,43,'H12',1,0,NULL),(3421,53,43,'I1',1,0,NULL),(3422,53,43,'I2',1,0,NULL),(3423,53,43,'I3',1,0,NULL),(3424,53,43,'I4',1,0,NULL),(3425,53,43,'I5',1,0,NULL),(3426,53,43,'I6',1,0,NULL),(3427,53,43,'I7',1,0,NULL),(3428,53,43,'I8',1,0,NULL),(3429,53,43,'I9',1,0,NULL),(3430,53,43,'I10',1,0,NULL),(3431,53,43,'I11',1,0,NULL),(3432,53,43,'I12',1,0,NULL),(3433,53,43,'I13',1,0,NULL),(3434,53,43,'I14',1,0,NULL),(3435,53,43,'I15',1,0,NULL),(3436,55,48,'A1',1,0,NULL),(3437,55,48,'A2',1,0,NULL),(3438,55,48,'A3',1,0,NULL),(3439,55,48,'A4',1,0,NULL),(3440,55,48,'A5',1,0,NULL),(3441,55,48,'A6',1,0,NULL),(3442,55,48,'A7',1,0,NULL),(3443,55,48,'A8',1,0,NULL),(3444,55,48,'A9',1,0,NULL),(3445,55,48,'A10',1,0,NULL),(3446,55,48,'A11',1,0,NULL),(3447,55,48,'A12',1,0,NULL),(3448,55,48,'A13',1,0,NULL),(3449,55,48,'B1',1,0,NULL),(3450,55,48,'B2',1,0,NULL),(3451,55,48,'B3',1,0,NULL),(3452,55,48,'B4',1,0,NULL),(3453,55,48,'B5',1,0,NULL),(3454,55,48,'B6',1,0,NULL),(3455,55,48,'B7',1,0,NULL),(3456,55,48,'B8',1,0,NULL),(3457,55,48,'B9',1,0,NULL),(3458,55,48,'B10',1,0,NULL),(3459,55,48,'B11',1,0,NULL),(3460,55,48,'B12',1,0,NULL),(3461,55,48,'B13',1,0,NULL),(3462,55,48,'C1',1,1,NULL),(3463,55,48,'C2',1,1,NULL),(3464,55,48,'C3',1,1,NULL),(3465,55,48,'C4',1,1,NULL),(3466,55,48,'C5',1,1,NULL),(3467,55,48,'C6',1,1,NULL),(3468,55,48,'C7',1,1,NULL),(3469,55,48,'C8',1,1,NULL),(3470,55,48,'C9',1,1,NULL),(3471,55,48,'C10',1,1,NULL),(3472,55,48,'D1',1,0,NULL),(3473,55,48,'D2',1,0,NULL),(3474,55,48,'D3',1,0,NULL),(3475,55,48,'D4',1,0,NULL),(3476,55,48,'D5',1,0,NULL),(3477,55,48,'D6',1,0,NULL),(3478,55,48,'D7',1,0,NULL),(3479,55,48,'D8',1,0,NULL),(3480,55,48,'D9',1,0,NULL),(3481,55,48,'D10',1,0,NULL),(3482,55,48,'D11',1,0,NULL),(3483,55,48,'D12',1,0,NULL),(3484,55,48,'E1',1,0,NULL),(3485,55,48,'E2',1,0,NULL),(3486,55,48,'E3',1,0,NULL),(3487,55,48,'E4',1,0,NULL),(3488,55,48,'E5',1,0,NULL),(3489,55,48,'E6',1,0,NULL),(3490,55,48,'E7',1,0,NULL),(3491,55,48,'E8',1,0,NULL),(3492,55,48,'E9',1,0,NULL),(3493,55,48,'E10',1,0,NULL),(3494,55,48,'E11',1,0,NULL),(3495,55,48,'E12',1,0,NULL),(3496,55,48,'F1',1,0,NULL),(3497,55,48,'F2',1,0,NULL),(3498,55,48,'F3',1,0,NULL),(3499,55,48,'F4',1,0,NULL),(3500,55,48,'F5',1,0,NULL),(3501,55,48,'F6',1,0,NULL),(3502,55,48,'F7',1,0,NULL),(3503,55,48,'F8',1,0,NULL),(3504,55,48,'F9',1,0,NULL),(3505,55,48,'F10',1,0,NULL),(3506,55,48,'F11',1,0,NULL),(3507,55,48,'F12',1,0,NULL),(3508,55,48,'G1',1,0,NULL),(3509,55,48,'G2',1,0,NULL),(3510,55,48,'G3',1,0,NULL),(3511,55,48,'G4',1,0,NULL),(3512,55,48,'G5',1,0,NULL),(3513,55,48,'G6',1,0,NULL),(3514,55,48,'G7',1,0,NULL),(3515,55,48,'G8',1,0,NULL),(3516,55,48,'G9',1,0,NULL),(3517,55,48,'G10',1,0,NULL),(3518,55,48,'G11',1,0,NULL),(3519,55,48,'G12',1,0,NULL),(3520,55,48,'H1',1,0,NULL),(3521,55,48,'H2',1,0,NULL),(3522,55,48,'H3',1,0,NULL),(3523,55,48,'H4',1,0,NULL),(3524,55,48,'H5',1,0,NULL),(3525,55,48,'H6',1,0,NULL),(3526,55,48,'H7',1,0,NULL),(3527,55,48,'H8',1,0,NULL),(3528,55,48,'H9',1,0,NULL),(3529,55,48,'H10',1,0,NULL),(3530,55,48,'H11',1,0,NULL),(3531,55,48,'H12',1,0,NULL),(3532,55,48,'I1',1,0,NULL),(3533,55,48,'I2',1,0,NULL),(3534,55,48,'I3',1,0,NULL),(3535,55,48,'I4',1,0,NULL),(3536,55,48,'I5',1,0,NULL),(3537,55,48,'I6',1,0,NULL),(3538,55,48,'I7',1,0,NULL),(3539,55,48,'I8',1,0,NULL),(3540,55,48,'I9',1,0,NULL),(3541,55,48,'I10',1,0,NULL),(3542,55,48,'I11',1,0,NULL),(3543,55,48,'I12',1,0,NULL),(3544,55,48,'I13',1,0,NULL),(3545,55,48,'I14',1,0,NULL),(3546,55,48,'I15',1,0,NULL),(3547,55,49,'A1',1,0,NULL),(3548,55,49,'A2',1,0,NULL),(3549,55,49,'A3',1,0,NULL),(3550,55,49,'A4',1,0,NULL),(3551,55,49,'A5',1,0,NULL),(3552,55,49,'A6',1,0,NULL),(3553,55,49,'A7',1,0,NULL),(3554,55,49,'A8',1,0,NULL),(3555,55,49,'A9',1,0,NULL),(3556,55,49,'A10',1,0,NULL),(3557,55,49,'A11',1,0,NULL),(3558,55,49,'A12',1,0,NULL),(3559,55,49,'A13',1,0,NULL),(3560,55,49,'B1',1,0,NULL),(3561,55,49,'B2',1,0,NULL),(3562,55,49,'B3',1,0,NULL),(3563,55,49,'B4',1,0,NULL),(3564,55,49,'B5',1,0,NULL),(3565,55,49,'B6',1,0,NULL),(3566,55,49,'B7',1,0,NULL),(3567,55,49,'B8',1,0,NULL),(3568,55,49,'B9',1,0,NULL),(3569,55,49,'B10',1,0,NULL),(3570,55,49,'B11',1,0,NULL),(3571,55,49,'B12',1,0,NULL),(3572,55,49,'B13',1,0,NULL),(3573,55,49,'C1',1,1,NULL),(3574,55,49,'C2',1,1,NULL),(3575,55,49,'C3',1,1,NULL),(3576,55,49,'C4',1,1,NULL),(3577,55,49,'C5',1,1,NULL),(3578,55,49,'C6',1,1,NULL),(3579,55,49,'C7',1,1,NULL),(3580,55,49,'C8',1,1,NULL),(3581,55,49,'C9',1,1,NULL),(3582,55,49,'C10',1,1,NULL),(3583,55,49,'D1',1,0,NULL),(3584,55,49,'D2',1,0,NULL),(3585,55,49,'D3',1,0,NULL),(3586,55,49,'D4',1,0,NULL),(3587,55,49,'D5',1,0,NULL),(3588,55,49,'D6',1,0,NULL),(3589,55,49,'D7',1,0,NULL),(3590,55,49,'D8',1,0,NULL),(3591,55,49,'D9',1,0,NULL),(3592,55,49,'D10',1,0,NULL),(3593,55,49,'D11',1,0,NULL),(3594,55,49,'D12',1,0,NULL),(3595,55,49,'E1',1,0,NULL),(3596,55,49,'E2',1,0,NULL),(3597,55,49,'E3',1,0,NULL),(3598,55,49,'E4',1,0,NULL),(3599,55,49,'E5',1,0,NULL),(3600,55,49,'E6',1,0,NULL),(3601,55,49,'E7',1,0,NULL),(3602,55,49,'E8',1,0,NULL),(3603,55,49,'E9',1,0,NULL),(3604,55,49,'E10',1,0,NULL),(3605,55,49,'E11',1,0,NULL),(3606,55,49,'E12',1,0,NULL),(3607,55,49,'F1',1,0,NULL),(3608,55,49,'F2',1,0,NULL),(3609,55,49,'F3',1,0,NULL),(3610,55,49,'F4',1,0,NULL),(3611,55,49,'F5',1,0,NULL),(3612,55,49,'F6',1,0,NULL),(3613,55,49,'F7',1,0,NULL),(3614,55,49,'F8',1,0,NULL),(3615,55,49,'F9',1,0,NULL),(3616,55,49,'F10',1,0,NULL),(3617,55,49,'F11',1,0,NULL),(3618,55,49,'F12',1,0,NULL),(3619,55,49,'G1',1,0,NULL),(3620,55,49,'G2',1,0,NULL),(3621,55,49,'G3',1,0,NULL),(3622,55,49,'G4',1,0,NULL),(3623,55,49,'G5',1,0,NULL),(3624,55,49,'G6',1,0,NULL),(3625,55,49,'G7',1,0,NULL),(3626,55,49,'G8',1,0,NULL),(3627,55,49,'G9',1,0,NULL),(3628,55,49,'G10',1,0,NULL),(3629,55,49,'G11',1,0,NULL),(3630,55,49,'G12',1,0,NULL),(3631,55,49,'H1',1,0,NULL),(3632,55,49,'H2',1,0,NULL),(3633,55,49,'H3',1,0,NULL),(3634,55,49,'H4',1,0,NULL),(3635,55,49,'H5',1,0,NULL),(3636,55,49,'H6',1,0,NULL),(3637,55,49,'H7',1,0,NULL),(3638,55,49,'H8',1,0,NULL),(3639,55,49,'H9',1,0,NULL),(3640,55,49,'H10',1,0,NULL),(3641,55,49,'H11',1,0,NULL),(3642,55,49,'H12',1,0,NULL),(3643,55,49,'I1',1,0,NULL),(3644,55,49,'I2',1,0,NULL),(3645,55,49,'I3',1,0,NULL),(3646,55,49,'I4',1,0,NULL),(3647,55,49,'I5',1,0,NULL),(3648,55,49,'I6',1,0,NULL),(3649,55,49,'I7',1,0,NULL),(3650,55,49,'I8',1,0,NULL),(3651,55,49,'I9',1,0,NULL),(3652,55,49,'I10',1,0,NULL),(3653,55,49,'I11',1,0,NULL),(3654,55,49,'I12',1,0,NULL),(3655,55,49,'I13',1,0,NULL),(3656,55,49,'I14',1,0,NULL),(3657,55,49,'I15',1,0,NULL),(3658,55,50,'A1',1,0,NULL),(3659,55,50,'A2',1,0,NULL),(3660,55,50,'A3',1,0,NULL),(3661,55,50,'A4',1,0,NULL),(3662,55,50,'A5',1,0,NULL),(3663,55,50,'A6',1,0,NULL),(3664,55,50,'A7',1,0,NULL),(3665,55,50,'A8',1,0,NULL),(3666,55,50,'A9',1,0,NULL),(3667,55,50,'A10',1,0,NULL),(3668,55,50,'A11',1,0,NULL),(3669,55,50,'A12',1,0,NULL),(3670,55,50,'A13',1,0,NULL),(3671,55,50,'B1',1,0,NULL),(3672,55,50,'B2',1,0,NULL),(3673,55,50,'B3',1,0,NULL),(3674,55,50,'B4',1,0,NULL),(3675,55,50,'B5',1,0,NULL),(3676,55,50,'B6',1,0,NULL),(3677,55,50,'B7',1,0,NULL),(3678,55,50,'B8',1,0,NULL),(3679,55,50,'B9',1,0,NULL),(3680,55,50,'B10',1,0,NULL),(3681,55,50,'B11',1,0,NULL),(3682,55,50,'B12',1,0,NULL),(3683,55,50,'B13',1,0,NULL),(3684,55,50,'C1',1,1,NULL),(3685,55,50,'C2',1,1,NULL),(3686,55,50,'C3',1,1,NULL),(3687,55,50,'C4',1,1,NULL),(3688,55,50,'C5',1,1,NULL),(3689,55,50,'C6',1,1,NULL),(3690,55,50,'C7',1,1,NULL),(3691,55,50,'C8',1,1,NULL),(3692,55,50,'C9',1,1,NULL),(3693,55,50,'C10',1,1,NULL),(3694,55,50,'D1',1,0,NULL),(3695,55,50,'D2',1,0,NULL),(3696,55,50,'D3',1,0,NULL),(3697,55,50,'D4',1,0,NULL),(3698,55,50,'D5',1,0,NULL),(3699,55,50,'D6',1,0,NULL),(3700,55,50,'D7',1,0,NULL),(3701,55,50,'D8',1,0,NULL),(3702,55,50,'D9',1,0,NULL),(3703,55,50,'D10',1,0,NULL),(3704,55,50,'D11',1,0,NULL),(3705,55,50,'D12',1,0,NULL),(3706,55,50,'E1',1,0,NULL),(3707,55,50,'E2',1,0,NULL),(3708,55,50,'E3',1,0,NULL),(3709,55,50,'E4',1,0,NULL),(3710,55,50,'E5',1,0,NULL),(3711,55,50,'E6',1,0,NULL),(3712,55,50,'E7',1,0,NULL),(3713,55,50,'E8',1,0,NULL),(3714,55,50,'E9',1,0,NULL),(3715,55,50,'E10',1,0,NULL),(3716,55,50,'E11',1,0,NULL),(3717,55,50,'E12',1,0,NULL),(3718,55,50,'F1',1,0,NULL),(3719,55,50,'F2',1,0,NULL),(3720,55,50,'F3',1,0,NULL),(3721,55,50,'F4',1,0,NULL),(3722,55,50,'F5',1,0,NULL),(3723,55,50,'F6',1,0,NULL),(3724,55,50,'F7',1,0,NULL),(3725,55,50,'F8',1,0,NULL),(3726,55,50,'F9',1,0,NULL),(3727,55,50,'F10',1,0,NULL),(3728,55,50,'F11',1,0,NULL),(3729,55,50,'F12',1,0,NULL),(3730,55,50,'G1',1,0,NULL),(3731,55,50,'G2',1,0,NULL),(3732,55,50,'G3',1,0,NULL),(3733,55,50,'G4',1,0,NULL),(3734,55,50,'G5',1,0,NULL),(3735,55,50,'G6',1,0,NULL),(3736,55,50,'G7',1,0,NULL),(3737,55,50,'G8',1,0,NULL),(3738,55,50,'G9',1,0,NULL),(3739,55,50,'G10',1,0,NULL),(3740,55,50,'G11',1,0,NULL),(3741,55,50,'G12',1,0,NULL),(3742,55,50,'H1',1,0,NULL),(3743,55,50,'H2',1,0,NULL),(3744,55,50,'H3',1,0,NULL),(3745,55,50,'H4',1,0,NULL),(3746,55,50,'H5',1,0,NULL),(3747,55,50,'H6',1,0,NULL),(3748,55,50,'H7',1,0,NULL),(3749,55,50,'H8',1,0,NULL),(3750,55,50,'H9',1,0,NULL),(3751,55,50,'H10',1,0,NULL),(3752,55,50,'H11',1,0,NULL),(3753,55,50,'H12',1,0,NULL),(3754,55,50,'I1',1,0,NULL),(3755,55,50,'I2',1,0,NULL),(3756,55,50,'I3',1,0,NULL),(3757,55,50,'I4',1,0,NULL),(3758,55,50,'I5',1,0,NULL),(3759,55,50,'I6',1,0,NULL),(3760,55,50,'I7',1,0,NULL),(3761,55,50,'I8',1,0,NULL),(3762,55,50,'I9',1,0,NULL),(3763,55,50,'I10',1,0,NULL),(3764,55,50,'I11',1,0,NULL),(3765,55,50,'I12',1,0,NULL),(3766,55,50,'I13',1,0,NULL),(3767,55,50,'I14',1,0,NULL),(3768,55,50,'I15',1,0,NULL),(3769,54,44,'A1',1,0,NULL),(3770,54,44,'A2',1,0,NULL),(3771,54,44,'A3',1,0,NULL),(3772,54,44,'A4',1,0,NULL),(3773,54,44,'A5',1,0,NULL),(3774,54,44,'A6',1,0,NULL),(3775,54,44,'A7',1,0,NULL),(3776,54,44,'A8',1,0,NULL),(3777,54,44,'A9',1,0,NULL),(3778,54,44,'A10',1,0,NULL),(3779,54,44,'A11',1,0,NULL),(3780,54,44,'A12',1,0,NULL),(3781,54,44,'A13',1,0,NULL),(3782,54,44,'A14',1,0,NULL),(3783,54,44,'A15',1,0,NULL),(3784,54,44,'A16',1,0,NULL),(3785,54,44,'A17',1,0,NULL),(3786,54,44,'A18',1,0,NULL),(3787,54,44,'A19',1,0,NULL),(3788,54,44,'A20',1,0,NULL),(3789,54,44,'B1',1,0,NULL),(3790,54,44,'B2',1,0,NULL),(3791,54,44,'B3',1,0,NULL),(3792,54,44,'B4',1,0,NULL),(3793,54,44,'B5',1,0,NULL),(3794,54,44,'B6',1,0,NULL),(3795,54,44,'B7',1,0,NULL),(3796,54,44,'B8',1,0,NULL),(3797,54,44,'B9',1,0,NULL),(3798,54,44,'B10',1,0,NULL),(3799,54,44,'B11',1,0,NULL),(3800,54,44,'B12',1,0,NULL),(3801,54,44,'B13',1,0,NULL),(3802,54,44,'B14',1,0,NULL),(3803,54,44,'B15',1,0,NULL),(3804,54,44,'B16',1,0,NULL),(3805,54,44,'B17',1,0,NULL),(3806,54,44,'B18',1,0,NULL),(3807,54,44,'B19',1,0,NULL),(3808,54,44,'B20',1,0,NULL),(3809,54,44,'C1',1,0,NULL),(3810,54,44,'C2',1,0,NULL),(3811,54,44,'C3',1,0,NULL),(3812,54,44,'C4',1,0,NULL),(3813,54,44,'C5',1,0,NULL),(3814,54,44,'C6',1,0,NULL),(3815,54,44,'C7',1,0,NULL),(3816,54,44,'C8',1,0,NULL),(3817,54,44,'C9',1,0,NULL),(3818,54,44,'C10',1,0,NULL),(3819,54,44,'C11',1,0,NULL),(3820,54,44,'C12',1,0,NULL),(3821,54,44,'C13',1,0,NULL),(3822,54,44,'C14',1,0,NULL),(3823,54,44,'C15',1,0,NULL),(3824,54,44,'C16',1,0,NULL),(3825,54,44,'C17',1,0,NULL),(3826,54,44,'C18',1,0,NULL),(3827,54,44,'C19',1,0,NULL),(3828,54,44,'C20',1,0,NULL),(3829,54,44,'D1',1,1,NULL),(3830,54,44,'D2',1,1,NULL),(3831,54,44,'D3',1,1,NULL),(3832,54,44,'D4',1,1,NULL),(3833,54,44,'D5',1,1,NULL),(3834,54,44,'D6',1,1,NULL),(3835,54,44,'D7',1,1,NULL),(3836,54,44,'D8',1,1,NULL),(3837,54,44,'D9',1,1,NULL),(3838,54,44,'D10',1,1,NULL),(3839,54,44,'D11',1,1,NULL),(3840,54,44,'D12',1,1,NULL),(3841,54,44,'D13',1,1,NULL),(3842,54,44,'D14',1,1,NULL),(3843,54,44,'D15',1,1,NULL),(3844,54,44,'D16',1,1,NULL),(3845,54,44,'E1',1,0,NULL),(3846,54,44,'E2',1,0,NULL),(3847,54,44,'E3',1,0,NULL),(3848,54,44,'E4',1,0,NULL),(3849,54,44,'E5',1,0,NULL),(3850,54,44,'E6',1,0,NULL),(3851,54,44,'E7',1,0,NULL),(3852,54,44,'E8',1,0,NULL),(3853,54,44,'E9',1,0,NULL),(3854,54,44,'E10',1,0,NULL),(3855,54,44,'E11',1,0,NULL),(3856,54,44,'E12',1,0,NULL),(3857,54,44,'E13',1,0,NULL),(3858,54,44,'E14',1,0,NULL),(3859,54,44,'E15',1,0,NULL),(3860,54,44,'E16',1,0,NULL),(3861,54,44,'F1',1,0,NULL),(3862,54,44,'F2',1,0,NULL),(3863,54,44,'F3',1,0,NULL),(3864,54,44,'F4',1,0,NULL),(3865,54,44,'F5',1,0,NULL),(3866,54,44,'F6',1,0,NULL),(3867,54,44,'F7',1,0,NULL),(3868,54,44,'F8',1,0,NULL),(3869,54,44,'F9',1,0,NULL),(3870,54,44,'F10',1,0,NULL),(3871,54,44,'F11',1,0,NULL),(3872,54,44,'F12',1,0,NULL),(3873,54,44,'F13',1,0,NULL),(3874,54,44,'F14',1,0,NULL),(3875,54,44,'F15',1,0,NULL),(3876,54,44,'F16',1,0,NULL),(3877,54,44,'G1',1,0,NULL),(3878,54,44,'G2',1,0,NULL),(3879,54,44,'G3',1,0,NULL),(3880,54,44,'G4',1,0,NULL),(3881,54,44,'G5',1,0,NULL),(3882,54,44,'G6',1,0,NULL),(3883,54,44,'G7',1,0,NULL),(3884,54,44,'G8',1,0,NULL),(3885,54,44,'G9',1,0,NULL),(3886,54,44,'G10',1,0,NULL),(3887,54,44,'G11',1,0,NULL),(3888,54,44,'G12',1,0,NULL),(3889,54,44,'G13',1,0,NULL),(3890,54,44,'G14',1,0,NULL),(3891,54,44,'G15',1,0,NULL),(3892,54,44,'G16',1,0,NULL),(3893,54,44,'H1',1,0,NULL),(3894,54,44,'H2',1,0,NULL),(3895,54,44,'H3',1,0,NULL),(3896,54,44,'H4',1,0,NULL),(3897,54,44,'H5',1,0,NULL),(3898,54,44,'H6',1,0,NULL),(3899,54,44,'H7',1,0,NULL),(3900,54,44,'H8',1,0,NULL),(3901,54,44,'H9',1,0,NULL),(3902,54,44,'H10',1,0,NULL),(3903,54,44,'H11',1,0,NULL),(3904,54,44,'H12',1,0,NULL),(3905,54,44,'H13',1,0,NULL),(3906,54,44,'H14',1,0,NULL),(3907,54,44,'H15',1,0,NULL),(3908,54,44,'H16',1,0,NULL),(3909,54,44,'H17',1,0,NULL),(3910,54,44,'H18',1,0,NULL),(3911,54,44,'H19',1,0,NULL),(3912,54,44,'H20',1,0,NULL),(3913,54,44,'I1',1,0,NULL),(3914,54,44,'I2',1,0,NULL),(3915,54,44,'I3',1,0,NULL),(3916,54,44,'I4',1,0,NULL),(3917,54,44,'I5',1,0,NULL),(3918,54,44,'I6',1,0,NULL),(3919,54,44,'I7',1,0,NULL),(3920,54,44,'I8',1,0,NULL),(3921,54,44,'I9',1,0,NULL),(3922,54,44,'I10',1,0,NULL),(3923,54,44,'I11',1,0,NULL),(3924,54,44,'I12',1,0,NULL),(3925,54,44,'I13',1,0,NULL),(3926,54,44,'I14',1,0,NULL),(3927,54,44,'I15',1,0,NULL),(3928,54,44,'I16',1,0,NULL),(3929,54,44,'I17',1,0,NULL),(3930,54,44,'I18',1,0,NULL),(3931,54,44,'I19',1,0,NULL),(3932,54,44,'I20',1,0,NULL),(3933,54,45,'A1',1,0,NULL),(3934,54,45,'A2',1,0,NULL),(3935,54,45,'A3',1,0,NULL),(3936,54,45,'A4',1,0,NULL),(3937,54,45,'A5',1,0,NULL),(3938,54,45,'A6',1,0,NULL),(3939,54,45,'A7',1,0,NULL),(3940,54,45,'A8',1,0,NULL),(3941,54,45,'A9',1,0,NULL),(3942,54,45,'A10',1,0,NULL),(3943,54,45,'A11',1,0,NULL),(3944,54,45,'A12',1,0,NULL),(3945,54,45,'A13',1,0,NULL),(3946,54,45,'A14',1,0,NULL),(3947,54,45,'A15',1,0,NULL),(3948,54,45,'A16',1,0,NULL),(3949,54,45,'A17',1,0,NULL),(3950,54,45,'A18',1,0,NULL),(3951,54,45,'A19',1,0,NULL),(3952,54,45,'A20',1,0,NULL),(3953,54,45,'B1',1,0,NULL),(3954,54,45,'B2',1,0,NULL),(3955,54,45,'B3',1,0,NULL),(3956,54,45,'B4',1,0,NULL),(3957,54,45,'B5',1,0,NULL),(3958,54,45,'B6',1,0,NULL),(3959,54,45,'B7',1,0,NULL),(3960,54,45,'B8',1,0,NULL),(3961,54,45,'B9',1,0,NULL),(3962,54,45,'B10',1,0,NULL),(3963,54,45,'B11',1,0,NULL),(3964,54,45,'B12',1,0,NULL),(3965,54,45,'B13',1,0,NULL),(3966,54,45,'B14',1,0,NULL),(3967,54,45,'B15',1,0,NULL),(3968,54,45,'B16',1,0,NULL),(3969,54,45,'B17',1,0,NULL),(3970,54,45,'B18',1,0,NULL),(3971,54,45,'B19',1,0,NULL),(3972,54,45,'B20',1,0,NULL),(3973,54,45,'C1',1,0,NULL),(3974,54,45,'C2',1,0,NULL),(3975,54,45,'C3',1,0,NULL),(3976,54,45,'C4',1,0,NULL),(3977,54,45,'C5',1,0,NULL),(3978,54,45,'C6',1,0,NULL),(3979,54,45,'C7',1,0,NULL),(3980,54,45,'C8',1,0,NULL),(3981,54,45,'C9',1,0,NULL),(3982,54,45,'C10',1,0,NULL),(3983,54,45,'C11',1,0,NULL),(3984,54,45,'C12',1,0,NULL),(3985,54,45,'C13',1,0,NULL),(3986,54,45,'C14',1,0,NULL),(3987,54,45,'C15',1,0,NULL),(3988,54,45,'C16',1,0,NULL),(3989,54,45,'C17',1,0,NULL),(3990,54,45,'C18',1,0,NULL),(3991,54,45,'C19',1,0,NULL),(3992,54,45,'C20',1,0,NULL),(3993,54,45,'D1',1,1,NULL),(3994,54,45,'D2',1,1,NULL),(3995,54,45,'D3',1,1,NULL),(3996,54,45,'D4',1,1,NULL),(3997,54,45,'D5',1,1,NULL),(3998,54,45,'D6',1,1,NULL),(3999,54,45,'D7',1,1,NULL),(4000,54,45,'D8',1,1,NULL),(4001,54,45,'D9',1,1,NULL),(4002,54,45,'D10',1,1,NULL),(4003,54,45,'D11',1,1,NULL),(4004,54,45,'D12',1,1,NULL),(4005,54,45,'D13',1,1,NULL),(4006,54,45,'D14',1,1,NULL),(4007,54,45,'D15',1,1,NULL),(4008,54,45,'D16',1,1,NULL),(4009,54,45,'E1',1,0,NULL),(4010,54,45,'E2',1,0,NULL),(4011,54,45,'E3',1,0,NULL),(4012,54,45,'E4',1,0,NULL),(4013,54,45,'E5',1,0,NULL),(4014,54,45,'E6',1,0,NULL),(4015,54,45,'E7',1,0,NULL),(4016,54,45,'E8',1,0,NULL),(4017,54,45,'E9',1,0,NULL),(4018,54,45,'E10',1,0,NULL),(4019,54,45,'E11',1,0,NULL),(4020,54,45,'E12',1,0,NULL),(4021,54,45,'E13',1,0,NULL),(4022,54,45,'E14',1,0,NULL),(4023,54,45,'E15',1,0,NULL),(4024,54,45,'E16',1,0,NULL),(4025,54,45,'F1',1,0,NULL),(4026,54,45,'F2',1,0,NULL),(4027,54,45,'F3',1,0,NULL),(4028,54,45,'F4',1,0,NULL),(4029,54,45,'F5',1,0,NULL),(4030,54,45,'F6',1,0,NULL),(4031,54,45,'F7',1,0,NULL),(4032,54,45,'F8',1,0,NULL),(4033,54,45,'F9',1,0,NULL),(4034,54,45,'F10',1,0,NULL),(4035,54,45,'F11',1,0,NULL),(4036,54,45,'F12',1,0,NULL),(4037,54,45,'F13',1,0,NULL),(4038,54,45,'F14',1,0,NULL),(4039,54,45,'F15',1,0,NULL),(4040,54,45,'F16',1,0,NULL),(4041,54,45,'G1',1,0,NULL),(4042,54,45,'G2',1,0,NULL),(4043,54,45,'G3',1,0,NULL),(4044,54,45,'G4',1,0,NULL),(4045,54,45,'G5',1,0,NULL),(4046,54,45,'G6',1,0,NULL),(4047,54,45,'G7',1,0,NULL),(4048,54,45,'G8',1,0,NULL),(4049,54,45,'G9',1,0,NULL),(4050,54,45,'G10',1,0,NULL),(4051,54,45,'G11',1,0,NULL),(4052,54,45,'G12',1,0,NULL),(4053,54,45,'G13',1,0,NULL),(4054,54,45,'G14',1,0,NULL),(4055,54,45,'G15',1,0,NULL),(4056,54,45,'G16',1,0,NULL),(4057,54,45,'H1',1,0,NULL),(4058,54,45,'H2',1,0,NULL),(4059,54,45,'H3',1,0,NULL),(4060,54,45,'H4',1,0,NULL),(4061,54,45,'H5',1,0,NULL),(4062,54,45,'H6',1,0,NULL),(4063,54,45,'H7',1,0,NULL),(4064,54,45,'H8',1,0,NULL),(4065,54,45,'H9',1,0,NULL),(4066,54,45,'H10',1,0,NULL),(4067,54,45,'H11',1,0,NULL),(4068,54,45,'H12',1,0,NULL),(4069,54,45,'H13',1,0,NULL),(4070,54,45,'H14',1,0,NULL),(4071,54,45,'H15',1,0,NULL),(4072,54,45,'H16',1,0,NULL),(4073,54,45,'H17',1,0,NULL),(4074,54,45,'H18',1,0,NULL),(4075,54,45,'H19',1,0,NULL),(4076,54,45,'H20',1,0,NULL),(4077,54,45,'I1',1,0,NULL),(4078,54,45,'I2',1,0,NULL),(4079,54,45,'I3',1,0,NULL),(4080,54,45,'I4',1,0,NULL),(4081,54,45,'I5',1,0,NULL),(4082,54,45,'I6',1,0,NULL),(4083,54,45,'I7',1,0,NULL),(4084,54,45,'I8',1,0,NULL),(4085,54,45,'I9',1,0,NULL),(4086,54,45,'I10',1,0,NULL),(4087,54,45,'I11',1,0,NULL),(4088,54,45,'I12',1,0,NULL),(4089,54,45,'I13',1,0,NULL),(4090,54,45,'I14',1,0,NULL),(4091,54,45,'I15',1,0,NULL),(4092,54,45,'I16',1,0,NULL),(4093,54,45,'I17',1,0,NULL),(4094,54,45,'I18',1,0,NULL),(4095,54,45,'I19',1,0,NULL),(4096,54,45,'I20',1,0,NULL),(4097,54,46,'A1',1,0,NULL),(4098,54,46,'A2',1,0,NULL),(4099,54,46,'A3',1,0,NULL),(4100,54,46,'A4',1,0,NULL),(4101,54,46,'A5',1,0,NULL),(4102,54,46,'A6',1,0,NULL),(4103,54,46,'A7',1,0,NULL),(4104,54,46,'A8',1,0,NULL),(4105,54,46,'A9',1,0,NULL),(4106,54,46,'A10',1,0,NULL),(4107,54,46,'A11',1,0,NULL),(4108,54,46,'A12',1,0,NULL),(4109,54,46,'A13',1,0,NULL),(4110,54,46,'A14',1,0,NULL),(4111,54,46,'A15',1,0,NULL),(4112,54,46,'A16',1,0,NULL),(4113,54,46,'A17',1,0,NULL),(4114,54,46,'A18',1,0,NULL),(4115,54,46,'A19',1,0,NULL),(4116,54,46,'A20',1,0,NULL),(4117,54,46,'B1',1,0,NULL),(4118,54,46,'B2',1,0,NULL),(4119,54,46,'B3',1,0,NULL),(4120,54,46,'B4',1,0,NULL),(4121,54,46,'B5',1,0,NULL),(4122,54,46,'B6',1,0,NULL),(4123,54,46,'B7',1,0,NULL),(4124,54,46,'B8',1,0,NULL),(4125,54,46,'B9',1,0,NULL),(4126,54,46,'B10',1,0,NULL),(4127,54,46,'B11',1,0,NULL),(4128,54,46,'B12',1,0,NULL),(4129,54,46,'B13',1,0,NULL),(4130,54,46,'B14',1,0,NULL),(4131,54,46,'B15',1,0,NULL),(4132,54,46,'B16',1,0,NULL),(4133,54,46,'B17',1,0,NULL),(4134,54,46,'B18',1,0,NULL),(4135,54,46,'B19',1,0,NULL),(4136,54,46,'B20',1,0,NULL),(4137,54,46,'C1',1,0,NULL),(4138,54,46,'C2',1,0,NULL),(4139,54,46,'C3',1,0,NULL),(4140,54,46,'C4',1,0,NULL),(4141,54,46,'C5',1,0,NULL),(4142,54,46,'C6',1,0,NULL),(4143,54,46,'C7',1,0,NULL),(4144,54,46,'C8',1,0,NULL),(4145,54,46,'C9',1,0,NULL),(4146,54,46,'C10',1,0,NULL),(4147,54,46,'C11',1,0,NULL),(4148,54,46,'C12',1,0,NULL),(4149,54,46,'C13',1,0,NULL),(4150,54,46,'C14',1,0,NULL),(4151,54,46,'C15',1,0,NULL),(4152,54,46,'C16',1,0,NULL),(4153,54,46,'C17',1,0,NULL),(4154,54,46,'C18',1,0,NULL),(4155,54,46,'C19',1,0,NULL),(4156,54,46,'C20',1,0,NULL),(4157,54,46,'D1',1,1,NULL),(4158,54,46,'D2',1,1,NULL),(4159,54,46,'D3',1,1,NULL),(4160,54,46,'D4',1,1,NULL),(4161,54,46,'D5',1,1,NULL),(4162,54,46,'D6',1,1,NULL),(4163,54,46,'D7',1,1,NULL),(4164,54,46,'D8',1,1,NULL),(4165,54,46,'D9',1,1,NULL),(4166,54,46,'D10',1,1,NULL),(4167,54,46,'D11',1,1,NULL),(4168,54,46,'D12',1,1,NULL),(4169,54,46,'D13',1,1,NULL),(4170,54,46,'D14',1,1,NULL),(4171,54,46,'D15',1,1,NULL),(4172,54,46,'D16',1,1,NULL),(4173,54,46,'E1',1,0,NULL),(4174,54,46,'E2',1,0,NULL),(4175,54,46,'E3',1,0,NULL),(4176,54,46,'E4',1,0,NULL),(4177,54,46,'E5',1,0,NULL),(4178,54,46,'E6',1,0,NULL),(4179,54,46,'E7',1,0,NULL),(4180,54,46,'E8',1,0,NULL),(4181,54,46,'E9',1,0,NULL),(4182,54,46,'E10',1,0,NULL),(4183,54,46,'E11',1,0,NULL),(4184,54,46,'E12',1,0,NULL),(4185,54,46,'E13',1,0,NULL),(4186,54,46,'E14',1,0,NULL),(4187,54,46,'E15',1,0,NULL),(4188,54,46,'E16',1,0,NULL),(4189,54,46,'F1',1,0,NULL),(4190,54,46,'F2',1,0,NULL),(4191,54,46,'F3',1,0,NULL),(4192,54,46,'F4',1,0,NULL),(4193,54,46,'F5',1,0,NULL),(4194,54,46,'F6',1,0,NULL),(4195,54,46,'F7',1,0,NULL),(4196,54,46,'F8',1,0,NULL),(4197,54,46,'F9',1,0,NULL),(4198,54,46,'F10',1,0,NULL),(4199,54,46,'F11',1,0,NULL),(4200,54,46,'F12',1,0,NULL),(4201,54,46,'F13',1,0,NULL),(4202,54,46,'F14',1,0,NULL),(4203,54,46,'F15',1,0,NULL),(4204,54,46,'F16',1,0,NULL),(4205,54,46,'G1',1,0,NULL),(4206,54,46,'G2',1,0,NULL),(4207,54,46,'G3',1,0,NULL),(4208,54,46,'G4',1,0,NULL),(4209,54,46,'G5',1,0,NULL),(4210,54,46,'G6',1,0,NULL),(4211,54,46,'G7',1,0,NULL),(4212,54,46,'G8',1,0,NULL),(4213,54,46,'G9',1,0,NULL),(4214,54,46,'G10',1,0,NULL),(4215,54,46,'G11',1,0,NULL),(4216,54,46,'G12',1,0,NULL),(4217,54,46,'G13',1,0,NULL),(4218,54,46,'G14',1,0,NULL),(4219,54,46,'G15',1,0,NULL),(4220,54,46,'G16',1,0,NULL),(4221,54,46,'H1',1,0,NULL),(4222,54,46,'H2',1,0,NULL),(4223,54,46,'H3',1,0,NULL),(4224,54,46,'H4',1,0,NULL),(4225,54,46,'H5',1,0,NULL),(4226,54,46,'H6',1,0,NULL),(4227,54,46,'H7',1,0,NULL),(4228,54,46,'H8',1,0,NULL),(4229,54,46,'H9',1,0,NULL),(4230,54,46,'H10',1,0,NULL),(4231,54,46,'H11',1,0,NULL),(4232,54,46,'H12',1,0,NULL),(4233,54,46,'H13',1,0,NULL),(4234,54,46,'H14',1,0,NULL),(4235,54,46,'H15',1,0,NULL),(4236,54,46,'H16',1,0,NULL),(4237,54,46,'H17',1,0,NULL),(4238,54,46,'H18',1,0,NULL),(4239,54,46,'H19',1,0,NULL),(4240,54,46,'H20',1,0,NULL),(4241,54,46,'I1',1,0,NULL),(4242,54,46,'I2',1,0,NULL),(4243,54,46,'I3',1,0,NULL),(4244,54,46,'I4',1,0,NULL),(4245,54,46,'I5',1,0,NULL),(4246,54,46,'I6',1,0,NULL),(4247,54,46,'I7',1,0,NULL),(4248,54,46,'I8',1,0,NULL),(4249,54,46,'I9',1,0,NULL),(4250,54,46,'I10',1,0,NULL),(4251,54,46,'I11',1,0,NULL),(4252,54,46,'I12',1,0,NULL),(4253,54,46,'I13',1,0,NULL),(4254,54,46,'I14',1,0,NULL),(4255,54,46,'I15',1,0,NULL),(4256,54,46,'I16',1,0,NULL),(4257,54,46,'I17',1,0,NULL),(4258,54,46,'I18',1,0,NULL),(4259,54,46,'I19',1,0,NULL),(4260,54,46,'I20',1,0,NULL),(4261,54,47,'A1',1,0,NULL),(4262,54,47,'A2',1,0,NULL),(4263,54,47,'A3',1,0,NULL),(4264,54,47,'A4',1,0,NULL),(4265,54,47,'A5',1,0,NULL),(4266,54,47,'A6',1,0,NULL),(4267,54,47,'A7',1,0,NULL),(4268,54,47,'A8',1,0,NULL),(4269,54,47,'A9',1,0,NULL),(4270,54,47,'A10',1,0,NULL),(4271,54,47,'A11',1,0,NULL),(4272,54,47,'A12',1,0,NULL),(4273,54,47,'A13',1,0,NULL),(4274,54,47,'A14',1,0,NULL),(4275,54,47,'A15',1,0,NULL),(4276,54,47,'A16',1,0,NULL),(4277,54,47,'A17',1,0,NULL),(4278,54,47,'A18',1,0,NULL),(4279,54,47,'A19',1,0,NULL),(4280,54,47,'A20',1,0,NULL),(4281,54,47,'B1',1,0,NULL),(4282,54,47,'B2',1,0,NULL),(4283,54,47,'B3',1,0,NULL),(4284,54,47,'B4',1,0,NULL),(4285,54,47,'B5',1,0,NULL),(4286,54,47,'B6',1,0,NULL),(4287,54,47,'B7',1,0,NULL),(4288,54,47,'B8',1,0,NULL),(4289,54,47,'B9',1,0,NULL),(4290,54,47,'B10',1,0,NULL),(4291,54,47,'B11',1,0,NULL),(4292,54,47,'B12',1,0,NULL),(4293,54,47,'B13',1,0,NULL),(4294,54,47,'B14',1,0,NULL),(4295,54,47,'B15',1,0,NULL),(4296,54,47,'B16',1,0,NULL),(4297,54,47,'B17',1,0,NULL),(4298,54,47,'B18',1,0,NULL),(4299,54,47,'B19',1,0,NULL),(4300,54,47,'B20',1,0,NULL),(4301,54,47,'C1',1,0,NULL),(4302,54,47,'C2',1,0,NULL),(4303,54,47,'C3',1,0,NULL),(4304,54,47,'C4',1,0,NULL),(4305,54,47,'C5',1,0,NULL),(4306,54,47,'C6',1,0,NULL),(4307,54,47,'C7',1,0,NULL),(4308,54,47,'C8',1,0,NULL),(4309,54,47,'C9',1,0,NULL),(4310,54,47,'C10',1,0,NULL),(4311,54,47,'C11',1,0,NULL),(4312,54,47,'C12',1,0,NULL),(4313,54,47,'C13',1,0,NULL),(4314,54,47,'C14',1,0,NULL),(4315,54,47,'C15',1,0,NULL),(4316,54,47,'C16',1,0,NULL),(4317,54,47,'C17',1,0,NULL),(4318,54,47,'C18',1,0,NULL),(4319,54,47,'C19',1,0,NULL),(4320,54,47,'C20',1,0,NULL),(4321,54,47,'D1',1,1,NULL),(4322,54,47,'D2',1,1,NULL),(4323,54,47,'D3',1,1,NULL),(4324,54,47,'D4',1,1,NULL),(4325,54,47,'D5',1,1,NULL),(4326,54,47,'D6',1,1,NULL),(4327,54,47,'D7',1,1,NULL),(4328,54,47,'D8',1,1,NULL),(4329,54,47,'D9',1,1,NULL),(4330,54,47,'D10',1,1,NULL),(4331,54,47,'D11',1,1,NULL),(4332,54,47,'D12',1,1,NULL),(4333,54,47,'D13',1,1,NULL),(4334,54,47,'D14',1,1,NULL),(4335,54,47,'D15',1,1,NULL),(4336,54,47,'D16',1,1,NULL),(4337,54,47,'E1',1,0,NULL),(4338,54,47,'E2',1,0,NULL),(4339,54,47,'E3',1,0,NULL),(4340,54,47,'E4',1,0,NULL),(4341,54,47,'E5',1,0,NULL),(4342,54,47,'E6',1,0,NULL),(4343,54,47,'E7',1,0,NULL),(4344,54,47,'E8',1,0,NULL),(4345,54,47,'E9',1,0,NULL),(4346,54,47,'E10',1,0,NULL),(4347,54,47,'E11',1,0,NULL),(4348,54,47,'E12',1,0,NULL),(4349,54,47,'E13',1,0,NULL),(4350,54,47,'E14',1,0,NULL),(4351,54,47,'E15',1,0,NULL),(4352,54,47,'E16',1,0,NULL),(4353,54,47,'F1',1,0,NULL),(4354,54,47,'F2',1,0,NULL),(4355,54,47,'F3',1,0,NULL),(4356,54,47,'F4',1,0,NULL),(4357,54,47,'F5',1,0,NULL),(4358,54,47,'F6',1,0,NULL),(4359,54,47,'F7',1,0,NULL),(4360,54,47,'F8',1,0,NULL),(4361,54,47,'F9',1,0,NULL),(4362,54,47,'F10',1,0,NULL),(4363,54,47,'F11',1,0,NULL),(4364,54,47,'F12',1,0,NULL),(4365,54,47,'F13',1,0,NULL),(4366,54,47,'F14',1,0,NULL),(4367,54,47,'F15',1,0,NULL),(4368,54,47,'F16',1,0,NULL),(4369,54,47,'G1',1,0,NULL),(4370,54,47,'G2',1,0,NULL),(4371,54,47,'G3',1,0,NULL),(4372,54,47,'G4',1,0,NULL),(4373,54,47,'G5',1,0,NULL),(4374,54,47,'G6',1,0,NULL),(4375,54,47,'G7',1,0,NULL),(4376,54,47,'G8',1,0,NULL),(4377,54,47,'G9',1,0,NULL),(4378,54,47,'G10',1,0,NULL),(4379,54,47,'G11',1,0,NULL),(4380,54,47,'G12',1,0,NULL),(4381,54,47,'G13',1,0,NULL),(4382,54,47,'G14',1,0,NULL),(4383,54,47,'G15',1,0,NULL),(4384,54,47,'G16',1,0,NULL),(4385,54,47,'H1',1,0,NULL),(4386,54,47,'H2',1,0,NULL),(4387,54,47,'H3',1,0,NULL),(4388,54,47,'H4',1,0,NULL),(4389,54,47,'H5',1,0,NULL),(4390,54,47,'H6',1,0,NULL),(4391,54,47,'H7',1,0,NULL),(4392,54,47,'H8',1,0,NULL),(4393,54,47,'H9',1,0,NULL),(4394,54,47,'H10',1,0,NULL),(4395,54,47,'H11',1,0,NULL),(4396,54,47,'H12',1,0,NULL),(4397,54,47,'H13',1,0,NULL),(4398,54,47,'H14',1,0,NULL),(4399,54,47,'H15',1,0,NULL),(4400,54,47,'H16',1,0,NULL),(4401,54,47,'H17',1,0,NULL),(4402,54,47,'H18',1,0,NULL),(4403,54,47,'H19',1,0,NULL),(4404,54,47,'H20',1,0,NULL),(4405,54,47,'I1',1,0,NULL),(4406,54,47,'I2',1,0,NULL),(4407,54,47,'I3',1,0,NULL),(4408,54,47,'I4',1,0,NULL),(4409,54,47,'I5',1,0,NULL),(4410,54,47,'I6',1,0,NULL),(4411,54,47,'I7',1,0,NULL),(4412,54,47,'I8',1,0,NULL),(4413,54,47,'I9',1,0,NULL),(4414,54,47,'I10',1,0,NULL),(4415,54,47,'I11',1,0,NULL),(4416,54,47,'I12',1,0,NULL),(4417,54,47,'I13',1,0,NULL),(4418,54,47,'I14',1,0,NULL),(4419,54,47,'I15',1,0,NULL),(4420,54,47,'I16',1,0,NULL),(4421,54,47,'I17',1,0,NULL),(4422,54,47,'I18',1,0,NULL),(4423,54,47,'I19',1,0,NULL),(4424,54,47,'I20',1,0,NULL),(4425,11,35,'A1',1,0,NULL),(4426,11,35,'A2',1,0,NULL),(4427,11,35,'A3',1,0,NULL),(4428,11,35,'A4',1,0,NULL),(4429,11,35,'A5',1,0,NULL),(4430,11,35,'A6',1,0,NULL),(4431,11,35,'A7',1,0,NULL),(4432,11,35,'A8',1,0,NULL),(4433,11,35,'A9',1,0,NULL),(4434,11,35,'A10',1,0,NULL),(4435,11,35,'A11',1,0,NULL),(4436,11,35,'A12',1,0,NULL),(4437,11,35,'A13',1,0,NULL),(4438,11,35,'A14',1,0,NULL),(4439,11,35,'A15',1,0,NULL),(4440,11,35,'A16',1,0,NULL),(4441,11,35,'A17',1,0,NULL),(4442,11,35,'A18',1,0,NULL),(4443,11,35,'A19',1,0,NULL),(4444,11,35,'A20',1,0,NULL),(4445,11,35,'B1',1,0,NULL),(4446,11,35,'B2',1,0,NULL),(4447,11,35,'B3',1,0,NULL),(4448,11,35,'B4',1,0,NULL),(4449,11,35,'B5',1,0,NULL),(4450,11,35,'B6',1,0,NULL),(4451,11,35,'B7',1,0,NULL),(4452,11,35,'B8',1,0,NULL),(4453,11,35,'B9',1,0,NULL),(4454,11,35,'B10',1,0,NULL),(4455,11,35,'B11',1,0,NULL),(4456,11,35,'B12',1,0,NULL),(4457,11,35,'B13',1,0,NULL),(4458,11,35,'B14',1,0,NULL),(4459,11,35,'B15',1,0,NULL),(4460,11,35,'B16',1,0,NULL),(4461,11,35,'B17',1,0,NULL),(4462,11,35,'B18',1,0,NULL),(4463,11,35,'B19',1,0,NULL),(4464,11,35,'B20',1,0,NULL),(4465,11,35,'C1',1,0,NULL),(4466,11,35,'C2',1,0,NULL),(4467,11,35,'C3',1,0,NULL),(4468,11,35,'C4',1,0,NULL),(4469,11,35,'C5',1,0,NULL),(4470,11,35,'C6',1,0,NULL),(4471,11,35,'C7',1,0,NULL),(4472,11,35,'C8',1,0,NULL),(4473,11,35,'C9',1,0,NULL),(4474,11,35,'C10',1,0,NULL),(4475,11,35,'C11',1,0,NULL),(4476,11,35,'C12',1,0,NULL),(4477,11,35,'C13',1,0,NULL),(4478,11,35,'C14',1,0,NULL),(4479,11,35,'C15',1,0,NULL),(4480,11,35,'C16',1,0,NULL),(4481,11,35,'C17',1,0,NULL),(4482,11,35,'C18',1,0,NULL),(4483,11,35,'C19',1,0,NULL),(4484,11,35,'C20',1,0,NULL),(4485,11,35,'D1',1,1,NULL),(4486,11,35,'D2',1,1,NULL),(4487,11,35,'D3',1,1,NULL),(4488,11,35,'D4',1,1,NULL),(4489,11,35,'D5',1,1,NULL),(4490,11,35,'D6',1,1,NULL),(4491,11,35,'D7',1,1,NULL),(4492,11,35,'D8',1,1,NULL),(4493,11,35,'D9',1,1,NULL),(4494,11,35,'D10',1,1,NULL),(4495,11,35,'D11',1,1,NULL),(4496,11,35,'D12',1,1,NULL),(4497,11,35,'D13',1,1,NULL),(4498,11,35,'D14',1,1,NULL),(4499,11,35,'D15',1,1,NULL),(4500,11,35,'D16',1,1,NULL),(4501,11,35,'E1',1,0,NULL),(4502,11,35,'E2',1,0,NULL),(4503,11,35,'E3',1,0,NULL),(4504,11,35,'E4',1,0,NULL),(4505,11,35,'E5',1,0,NULL),(4506,11,35,'E6',1,0,NULL),(4507,11,35,'E7',1,0,NULL),(4508,11,35,'E8',1,0,NULL),(4509,11,35,'E9',1,0,NULL),(4510,11,35,'E10',1,0,NULL),(4511,11,35,'E11',1,0,NULL),(4512,11,35,'E12',1,0,NULL),(4513,11,35,'E13',1,0,NULL),(4514,11,35,'E14',1,0,NULL),(4515,11,35,'E15',1,0,NULL),(4516,11,35,'E16',1,0,NULL),(4517,11,35,'F1',1,0,NULL),(4518,11,35,'F2',1,0,NULL),(4519,11,35,'F3',1,0,NULL),(4520,11,35,'F4',1,0,NULL),(4521,11,35,'F5',1,0,NULL),(4522,11,35,'F6',1,0,NULL),(4523,11,35,'F7',1,0,NULL),(4524,11,35,'F8',1,0,NULL),(4525,11,35,'F9',1,0,NULL),(4526,11,35,'F10',1,0,NULL),(4527,11,35,'F11',1,0,NULL),(4528,11,35,'F12',1,0,NULL),(4529,11,35,'F13',1,0,NULL),(4530,11,35,'F14',1,0,NULL),(4531,11,35,'F15',1,0,NULL),(4532,11,35,'F16',1,0,NULL),(4533,11,35,'G1',1,0,NULL),(4534,11,35,'G2',1,0,NULL),(4535,11,35,'G3',1,0,NULL),(4536,11,35,'G4',1,0,NULL),(4537,11,35,'G5',1,0,NULL),(4538,11,35,'G6',1,0,NULL),(4539,11,35,'G7',1,0,NULL),(4540,11,35,'G8',1,0,NULL),(4541,11,35,'G9',1,0,NULL),(4542,11,35,'G10',1,0,NULL),(4543,11,35,'G11',1,0,NULL),(4544,11,35,'G12',1,0,NULL),(4545,11,35,'G13',1,0,NULL),(4546,11,35,'G14',1,0,NULL),(4547,11,35,'G15',1,0,NULL),(4548,11,35,'G16',1,0,NULL),(4549,11,35,'H1',1,0,NULL),(4550,11,35,'H2',1,0,NULL),(4551,11,35,'H3',1,0,NULL),(4552,11,35,'H4',1,0,NULL),(4553,11,35,'H5',1,0,NULL),(4554,11,35,'H6',1,0,NULL),(4555,11,35,'H7',1,0,NULL),(4556,11,35,'H8',1,0,NULL),(4557,11,35,'H9',1,0,NULL),(4558,11,35,'H10',1,0,NULL),(4559,11,35,'H11',1,0,NULL),(4560,11,35,'H12',1,0,NULL),(4561,11,35,'H13',1,0,NULL),(4562,11,35,'H14',1,0,NULL),(4563,11,35,'H15',1,0,NULL),(4564,11,35,'H16',1,0,NULL),(4565,11,35,'H17',1,0,NULL),(4566,11,35,'H18',1,0,NULL),(4567,11,35,'H19',1,0,NULL),(4568,11,35,'H20',1,0,NULL),(4569,11,35,'I1',1,0,NULL),(4570,11,35,'I2',1,0,NULL),(4571,11,35,'I3',1,0,NULL),(4572,11,35,'I4',1,0,NULL),(4573,11,35,'I5',1,0,NULL),(4574,11,35,'I6',1,0,NULL),(4575,11,35,'I7',1,0,NULL),(4576,11,35,'I8',1,0,NULL),(4577,11,35,'I9',1,0,NULL),(4578,11,35,'I10',1,0,NULL),(4579,11,35,'I11',1,0,NULL),(4580,11,35,'I12',1,0,NULL),(4581,11,35,'I13',1,0,NULL),(4582,11,35,'I14',1,0,NULL),(4583,11,35,'I15',1,0,NULL),(4584,11,35,'I16',1,0,NULL),(4585,11,35,'I17',1,0,NULL),(4586,11,35,'I18',1,0,NULL),(4587,11,35,'I19',1,0,NULL),(4588,11,35,'I20',1,0,NULL),(4589,11,36,'A1',1,0,NULL),(4590,11,36,'A2',1,0,NULL),(4591,11,36,'A3',1,0,NULL),(4592,11,36,'A4',1,0,NULL),(4593,11,36,'A5',1,0,NULL),(4594,11,36,'A6',1,0,NULL),(4595,11,36,'A7',1,0,NULL),(4596,11,36,'A8',1,0,NULL),(4597,11,36,'A9',1,0,NULL),(4598,11,36,'A10',1,0,NULL),(4599,11,36,'A11',1,0,NULL),(4600,11,36,'A12',1,0,NULL),(4601,11,36,'A13',1,0,NULL),(4602,11,36,'A14',1,0,NULL),(4603,11,36,'A15',1,0,NULL),(4604,11,36,'A16',1,0,NULL),(4605,11,36,'A17',1,0,NULL),(4606,11,36,'A18',1,0,NULL),(4607,11,36,'A19',1,0,NULL),(4608,11,36,'A20',1,0,NULL),(4609,11,36,'B1',1,0,NULL),(4610,11,36,'B2',1,0,NULL),(4611,11,36,'B3',1,0,NULL),(4612,11,36,'B4',1,0,NULL),(4613,11,36,'B5',1,0,NULL),(4614,11,36,'B6',1,0,NULL),(4615,11,36,'B7',1,0,NULL),(4616,11,36,'B8',1,0,NULL),(4617,11,36,'B9',1,0,NULL),(4618,11,36,'B10',1,0,NULL),(4619,11,36,'B11',1,0,NULL),(4620,11,36,'B12',1,0,NULL),(4621,11,36,'B13',1,0,NULL),(4622,11,36,'B14',1,0,NULL),(4623,11,36,'B15',1,0,NULL),(4624,11,36,'B16',1,0,NULL),(4625,11,36,'B17',1,0,NULL),(4626,11,36,'B18',1,0,NULL),(4627,11,36,'B19',1,0,NULL),(4628,11,36,'B20',1,0,NULL),(4629,11,36,'C1',1,0,NULL),(4630,11,36,'C2',1,0,NULL),(4631,11,36,'C3',1,0,NULL),(4632,11,36,'C4',1,0,NULL),(4633,11,36,'C5',1,0,NULL),(4634,11,36,'C6',1,0,NULL),(4635,11,36,'C7',1,0,NULL),(4636,11,36,'C8',1,0,NULL),(4637,11,36,'C9',1,0,NULL),(4638,11,36,'C10',1,0,NULL),(4639,11,36,'C11',1,0,NULL),(4640,11,36,'C12',1,0,NULL),(4641,11,36,'C13',1,0,NULL),(4642,11,36,'C14',1,0,NULL),(4643,11,36,'C15',1,0,NULL),(4644,11,36,'C16',1,0,NULL),(4645,11,36,'C17',1,0,NULL),(4646,11,36,'C18',1,0,NULL),(4647,11,36,'C19',1,0,NULL),(4648,11,36,'C20',1,0,NULL),(4649,11,36,'D1',1,1,NULL),(4650,11,36,'D2',1,1,NULL),(4651,11,36,'D3',1,1,NULL),(4652,11,36,'D4',1,1,NULL),(4653,11,36,'D5',1,1,NULL),(4654,11,36,'D6',1,1,NULL),(4655,11,36,'D7',1,1,NULL),(4656,11,36,'D8',1,1,NULL),(4657,11,36,'D9',1,1,NULL),(4658,11,36,'D10',1,1,NULL),(4659,11,36,'D11',1,1,NULL),(4660,11,36,'D12',1,1,NULL),(4661,11,36,'D13',1,1,NULL),(4662,11,36,'D14',1,1,NULL),(4663,11,36,'D15',1,1,NULL),(4664,11,36,'D16',1,1,NULL),(4665,11,36,'E1',1,0,NULL),(4666,11,36,'E2',1,0,NULL),(4667,11,36,'E3',1,0,NULL),(4668,11,36,'E4',1,0,NULL),(4669,11,36,'E5',1,0,NULL),(4670,11,36,'E6',1,0,NULL),(4671,11,36,'E7',1,0,NULL),(4672,11,36,'E8',1,0,NULL),(4673,11,36,'E9',1,0,NULL),(4674,11,36,'E10',1,0,NULL),(4675,11,36,'E11',1,0,NULL),(4676,11,36,'E12',1,0,NULL),(4677,11,36,'E13',1,0,NULL),(4678,11,36,'E14',1,0,NULL),(4679,11,36,'E15',1,0,NULL),(4680,11,36,'E16',1,0,NULL),(4681,11,36,'F1',1,0,NULL),(4682,11,36,'F2',1,0,NULL),(4683,11,36,'F3',1,0,NULL),(4684,11,36,'F4',1,0,NULL),(4685,11,36,'F5',1,0,NULL),(4686,11,36,'F6',1,0,NULL),(4687,11,36,'F7',1,0,NULL),(4688,11,36,'F8',1,0,NULL),(4689,11,36,'F9',1,0,NULL),(4690,11,36,'F10',1,0,NULL),(4691,11,36,'F11',1,0,NULL),(4692,11,36,'F12',1,0,NULL),(4693,11,36,'F13',1,0,NULL),(4694,11,36,'F14',1,0,NULL),(4695,11,36,'F15',1,0,NULL),(4696,11,36,'F16',1,0,NULL),(4697,11,36,'G1',1,0,NULL),(4698,11,36,'G2',1,0,NULL),(4699,11,36,'G3',1,0,NULL),(4700,11,36,'G4',1,0,NULL),(4701,11,36,'G5',1,0,NULL),(4702,11,36,'G6',1,0,NULL),(4703,11,36,'G7',1,0,NULL),(4704,11,36,'G8',1,0,NULL),(4705,11,36,'G9',1,0,NULL),(4706,11,36,'G10',1,0,NULL),(4707,11,36,'G11',1,0,NULL),(4708,11,36,'G12',1,0,NULL),(4709,11,36,'G13',1,0,NULL),(4710,11,36,'G14',1,0,NULL),(4711,11,36,'G15',1,0,NULL),(4712,11,36,'G16',1,0,NULL),(4713,11,36,'H1',1,0,NULL),(4714,11,36,'H2',1,0,NULL),(4715,11,36,'H3',1,0,NULL),(4716,11,36,'H4',1,0,NULL),(4717,11,36,'H5',1,0,NULL),(4718,11,36,'H6',1,0,NULL),(4719,11,36,'H7',1,0,NULL),(4720,11,36,'H8',1,0,NULL),(4721,11,36,'H9',1,0,NULL),(4722,11,36,'H10',1,0,NULL),(4723,11,36,'H11',1,0,NULL),(4724,11,36,'H12',1,0,NULL),(4725,11,36,'H13',1,0,NULL),(4726,11,36,'H14',1,0,NULL),(4727,11,36,'H15',1,0,NULL),(4728,11,36,'H16',1,0,NULL),(4729,11,36,'H17',1,0,NULL),(4730,11,36,'H18',1,0,NULL),(4731,11,36,'H19',1,0,NULL),(4732,11,36,'H20',1,0,NULL),(4733,11,36,'I1',1,0,NULL),(4734,11,36,'I2',1,0,NULL),(4735,11,36,'I3',1,0,NULL),(4736,11,36,'I4',1,0,NULL),(4737,11,36,'I5',1,0,NULL),(4738,11,36,'I6',1,0,NULL),(4739,11,36,'I7',1,0,NULL),(4740,11,36,'I8',1,0,NULL),(4741,11,36,'I9',1,0,NULL),(4742,11,36,'I10',1,0,NULL),(4743,11,36,'I11',1,0,NULL),(4744,11,36,'I12',1,0,NULL),(4745,11,36,'I13',1,0,NULL),(4746,11,36,'I14',1,0,NULL),(4747,11,36,'I15',1,0,NULL),(4748,11,36,'I16',1,0,NULL),(4749,11,36,'I17',1,0,NULL),(4750,11,36,'I18',1,0,NULL),(4751,11,36,'I19',1,0,NULL),(4752,11,36,'I20',1,0,NULL),(4753,11,37,'A1',1,0,NULL),(4754,11,37,'A2',1,0,NULL),(4755,11,37,'A3',1,0,NULL),(4756,11,37,'A4',1,0,NULL),(4757,11,37,'A5',1,0,NULL),(4758,11,37,'A6',1,0,NULL),(4759,11,37,'A7',1,0,NULL),(4760,11,37,'A8',1,0,NULL),(4761,11,37,'A9',1,0,NULL),(4762,11,37,'A10',1,0,NULL),(4763,11,37,'A11',1,0,NULL),(4764,11,37,'A12',1,0,NULL),(4765,11,37,'A13',1,0,NULL),(4766,11,37,'A14',1,0,NULL),(4767,11,37,'A15',1,0,NULL),(4768,11,37,'A16',1,0,NULL),(4769,11,37,'A17',1,0,NULL),(4770,11,37,'A18',1,0,NULL),(4771,11,37,'A19',1,0,NULL),(4772,11,37,'A20',1,0,NULL),(4773,11,37,'B1',1,0,NULL),(4774,11,37,'B2',1,0,NULL),(4775,11,37,'B3',1,0,NULL),(4776,11,37,'B4',1,0,NULL),(4777,11,37,'B5',1,0,NULL),(4778,11,37,'B6',1,0,NULL),(4779,11,37,'B7',1,0,NULL),(4780,11,37,'B8',1,0,NULL),(4781,11,37,'B9',1,0,NULL),(4782,11,37,'B10',1,0,NULL),(4783,11,37,'B11',1,0,NULL),(4784,11,37,'B12',1,0,NULL),(4785,11,37,'B13',1,0,NULL),(4786,11,37,'B14',1,0,NULL),(4787,11,37,'B15',1,0,NULL),(4788,11,37,'B16',1,0,NULL),(4789,11,37,'B17',1,0,NULL),(4790,11,37,'B18',1,0,NULL),(4791,11,37,'B19',1,0,NULL),(4792,11,37,'B20',1,0,NULL),(4793,11,37,'C1',1,0,NULL),(4794,11,37,'C2',1,0,NULL),(4795,11,37,'C3',1,0,NULL),(4796,11,37,'C4',1,0,NULL),(4797,11,37,'C5',1,0,NULL),(4798,11,37,'C6',1,0,NULL),(4799,11,37,'C7',1,0,NULL),(4800,11,37,'C8',1,0,NULL),(4801,11,37,'C9',1,0,NULL),(4802,11,37,'C10',1,0,NULL),(4803,11,37,'C11',1,0,NULL),(4804,11,37,'C12',1,0,NULL),(4805,11,37,'C13',1,0,NULL),(4806,11,37,'C14',1,0,NULL),(4807,11,37,'C15',1,0,NULL),(4808,11,37,'C16',1,0,NULL),(4809,11,37,'C17',1,0,NULL),(4810,11,37,'C18',1,0,NULL),(4811,11,37,'C19',1,0,NULL),(4812,11,37,'C20',1,0,NULL),(4813,11,37,'D1',1,1,NULL),(4814,11,37,'D2',1,1,NULL),(4815,11,37,'D3',1,1,NULL),(4816,11,37,'D4',1,1,NULL),(4817,11,37,'D5',1,1,NULL),(4818,11,37,'D6',1,1,NULL),(4819,11,37,'D7',1,1,NULL),(4820,11,37,'D8',1,1,NULL),(4821,11,37,'D9',1,1,NULL),(4822,11,37,'D10',1,1,NULL),(4823,11,37,'D11',1,1,NULL),(4824,11,37,'D12',1,1,NULL),(4825,11,37,'D13',1,1,NULL),(4826,11,37,'D14',1,1,NULL),(4827,11,37,'D15',1,1,NULL),(4828,11,37,'D16',1,1,NULL),(4829,11,37,'E1',1,0,NULL),(4830,11,37,'E2',1,0,NULL),(4831,11,37,'E3',1,0,NULL),(4832,11,37,'E4',1,0,NULL),(4833,11,37,'E5',1,0,NULL),(4834,11,37,'E6',1,0,NULL),(4835,11,37,'E7',1,0,NULL),(4836,11,37,'E8',1,0,NULL),(4837,11,37,'E9',1,0,NULL),(4838,11,37,'E10',1,0,NULL),(4839,11,37,'E11',1,0,NULL),(4840,11,37,'E12',1,0,NULL),(4841,11,37,'E13',1,0,NULL),(4842,11,37,'E14',1,0,NULL),(4843,11,37,'E15',1,0,NULL),(4844,11,37,'E16',1,0,NULL),(4845,11,37,'F1',1,0,NULL),(4846,11,37,'F2',1,0,NULL),(4847,11,37,'F3',1,0,NULL),(4848,11,37,'F4',1,0,NULL),(4849,11,37,'F5',1,0,NULL),(4850,11,37,'F6',1,0,NULL),(4851,11,37,'F7',1,0,NULL),(4852,11,37,'F8',1,0,NULL),(4853,11,37,'F9',1,0,NULL),(4854,11,37,'F10',1,0,NULL),(4855,11,37,'F11',1,0,NULL),(4856,11,37,'F12',1,0,NULL),(4857,11,37,'F13',1,0,NULL),(4858,11,37,'F14',1,0,NULL),(4859,11,37,'F15',1,0,NULL),(4860,11,37,'F16',1,0,NULL),(4861,11,37,'G1',1,0,NULL),(4862,11,37,'G2',1,0,NULL),(4863,11,37,'G3',1,0,NULL),(4864,11,37,'G4',1,0,NULL),(4865,11,37,'G5',1,0,NULL),(4866,11,37,'G6',1,0,NULL),(4867,11,37,'G7',1,0,NULL),(4868,11,37,'G8',1,0,NULL),(4869,11,37,'G9',1,0,NULL),(4870,11,37,'G10',1,0,NULL),(4871,11,37,'G11',1,0,NULL),(4872,11,37,'G12',1,0,NULL),(4873,11,37,'G13',1,0,NULL),(4874,11,37,'G14',1,0,NULL),(4875,11,37,'G15',1,0,NULL),(4876,11,37,'G16',1,0,NULL),(4877,11,37,'H1',1,0,NULL),(4878,11,37,'H2',1,0,NULL),(4879,11,37,'H3',1,0,NULL),(4880,11,37,'H4',1,0,NULL),(4881,11,37,'H5',1,0,NULL),(4882,11,37,'H6',1,0,NULL),(4883,11,37,'H7',1,0,NULL),(4884,11,37,'H8',1,0,NULL),(4885,11,37,'H9',1,0,NULL),(4886,11,37,'H10',1,0,NULL),(4887,11,37,'H11',1,0,NULL),(4888,11,37,'H12',1,0,NULL),(4889,11,37,'H13',1,0,NULL),(4890,11,37,'H14',1,0,NULL),(4891,11,37,'H15',1,0,NULL),(4892,11,37,'H16',1,0,NULL),(4893,11,37,'H17',1,0,NULL),(4894,11,37,'H18',1,0,NULL),(4895,11,37,'H19',1,0,NULL),(4896,11,37,'H20',1,0,NULL),(4897,11,37,'I1',1,0,NULL),(4898,11,37,'I2',1,0,NULL),(4899,11,37,'I3',1,0,NULL),(4900,11,37,'I4',1,0,NULL),(4901,11,37,'I5',1,0,NULL),(4902,11,37,'I6',1,0,NULL),(4903,11,37,'I7',1,0,NULL),(4904,11,37,'I8',1,0,NULL),(4905,11,37,'I9',1,0,NULL),(4906,11,37,'I10',1,0,NULL),(4907,11,37,'I11',1,0,NULL),(4908,11,37,'I12',1,0,NULL),(4909,11,37,'I13',1,0,NULL),(4910,11,37,'I14',1,0,NULL),(4911,11,37,'I15',1,0,NULL),(4912,11,37,'I16',1,0,NULL),(4913,11,37,'I17',1,0,NULL),(4914,11,37,'I18',1,0,NULL),(4915,11,37,'I19',1,0,NULL),(4916,11,37,'I20',1,0,NULL),(4917,11,38,'A1',1,0,NULL),(4918,11,38,'A2',1,0,NULL),(4919,11,38,'A3',1,0,NULL),(4920,11,38,'A4',1,0,NULL),(4921,11,38,'A5',1,0,NULL),(4922,11,38,'A6',1,0,NULL),(4923,11,38,'A7',1,0,NULL),(4924,11,38,'A8',1,0,NULL),(4925,11,38,'A9',1,0,NULL),(4926,11,38,'A10',1,0,NULL),(4927,11,38,'A11',1,0,NULL),(4928,11,38,'A12',1,0,NULL),(4929,11,38,'A13',1,0,NULL),(4930,11,38,'A14',1,0,NULL),(4931,11,38,'A15',1,0,NULL),(4932,11,38,'A16',1,0,NULL),(4933,11,38,'A17',1,0,NULL),(4934,11,38,'A18',1,0,NULL),(4935,11,38,'A19',1,0,NULL),(4936,11,38,'A20',1,0,NULL),(4937,11,38,'B1',1,0,NULL),(4938,11,38,'B2',1,0,NULL),(4939,11,38,'B3',1,0,NULL),(4940,11,38,'B4',1,0,NULL),(4941,11,38,'B5',1,0,NULL),(4942,11,38,'B6',1,0,NULL),(4943,11,38,'B7',1,0,NULL),(4944,11,38,'B8',1,0,NULL),(4945,11,38,'B9',1,0,NULL),(4946,11,38,'B10',1,0,NULL),(4947,11,38,'B11',1,0,NULL),(4948,11,38,'B12',1,0,NULL),(4949,11,38,'B13',1,0,NULL),(4950,11,38,'B14',1,0,NULL),(4951,11,38,'B15',1,0,NULL),(4952,11,38,'B16',1,0,NULL),(4953,11,38,'B17',1,0,NULL),(4954,11,38,'B18',1,0,NULL),(4955,11,38,'B19',1,0,NULL),(4956,11,38,'B20',1,0,NULL),(4957,11,38,'C1',1,0,NULL),(4958,11,38,'C2',1,0,NULL),(4959,11,38,'C3',1,0,NULL),(4960,11,38,'C4',1,0,NULL),(4961,11,38,'C5',1,0,NULL),(4962,11,38,'C6',1,0,NULL),(4963,11,38,'C7',1,0,NULL),(4964,11,38,'C8',1,0,NULL),(4965,11,38,'C9',1,0,NULL),(4966,11,38,'C10',1,0,NULL),(4967,11,38,'C11',1,0,NULL),(4968,11,38,'C12',1,0,NULL),(4969,11,38,'C13',1,0,NULL),(4970,11,38,'C14',1,0,NULL),(4971,11,38,'C15',1,0,NULL),(4972,11,38,'C16',1,0,NULL),(4973,11,38,'C17',1,0,NULL),(4974,11,38,'C18',1,0,NULL),(4975,11,38,'C19',1,0,NULL),(4976,11,38,'C20',1,0,NULL),(4977,11,38,'D1',1,1,NULL),(4978,11,38,'D2',1,1,NULL),(4979,11,38,'D3',1,1,NULL),(4980,11,38,'D4',1,1,NULL),(4981,11,38,'D5',1,1,NULL),(4982,11,38,'D6',1,1,NULL),(4983,11,38,'D7',1,1,NULL),(4984,11,38,'D8',1,1,NULL),(4985,11,38,'D9',1,1,NULL),(4986,11,38,'D10',1,1,NULL),(4987,11,38,'D11',1,1,NULL),(4988,11,38,'D12',1,1,NULL),(4989,11,38,'D13',1,1,NULL),(4990,11,38,'D14',1,1,NULL),(4991,11,38,'D15',1,1,NULL),(4992,11,38,'D16',1,1,NULL),(4993,11,38,'E1',1,0,NULL),(4994,11,38,'E2',1,0,NULL),(4995,11,38,'E3',1,0,NULL),(4996,11,38,'E4',1,0,NULL),(4997,11,38,'E5',1,0,NULL),(4998,11,38,'E6',1,0,NULL),(4999,11,38,'E7',1,0,NULL),(5000,11,38,'E8',1,0,NULL),(5001,11,38,'E9',1,0,NULL),(5002,11,38,'E10',1,0,NULL),(5003,11,38,'E11',1,0,NULL),(5004,11,38,'E12',1,0,NULL),(5005,11,38,'E13',1,0,NULL),(5006,11,38,'E14',1,0,NULL),(5007,11,38,'E15',1,0,NULL),(5008,11,38,'E16',1,0,NULL),(5009,11,38,'F1',1,0,NULL),(5010,11,38,'F2',1,0,NULL),(5011,11,38,'F3',1,0,NULL),(5012,11,38,'F4',1,0,NULL),(5013,11,38,'F5',1,0,NULL),(5014,11,38,'F6',1,0,NULL),(5015,11,38,'F7',1,0,NULL),(5016,11,38,'F8',1,0,NULL),(5017,11,38,'F9',1,0,NULL),(5018,11,38,'F10',1,0,NULL),(5019,11,38,'F11',1,0,NULL),(5020,11,38,'F12',1,0,NULL),(5021,11,38,'F13',1,0,NULL),(5022,11,38,'F14',1,0,NULL),(5023,11,38,'F15',1,0,NULL),(5024,11,38,'F16',1,0,NULL),(5025,11,38,'G1',1,0,NULL),(5026,11,38,'G2',1,0,NULL),(5027,11,38,'G3',1,0,NULL),(5028,11,38,'G4',1,0,NULL),(5029,11,38,'G5',1,0,NULL),(5030,11,38,'G6',1,0,NULL),(5031,11,38,'G7',1,0,NULL),(5032,11,38,'G8',1,0,NULL),(5033,11,38,'G9',1,0,NULL),(5034,11,38,'G10',1,0,NULL),(5035,11,38,'G11',1,0,NULL),(5036,11,38,'G12',1,0,NULL),(5037,11,38,'G13',1,0,NULL),(5038,11,38,'G14',1,0,NULL),(5039,11,38,'G15',1,0,NULL),(5040,11,38,'G16',1,0,NULL),(5041,11,38,'H1',1,0,NULL),(5042,11,38,'H2',1,0,NULL),(5043,11,38,'H3',1,0,NULL),(5044,11,38,'H4',1,0,NULL),(5045,11,38,'H5',1,0,NULL),(5046,11,38,'H6',1,0,NULL),(5047,11,38,'H7',1,0,NULL),(5048,11,38,'H8',1,0,NULL),(5049,11,38,'H9',1,0,NULL),(5050,11,38,'H10',1,0,NULL),(5051,11,38,'H11',1,0,NULL),(5052,11,38,'H12',1,0,NULL),(5053,11,38,'H13',1,0,NULL),(5054,11,38,'H14',1,0,NULL),(5055,11,38,'H15',1,0,NULL),(5056,11,38,'H16',1,0,NULL),(5057,11,38,'H17',1,0,NULL),(5058,11,38,'H18',1,0,NULL),(5059,11,38,'H19',1,0,NULL),(5060,11,38,'H20',1,0,NULL),(5061,11,38,'I1',1,0,NULL),(5062,11,38,'I2',1,0,NULL),(5063,11,38,'I3',1,0,NULL),(5064,11,38,'I4',1,0,NULL),(5065,11,38,'I5',1,0,NULL),(5066,11,38,'I6',1,0,NULL),(5067,11,38,'I7',1,0,NULL),(5068,11,38,'I8',1,0,NULL),(5069,11,38,'I9',1,0,NULL),(5070,11,38,'I10',1,0,NULL),(5071,11,38,'I11',1,0,NULL),(5072,11,38,'I12',1,0,NULL),(5073,11,38,'I13',1,0,NULL),(5074,11,38,'I14',1,0,NULL),(5075,11,38,'I15',1,0,NULL),(5076,11,38,'I16',1,0,NULL),(5077,11,38,'I17',1,0,NULL),(5078,11,38,'I18',1,0,NULL),(5079,11,38,'I19',1,0,NULL),(5080,11,38,'I20',1,0,NULL),(5081,11,39,'A1',1,0,NULL),(5082,11,39,'A2',1,0,NULL),(5083,11,39,'A3',1,0,NULL),(5084,11,39,'A4',1,0,NULL),(5085,11,39,'A5',1,0,NULL),(5086,11,39,'A6',1,0,NULL),(5087,11,39,'A7',1,0,NULL),(5088,11,39,'A8',1,0,NULL),(5089,11,39,'A9',1,0,NULL),(5090,11,39,'A10',1,0,NULL),(5091,11,39,'A11',1,0,NULL),(5092,11,39,'A12',1,0,NULL),(5093,11,39,'A13',1,0,NULL),(5094,11,39,'A14',1,0,NULL),(5095,11,39,'A15',1,0,NULL),(5096,11,39,'A16',1,0,NULL),(5097,11,39,'A17',1,0,NULL),(5098,11,39,'A18',1,0,NULL),(5099,11,39,'A19',1,0,NULL),(5100,11,39,'A20',1,0,NULL),(5101,11,39,'B1',1,0,NULL),(5102,11,39,'B2',1,0,NULL),(5103,11,39,'B3',1,0,NULL),(5104,11,39,'B4',1,0,NULL),(5105,11,39,'B5',1,0,NULL),(5106,11,39,'B6',1,0,NULL),(5107,11,39,'B7',1,0,NULL),(5108,11,39,'B8',1,0,NULL),(5109,11,39,'B9',1,0,NULL),(5110,11,39,'B10',1,0,NULL),(5111,11,39,'B11',1,0,NULL),(5112,11,39,'B12',1,0,NULL),(5113,11,39,'B13',1,0,NULL),(5114,11,39,'B14',1,0,NULL),(5115,11,39,'B15',1,0,NULL),(5116,11,39,'B16',1,0,NULL),(5117,11,39,'B17',1,0,NULL),(5118,11,39,'B18',1,0,NULL),(5119,11,39,'B19',1,0,NULL),(5120,11,39,'B20',1,0,NULL),(5121,11,39,'C1',1,0,NULL),(5122,11,39,'C2',1,0,NULL),(5123,11,39,'C3',1,0,NULL),(5124,11,39,'C4',1,0,NULL),(5125,11,39,'C5',1,0,NULL),(5126,11,39,'C6',1,0,NULL),(5127,11,39,'C7',1,0,NULL),(5128,11,39,'C8',1,0,NULL),(5129,11,39,'C9',1,0,NULL),(5130,11,39,'C10',1,0,NULL),(5131,11,39,'C11',1,0,NULL),(5132,11,39,'C12',1,0,NULL),(5133,11,39,'C13',1,0,NULL),(5134,11,39,'C14',1,0,NULL),(5135,11,39,'C15',1,0,NULL),(5136,11,39,'C16',1,0,NULL),(5137,11,39,'C17',1,0,NULL),(5138,11,39,'C18',1,0,NULL),(5139,11,39,'C19',1,0,NULL),(5140,11,39,'C20',1,0,NULL),(5141,11,39,'D1',1,1,NULL),(5142,11,39,'D2',1,1,NULL),(5143,11,39,'D3',1,1,NULL),(5144,11,39,'D4',1,1,NULL),(5145,11,39,'D5',1,1,NULL),(5146,11,39,'D6',1,1,NULL),(5147,11,39,'D7',1,1,NULL),(5148,11,39,'D8',1,1,NULL),(5149,11,39,'D9',1,1,NULL),(5150,11,39,'D10',1,1,NULL),(5151,11,39,'D11',1,1,NULL),(5152,11,39,'D12',1,1,NULL),(5153,11,39,'D13',1,1,NULL),(5154,11,39,'D14',1,1,NULL),(5155,11,39,'D15',1,1,NULL),(5156,11,39,'D16',1,1,NULL),(5157,11,39,'E1',1,0,NULL),(5158,11,39,'E2',1,0,NULL),(5159,11,39,'E3',1,0,NULL),(5160,11,39,'E4',1,0,NULL),(5161,11,39,'E5',1,0,NULL),(5162,11,39,'E6',1,0,NULL),(5163,11,39,'E7',1,0,NULL),(5164,11,39,'E8',1,0,NULL),(5165,11,39,'E9',1,0,NULL),(5166,11,39,'E10',1,0,NULL),(5167,11,39,'E11',1,0,NULL),(5168,11,39,'E12',1,0,NULL),(5169,11,39,'E13',1,0,NULL),(5170,11,39,'E14',1,0,NULL),(5171,11,39,'E15',1,0,NULL),(5172,11,39,'E16',1,0,NULL),(5173,11,39,'F1',1,0,NULL),(5174,11,39,'F2',1,0,NULL),(5175,11,39,'F3',1,0,NULL),(5176,11,39,'F4',1,0,NULL),(5177,11,39,'F5',1,0,NULL),(5178,11,39,'F6',1,0,NULL),(5179,11,39,'F7',1,0,NULL),(5180,11,39,'F8',1,0,NULL),(5181,11,39,'F9',1,0,NULL),(5182,11,39,'F10',1,0,NULL),(5183,11,39,'F11',1,0,NULL),(5184,11,39,'F12',1,0,NULL),(5185,11,39,'F13',1,0,NULL),(5186,11,39,'F14',1,0,NULL),(5187,11,39,'F15',1,0,NULL),(5188,11,39,'F16',1,0,NULL),(5189,11,39,'G1',1,0,NULL),(5190,11,39,'G2',1,0,NULL),(5191,11,39,'G3',1,0,NULL),(5192,11,39,'G4',1,0,NULL),(5193,11,39,'G5',1,0,NULL),(5194,11,39,'G6',1,0,NULL),(5195,11,39,'G7',1,0,NULL),(5196,11,39,'G8',1,0,NULL),(5197,11,39,'G9',1,0,NULL),(5198,11,39,'G10',1,0,NULL),(5199,11,39,'G11',1,0,NULL),(5200,11,39,'G12',1,0,NULL),(5201,11,39,'G13',1,0,NULL),(5202,11,39,'G14',1,0,NULL),(5203,11,39,'G15',1,0,NULL),(5204,11,39,'G16',1,0,NULL),(5205,11,39,'H1',1,0,NULL),(5206,11,39,'H2',1,0,NULL),(5207,11,39,'H3',1,0,NULL),(5208,11,39,'H4',1,0,NULL),(5209,11,39,'H5',1,0,NULL),(5210,11,39,'H6',1,0,NULL),(5211,11,39,'H7',1,0,NULL),(5212,11,39,'H8',1,0,NULL),(5213,11,39,'H9',1,0,NULL),(5214,11,39,'H10',1,0,NULL),(5215,11,39,'H11',1,0,NULL),(5216,11,39,'H12',1,0,NULL),(5217,11,39,'H13',1,0,NULL),(5218,11,39,'H14',1,0,NULL),(5219,11,39,'H15',1,0,NULL),(5220,11,39,'H16',1,0,NULL),(5221,11,39,'H17',1,0,NULL),(5222,11,39,'H18',1,0,NULL),(5223,11,39,'H19',1,0,NULL),(5224,11,39,'H20',1,0,NULL),(5225,11,39,'I1',1,0,NULL),(5226,11,39,'I2',1,0,NULL),(5227,11,39,'I3',1,0,NULL),(5228,11,39,'I4',1,0,NULL),(5229,11,39,'I5',1,0,NULL),(5230,11,39,'I6',1,0,NULL),(5231,11,39,'I7',1,0,NULL),(5232,11,39,'I8',1,0,NULL),(5233,11,39,'I9',1,0,NULL),(5234,11,39,'I10',1,0,NULL),(5235,11,39,'I11',1,0,NULL),(5236,11,39,'I12',1,0,NULL),(5237,11,39,'I13',1,0,NULL),(5238,11,39,'I14',1,0,NULL),(5239,11,39,'I15',1,0,NULL),(5240,11,39,'I16',1,0,NULL),(5241,11,39,'I17',1,0,NULL),(5242,11,39,'I18',1,0,NULL),(5243,11,39,'I19',1,0,NULL),(5244,11,39,'I20',1,0,NULL),(5245,9,26,'A1',1,0,NULL),(5246,9,26,'A2',1,0,NULL),(5247,9,26,'A3',1,0,NULL),(5248,9,26,'A4',1,0,NULL),(5249,9,26,'A5',1,0,NULL),(5250,9,26,'A6',1,0,NULL),(5251,9,26,'A7',1,0,NULL),(5252,9,26,'A8',1,0,NULL),(5253,9,26,'A9',1,0,NULL),(5254,9,26,'A10',1,0,NULL),(5255,9,26,'A11',1,0,NULL),(5256,9,26,'A12',1,0,NULL),(5257,9,26,'A13',1,0,NULL),(5258,9,26,'A14',1,0,NULL),(5259,9,26,'A15',1,0,NULL),(5260,9,26,'A16',1,0,NULL),(5261,9,26,'A17',1,0,NULL),(5262,9,26,'A18',1,0,NULL),(5263,9,26,'A19',1,0,NULL),(5264,9,26,'A20',1,0,NULL),(5265,9,26,'B1',1,0,NULL),(5266,9,26,'B2',1,0,NULL),(5267,9,26,'B3',1,0,NULL),(5268,9,26,'B4',1,0,NULL),(5269,9,26,'B5',1,0,NULL),(5270,9,26,'B6',1,0,NULL),(5271,9,26,'B7',1,0,NULL),(5272,9,26,'B8',1,0,NULL),(5273,9,26,'B9',1,0,NULL),(5274,9,26,'B10',1,0,NULL),(5275,9,26,'B11',1,0,NULL),(5276,9,26,'B12',1,0,NULL),(5277,9,26,'B13',1,0,NULL),(5278,9,26,'B14',1,0,NULL),(5279,9,26,'B15',1,0,NULL),(5280,9,26,'B16',1,0,NULL),(5281,9,26,'B17',1,0,NULL),(5282,9,26,'B18',1,0,NULL),(5283,9,26,'B19',1,0,NULL),(5284,9,26,'B20',1,0,NULL),(5285,9,26,'C1',1,0,NULL),(5286,9,26,'C2',1,0,NULL),(5287,9,26,'C3',1,0,NULL),(5288,9,26,'C4',1,0,NULL),(5289,9,26,'C5',1,0,NULL),(5290,9,26,'C6',1,0,NULL),(5291,9,26,'C7',1,0,NULL),(5292,9,26,'C8',1,0,NULL),(5293,9,26,'C9',1,0,NULL),(5294,9,26,'C10',1,0,NULL),(5295,9,26,'C11',1,0,NULL),(5296,9,26,'C12',1,0,NULL),(5297,9,26,'C13',1,0,NULL),(5298,9,26,'C14',1,0,NULL),(5299,9,26,'C15',1,0,NULL),(5300,9,26,'C16',1,0,NULL),(5301,9,26,'C17',1,0,NULL),(5302,9,26,'C18',1,0,NULL),(5303,9,26,'C19',1,0,NULL),(5304,9,26,'C20',1,0,NULL),(5305,9,26,'D1',1,1,NULL),(5306,9,26,'D2',1,1,NULL),(5307,9,26,'D3',1,1,NULL),(5308,9,26,'D4',1,1,NULL),(5309,9,26,'D5',1,1,NULL),(5310,9,26,'D6',1,1,NULL),(5311,9,26,'D7',1,1,NULL),(5312,9,26,'D8',1,1,NULL),(5313,9,26,'D9',1,1,NULL),(5314,9,26,'D10',1,1,NULL),(5315,9,26,'D11',1,1,NULL),(5316,9,26,'D12',1,1,NULL),(5317,9,26,'D13',1,1,NULL),(5318,9,26,'D14',1,1,NULL),(5319,9,26,'D15',1,1,NULL),(5320,9,26,'D16',1,1,NULL),(5321,9,26,'E1',1,0,NULL),(5322,9,26,'E2',1,0,NULL),(5323,9,26,'E3',1,0,NULL),(5324,9,26,'E4',1,0,NULL),(5325,9,26,'E5',1,0,NULL),(5326,9,26,'E6',1,0,NULL),(5327,9,26,'E7',1,0,NULL),(5328,9,26,'E8',1,0,NULL),(5329,9,26,'E9',1,0,NULL),(5330,9,26,'E10',1,0,NULL),(5331,9,26,'E11',1,0,NULL),(5332,9,26,'E12',1,0,NULL),(5333,9,26,'E13',1,0,NULL),(5334,9,26,'E14',1,0,NULL),(5335,9,26,'E15',1,0,NULL),(5336,9,26,'E16',1,0,NULL),(5337,9,26,'F1',1,0,NULL),(5338,9,26,'F2',1,0,NULL),(5339,9,26,'F3',1,0,NULL),(5340,9,26,'F4',1,0,NULL),(5341,9,26,'F5',1,0,NULL),(5342,9,26,'F6',1,0,NULL),(5343,9,26,'F7',1,0,NULL),(5344,9,26,'F8',1,0,NULL),(5345,9,26,'F9',1,0,NULL),(5346,9,26,'F10',1,0,NULL),(5347,9,26,'F11',1,0,NULL),(5348,9,26,'F12',1,0,NULL),(5349,9,26,'F13',1,0,NULL),(5350,9,26,'F14',1,0,NULL),(5351,9,26,'F15',1,0,NULL),(5352,9,26,'F16',1,0,NULL),(5353,9,26,'G1',1,0,NULL),(5354,9,26,'G2',1,0,NULL),(5355,9,26,'G3',1,0,NULL),(5356,9,26,'G4',1,0,NULL),(5357,9,26,'G5',1,0,NULL),(5358,9,26,'G6',1,0,NULL),(5359,9,26,'G7',1,0,NULL),(5360,9,26,'G8',1,0,NULL),(5361,9,26,'G9',1,0,NULL),(5362,9,26,'G10',1,0,NULL),(5363,9,26,'G11',1,0,NULL),(5364,9,26,'G12',1,0,NULL),(5365,9,26,'G13',1,0,NULL),(5366,9,26,'G14',1,0,NULL),(5367,9,26,'G15',1,0,NULL),(5368,9,26,'G16',1,0,NULL),(5369,9,26,'H1',1,0,NULL),(5370,9,26,'H2',1,0,NULL),(5371,9,26,'H3',1,0,NULL),(5372,9,26,'H4',1,0,NULL),(5373,9,26,'H5',1,0,NULL),(5374,9,26,'H6',1,0,NULL),(5375,9,26,'H7',1,0,NULL),(5376,9,26,'H8',1,0,NULL),(5377,9,26,'H9',1,0,NULL),(5378,9,26,'H10',1,0,NULL),(5379,9,26,'H11',1,0,NULL),(5380,9,26,'H12',1,0,NULL),(5381,9,26,'H13',1,0,NULL),(5382,9,26,'H14',1,0,NULL),(5383,9,26,'H15',1,0,NULL),(5384,9,26,'H16',1,0,NULL),(5385,9,26,'H17',1,0,NULL),(5386,9,26,'H18',1,0,NULL),(5387,9,26,'H19',1,0,NULL),(5388,9,26,'H20',1,0,NULL),(5389,9,26,'I1',1,0,NULL),(5390,9,26,'I2',1,0,NULL),(5391,9,26,'I3',1,0,NULL),(5392,9,26,'I4',1,0,NULL),(5393,9,26,'I5',1,0,NULL),(5394,9,26,'I6',1,0,NULL),(5395,9,26,'I7',1,0,NULL),(5396,9,26,'I8',1,0,NULL),(5397,9,26,'I9',1,0,NULL),(5398,9,26,'I10',1,0,NULL),(5399,9,26,'I11',1,0,NULL),(5400,9,26,'I12',1,0,NULL),(5401,9,26,'I13',1,0,NULL),(5402,9,26,'I14',1,0,NULL),(5403,9,26,'I15',1,0,NULL),(5404,9,26,'I16',1,0,NULL),(5405,9,26,'I17',1,0,NULL),(5406,9,26,'I18',1,0,NULL),(5407,9,26,'I19',1,0,NULL),(5408,9,26,'I20',1,0,NULL),(5409,9,27,'A1',1,0,NULL),(5410,9,27,'A2',1,0,NULL),(5411,9,27,'A3',1,0,NULL),(5412,9,27,'A4',1,0,NULL),(5413,9,27,'A5',1,0,NULL),(5414,9,27,'A6',1,0,NULL),(5415,9,27,'A7',1,0,NULL),(5416,9,27,'A8',1,0,NULL),(5417,9,27,'A9',1,0,NULL),(5418,9,27,'A10',1,0,NULL),(5419,9,27,'A11',1,0,NULL),(5420,9,27,'A12',1,0,NULL),(5421,9,27,'A13',1,0,NULL),(5422,9,27,'A14',1,0,NULL),(5423,9,27,'A15',1,0,NULL),(5424,9,27,'A16',1,0,NULL),(5425,9,27,'A17',1,0,NULL),(5426,9,27,'A18',1,0,NULL),(5427,9,27,'A19',1,0,NULL),(5428,9,27,'A20',1,0,NULL),(5429,9,27,'B1',1,0,NULL),(5430,9,27,'B2',1,0,NULL),(5431,9,27,'B3',1,0,NULL),(5432,9,27,'B4',1,0,NULL),(5433,9,27,'B5',1,0,NULL),(5434,9,27,'B6',1,0,NULL),(5435,9,27,'B7',1,0,NULL),(5436,9,27,'B8',1,0,NULL),(5437,9,27,'B9',1,0,NULL),(5438,9,27,'B10',1,0,NULL),(5439,9,27,'B11',1,0,NULL),(5440,9,27,'B12',1,0,NULL),(5441,9,27,'B13',1,0,NULL),(5442,9,27,'B14',1,0,NULL),(5443,9,27,'B15',1,0,NULL),(5444,9,27,'B16',1,0,NULL),(5445,9,27,'B17',1,0,NULL),(5446,9,27,'B18',1,0,NULL),(5447,9,27,'B19',1,0,NULL),(5448,9,27,'B20',1,0,NULL),(5449,9,27,'C1',1,0,NULL),(5450,9,27,'C2',1,0,NULL),(5451,9,27,'C3',1,0,NULL),(5452,9,27,'C4',1,0,NULL),(5453,9,27,'C5',1,0,NULL),(5454,9,27,'C6',1,0,NULL),(5455,9,27,'C7',1,0,NULL),(5456,9,27,'C8',1,0,NULL),(5457,9,27,'C9',1,0,NULL),(5458,9,27,'C10',1,0,NULL),(5459,9,27,'C11',1,0,NULL),(5460,9,27,'C12',1,0,NULL),(5461,9,27,'C13',1,0,NULL),(5462,9,27,'C14',1,0,NULL),(5463,9,27,'C15',1,0,NULL),(5464,9,27,'C16',1,0,NULL),(5465,9,27,'C17',1,0,NULL),(5466,9,27,'C18',1,0,NULL),(5467,9,27,'C19',1,0,NULL),(5468,9,27,'C20',1,0,NULL),(5469,9,27,'D1',1,1,NULL),(5470,9,27,'D2',1,1,NULL),(5471,9,27,'D3',1,1,NULL),(5472,9,27,'D4',1,1,NULL),(5473,9,27,'D5',1,1,NULL),(5474,9,27,'D6',1,1,NULL),(5475,9,27,'D7',1,1,NULL),(5476,9,27,'D8',1,1,NULL),(5477,9,27,'D9',1,1,NULL),(5478,9,27,'D10',1,1,NULL),(5479,9,27,'D11',1,1,NULL),(5480,9,27,'D12',1,1,NULL),(5481,9,27,'D13',1,1,NULL),(5482,9,27,'D14',1,1,NULL),(5483,9,27,'D15',1,1,NULL),(5484,9,27,'D16',1,1,NULL),(5485,9,27,'E1',1,0,NULL),(5486,9,27,'E2',1,0,NULL),(5487,9,27,'E3',1,0,NULL),(5488,9,27,'E4',1,0,NULL),(5489,9,27,'E5',1,0,NULL),(5490,9,27,'E6',1,0,NULL),(5491,9,27,'E7',1,0,NULL),(5492,9,27,'E8',1,0,NULL),(5493,9,27,'E9',1,0,NULL),(5494,9,27,'E10',1,0,NULL),(5495,9,27,'E11',1,0,NULL),(5496,9,27,'E12',1,0,NULL),(5497,9,27,'E13',1,0,NULL),(5498,9,27,'E14',1,0,NULL),(5499,9,27,'E15',1,0,NULL),(5500,9,27,'E16',1,0,NULL),(5501,9,27,'F1',1,0,NULL),(5502,9,27,'F2',1,0,NULL),(5503,9,27,'F3',1,0,NULL),(5504,9,27,'F4',1,0,NULL),(5505,9,27,'F5',1,0,NULL),(5506,9,27,'F6',1,0,NULL),(5507,9,27,'F7',1,0,NULL),(5508,9,27,'F8',1,0,NULL),(5509,9,27,'F9',1,0,NULL),(5510,9,27,'F10',1,0,NULL),(5511,9,27,'F11',1,0,NULL),(5512,9,27,'F12',1,0,NULL),(5513,9,27,'F13',1,0,NULL),(5514,9,27,'F14',1,0,NULL),(5515,9,27,'F15',1,0,NULL),(5516,9,27,'F16',1,0,NULL),(5517,9,27,'G1',1,0,NULL),(5518,9,27,'G2',1,0,NULL),(5519,9,27,'G3',1,0,NULL),(5520,9,27,'G4',1,0,NULL),(5521,9,27,'G5',1,0,NULL),(5522,9,27,'G6',1,0,NULL),(5523,9,27,'G7',1,0,NULL),(5524,9,27,'G8',1,0,NULL),(5525,9,27,'G9',1,0,NULL),(5526,9,27,'G10',1,0,NULL),(5527,9,27,'G11',1,0,NULL),(5528,9,27,'G12',1,0,NULL),(5529,9,27,'G13',1,0,NULL),(5530,9,27,'G14',1,0,NULL),(5531,9,27,'G15',1,0,NULL),(5532,9,27,'G16',1,0,NULL),(5533,9,27,'H1',1,0,NULL),(5534,9,27,'H2',1,0,NULL),(5535,9,27,'H3',1,0,NULL),(5536,9,27,'H4',1,0,NULL),(5537,9,27,'H5',1,0,NULL),(5538,9,27,'H6',1,0,NULL),(5539,9,27,'H7',1,0,NULL),(5540,9,27,'H8',1,0,NULL),(5541,9,27,'H9',1,0,NULL),(5542,9,27,'H10',1,0,NULL),(5543,9,27,'H11',1,0,NULL),(5544,9,27,'H12',1,0,NULL),(5545,9,27,'H13',1,0,NULL),(5546,9,27,'H14',1,0,NULL),(5547,9,27,'H15',1,0,NULL),(5548,9,27,'H16',1,0,NULL),(5549,9,27,'H17',1,0,NULL),(5550,9,27,'H18',1,0,NULL),(5551,9,27,'H19',1,0,NULL),(5552,9,27,'H20',1,0,NULL),(5553,9,27,'I1',1,0,NULL),(5554,9,27,'I2',1,0,NULL),(5555,9,27,'I3',1,0,NULL),(5556,9,27,'I4',1,0,NULL),(5557,9,27,'I5',1,0,NULL),(5558,9,27,'I6',1,0,NULL),(5559,9,27,'I7',1,0,NULL),(5560,9,27,'I8',1,0,NULL),(5561,9,27,'I9',1,0,NULL),(5562,9,27,'I10',1,0,NULL),(5563,9,27,'I11',1,0,NULL),(5564,9,27,'I12',1,0,NULL),(5565,9,27,'I13',1,0,NULL),(5566,9,27,'I14',1,0,NULL),(5567,9,27,'I15',1,0,NULL),(5568,9,27,'I16',1,0,NULL),(5569,9,27,'I17',1,0,NULL),(5570,9,27,'I18',1,0,NULL),(5571,9,27,'I19',1,0,NULL),(5572,9,27,'I20',1,0,NULL),(5573,9,28,'A1',1,0,NULL),(5574,9,28,'A2',1,0,NULL),(5575,9,28,'A3',1,0,NULL),(5576,9,28,'A4',1,0,NULL),(5577,9,28,'A5',1,0,NULL),(5578,9,28,'A6',1,0,NULL),(5579,9,28,'A7',1,0,NULL),(5580,9,28,'A8',1,0,NULL),(5581,9,28,'A9',1,0,NULL),(5582,9,28,'A10',1,0,NULL),(5583,9,28,'A11',1,0,NULL),(5584,9,28,'A12',1,0,NULL),(5585,9,28,'A13',1,0,NULL),(5586,9,28,'A14',1,0,NULL),(5587,9,28,'A15',1,0,NULL),(5588,9,28,'A16',1,0,NULL),(5589,9,28,'A17',1,0,NULL),(5590,9,28,'A18',1,0,NULL),(5591,9,28,'A19',1,0,NULL),(5592,9,28,'A20',1,0,NULL),(5593,9,28,'B1',1,0,NULL),(5594,9,28,'B2',1,0,NULL),(5595,9,28,'B3',1,0,NULL),(5596,9,28,'B4',1,0,NULL),(5597,9,28,'B5',1,0,NULL),(5598,9,28,'B6',1,0,NULL),(5599,9,28,'B7',1,0,NULL),(5600,9,28,'B8',1,0,NULL),(5601,9,28,'B9',1,0,NULL),(5602,9,28,'B10',1,0,NULL),(5603,9,28,'B11',1,0,NULL),(5604,9,28,'B12',1,0,NULL),(5605,9,28,'B13',1,0,NULL),(5606,9,28,'B14',1,0,NULL),(5607,9,28,'B15',1,0,NULL),(5608,9,28,'B16',1,0,NULL),(5609,9,28,'B17',1,0,NULL),(5610,9,28,'B18',1,0,NULL),(5611,9,28,'B19',1,0,NULL),(5612,9,28,'B20',1,0,NULL),(5613,9,28,'C1',1,0,NULL),(5614,9,28,'C2',1,0,NULL),(5615,9,28,'C3',1,0,NULL),(5616,9,28,'C4',1,0,NULL),(5617,9,28,'C5',1,0,NULL),(5618,9,28,'C6',1,0,NULL),(5619,9,28,'C7',1,0,NULL),(5620,9,28,'C8',1,0,NULL),(5621,9,28,'C9',1,0,NULL),(5622,9,28,'C10',1,0,NULL),(5623,9,28,'C11',1,0,NULL),(5624,9,28,'C12',1,0,NULL),(5625,9,28,'C13',1,0,NULL),(5626,9,28,'C14',1,0,NULL),(5627,9,28,'C15',1,0,NULL),(5628,9,28,'C16',1,0,NULL),(5629,9,28,'C17',1,0,NULL),(5630,9,28,'C18',1,0,NULL),(5631,9,28,'C19',1,0,NULL),(5632,9,28,'C20',1,0,NULL),(5633,9,28,'D1',1,1,NULL),(5634,9,28,'D2',1,1,NULL),(5635,9,28,'D3',1,1,NULL),(5636,9,28,'D4',1,1,NULL),(5637,9,28,'D5',1,1,NULL),(5638,9,28,'D6',1,1,NULL),(5639,9,28,'D7',1,1,NULL),(5640,9,28,'D8',1,1,NULL),(5641,9,28,'D9',1,1,NULL),(5642,9,28,'D10',1,1,NULL),(5643,9,28,'D11',1,1,NULL),(5644,9,28,'D12',1,1,NULL),(5645,9,28,'D13',1,1,NULL),(5646,9,28,'D14',1,1,NULL),(5647,9,28,'D15',1,1,NULL),(5648,9,28,'D16',1,1,NULL),(5649,9,28,'E1',1,0,NULL),(5650,9,28,'E2',1,0,NULL),(5651,9,28,'E3',1,0,NULL),(5652,9,28,'E4',1,0,NULL),(5653,9,28,'E5',1,0,NULL),(5654,9,28,'E6',1,0,NULL),(5655,9,28,'E7',1,0,NULL),(5656,9,28,'E8',1,0,NULL),(5657,9,28,'E9',1,0,NULL),(5658,9,28,'E10',1,0,NULL),(5659,9,28,'E11',1,0,NULL),(5660,9,28,'E12',1,0,NULL),(5661,9,28,'E13',1,0,NULL),(5662,9,28,'E14',1,0,NULL),(5663,9,28,'E15',1,0,NULL),(5664,9,28,'E16',1,0,NULL),(5665,9,28,'F1',1,0,NULL),(5666,9,28,'F2',1,0,NULL),(5667,9,28,'F3',1,0,NULL),(5668,9,28,'F4',1,0,NULL),(5669,9,28,'F5',1,0,NULL),(5670,9,28,'F6',1,0,NULL),(5671,9,28,'F7',1,0,NULL),(5672,9,28,'F8',1,0,NULL),(5673,9,28,'F9',1,0,NULL),(5674,9,28,'F10',1,0,NULL),(5675,9,28,'F11',1,0,NULL),(5676,9,28,'F12',1,0,NULL),(5677,9,28,'F13',1,0,NULL),(5678,9,28,'F14',1,0,NULL),(5679,9,28,'F15',1,0,NULL),(5680,9,28,'F16',1,0,NULL),(5681,9,28,'G1',1,0,NULL),(5682,9,28,'G2',1,0,NULL),(5683,9,28,'G3',1,0,NULL),(5684,9,28,'G4',1,0,NULL),(5685,9,28,'G5',1,0,NULL),(5686,9,28,'G6',1,0,NULL),(5687,9,28,'G7',1,0,NULL),(5688,9,28,'G8',1,0,NULL),(5689,9,28,'G9',1,0,NULL),(5690,9,28,'G10',1,0,NULL),(5691,9,28,'G11',1,0,NULL),(5692,9,28,'G12',1,0,NULL),(5693,9,28,'G13',1,0,NULL),(5694,9,28,'G14',1,0,NULL),(5695,9,28,'G15',1,0,NULL),(5696,9,28,'G16',1,0,NULL),(5697,9,28,'H1',1,0,NULL),(5698,9,28,'H2',1,0,NULL),(5699,9,28,'H3',1,0,NULL),(5700,9,28,'H4',1,0,NULL),(5701,9,28,'H5',1,0,NULL),(5702,9,28,'H6',1,0,NULL),(5703,9,28,'H7',1,0,NULL),(5704,9,28,'H8',1,0,NULL),(5705,9,28,'H9',1,0,NULL),(5706,9,28,'H10',1,0,NULL),(5707,9,28,'H11',1,0,NULL),(5708,9,28,'H12',1,0,NULL),(5709,9,28,'H13',1,0,NULL),(5710,9,28,'H14',1,0,NULL),(5711,9,28,'H15',1,0,NULL),(5712,9,28,'H16',1,0,NULL),(5713,9,28,'H17',1,0,NULL),(5714,9,28,'H18',1,0,NULL),(5715,9,28,'H19',1,0,NULL),(5716,9,28,'H20',1,0,NULL),(5717,9,28,'I1',1,0,NULL),(5718,9,28,'I2',1,0,NULL),(5719,9,28,'I3',1,0,NULL),(5720,9,28,'I4',1,0,NULL),(5721,9,28,'I5',1,0,NULL),(5722,9,28,'I6',1,0,NULL),(5723,9,28,'I7',1,0,NULL),(5724,9,28,'I8',1,0,NULL),(5725,9,28,'I9',1,0,NULL),(5726,9,28,'I10',1,0,NULL),(5727,9,28,'I11',1,0,NULL),(5728,9,28,'I12',1,0,NULL),(5729,9,28,'I13',1,0,NULL),(5730,9,28,'I14',1,0,NULL),(5731,9,28,'I15',1,0,NULL),(5732,9,28,'I16',1,0,NULL),(5733,9,28,'I17',1,0,NULL),(5734,9,28,'I18',1,0,NULL),(5735,9,28,'I19',1,0,NULL),(5736,9,28,'I20',1,0,NULL),(5737,9,29,'A1',1,0,NULL),(5738,9,29,'A2',1,0,NULL),(5739,9,29,'A3',1,0,NULL),(5740,9,29,'A4',1,0,NULL),(5741,9,29,'A5',1,0,NULL),(5742,9,29,'A6',1,0,NULL),(5743,9,29,'A7',1,0,NULL),(5744,9,29,'A8',1,0,NULL),(5745,9,29,'A9',1,0,NULL),(5746,9,29,'A10',1,0,NULL),(5747,9,29,'A11',1,0,NULL),(5748,9,29,'A12',1,0,NULL),(5749,9,29,'A13',1,0,NULL),(5750,9,29,'A14',1,0,NULL),(5751,9,29,'A15',1,0,NULL),(5752,9,29,'A16',1,0,NULL),(5753,9,29,'A17',1,0,NULL),(5754,9,29,'A18',1,0,NULL),(5755,9,29,'A19',1,0,NULL),(5756,9,29,'A20',1,0,NULL),(5757,9,29,'B1',1,0,NULL),(5758,9,29,'B2',1,0,NULL),(5759,9,29,'B3',1,0,NULL),(5760,9,29,'B4',1,0,NULL),(5761,9,29,'B5',1,0,NULL),(5762,9,29,'B6',1,0,NULL),(5763,9,29,'B7',1,0,NULL),(5764,9,29,'B8',1,0,NULL),(5765,9,29,'B9',1,0,NULL),(5766,9,29,'B10',1,0,NULL),(5767,9,29,'B11',1,0,NULL),(5768,9,29,'B12',1,0,NULL),(5769,9,29,'B13',1,0,NULL),(5770,9,29,'B14',1,0,NULL),(5771,9,29,'B15',1,0,NULL),(5772,9,29,'B16',1,0,NULL),(5773,9,29,'B17',1,0,NULL),(5774,9,29,'B18',1,0,NULL),(5775,9,29,'B19',1,0,NULL),(5776,9,29,'B20',1,0,NULL),(5777,9,29,'C1',1,0,NULL),(5778,9,29,'C2',1,0,NULL),(5779,9,29,'C3',1,0,NULL),(5780,9,29,'C4',1,0,NULL),(5781,9,29,'C5',1,0,NULL),(5782,9,29,'C6',1,0,NULL),(5783,9,29,'C7',1,0,NULL),(5784,9,29,'C8',1,0,NULL),(5785,9,29,'C9',1,0,NULL),(5786,9,29,'C10',1,0,NULL),(5787,9,29,'C11',1,0,NULL),(5788,9,29,'C12',1,0,NULL),(5789,9,29,'C13',1,0,NULL),(5790,9,29,'C14',1,0,NULL),(5791,9,29,'C15',1,0,NULL),(5792,9,29,'C16',1,0,NULL),(5793,9,29,'C17',1,0,NULL),(5794,9,29,'C18',1,0,NULL),(5795,9,29,'C19',1,0,NULL),(5796,9,29,'C20',1,0,NULL),(5797,9,29,'D1',1,1,NULL),(5798,9,29,'D2',1,1,NULL),(5799,9,29,'D3',1,1,NULL),(5800,9,29,'D4',1,1,NULL),(5801,9,29,'D5',1,1,NULL),(5802,9,29,'D6',1,1,NULL),(5803,9,29,'D7',1,1,NULL),(5804,9,29,'D8',1,1,NULL),(5805,9,29,'D9',1,1,NULL),(5806,9,29,'D10',1,1,NULL),(5807,9,29,'D11',1,1,NULL),(5808,9,29,'D12',1,1,NULL),(5809,9,29,'D13',1,1,NULL),(5810,9,29,'D14',1,1,NULL),(5811,9,29,'D15',1,1,NULL),(5812,9,29,'D16',1,1,NULL),(5813,9,29,'E1',1,0,NULL),(5814,9,29,'E2',1,0,NULL),(5815,9,29,'E3',1,0,NULL),(5816,9,29,'E4',1,0,NULL),(5817,9,29,'E5',1,0,NULL),(5818,9,29,'E6',1,0,NULL),(5819,9,29,'E7',1,0,NULL),(5820,9,29,'E8',1,0,NULL),(5821,9,29,'E9',1,0,NULL),(5822,9,29,'E10',1,0,NULL),(5823,9,29,'E11',1,0,NULL),(5824,9,29,'E12',1,0,NULL),(5825,9,29,'E13',1,0,NULL),(5826,9,29,'E14',1,0,NULL),(5827,9,29,'E15',1,0,NULL),(5828,9,29,'E16',1,0,NULL),(5829,9,29,'F1',1,0,NULL),(5830,9,29,'F2',1,0,NULL),(5831,9,29,'F3',1,0,NULL),(5832,9,29,'F4',1,0,NULL),(5833,9,29,'F5',1,0,NULL),(5834,9,29,'F6',1,0,NULL),(5835,9,29,'F7',1,0,NULL),(5836,9,29,'F8',1,0,NULL),(5837,9,29,'F9',1,0,NULL),(5838,9,29,'F10',1,0,NULL),(5839,9,29,'F11',1,0,NULL),(5840,9,29,'F12',1,0,NULL),(5841,9,29,'F13',1,0,NULL),(5842,9,29,'F14',1,0,NULL),(5843,9,29,'F15',1,0,NULL),(5844,9,29,'F16',1,0,NULL),(5845,9,29,'G1',1,0,NULL),(5846,9,29,'G2',1,0,NULL),(5847,9,29,'G3',1,0,NULL),(5848,9,29,'G4',1,0,NULL),(5849,9,29,'G5',1,0,NULL),(5850,9,29,'G6',1,0,NULL),(5851,9,29,'G7',1,0,NULL),(5852,9,29,'G8',1,0,NULL),(5853,9,29,'G9',1,0,NULL),(5854,9,29,'G10',1,0,NULL),(5855,9,29,'G11',1,0,NULL),(5856,9,29,'G12',1,0,NULL),(5857,9,29,'G13',1,0,NULL),(5858,9,29,'G14',1,0,NULL),(5859,9,29,'G15',1,0,NULL),(5860,9,29,'G16',1,0,NULL),(5861,9,29,'H1',1,0,NULL),(5862,9,29,'H2',1,0,NULL),(5863,9,29,'H3',1,0,NULL),(5864,9,29,'H4',1,0,NULL),(5865,9,29,'H5',1,0,NULL),(5866,9,29,'H6',1,0,NULL),(5867,9,29,'H7',1,0,NULL),(5868,9,29,'H8',1,0,NULL),(5869,9,29,'H9',1,0,NULL),(5870,9,29,'H10',1,0,NULL),(5871,9,29,'H11',1,0,NULL),(5872,9,29,'H12',1,0,NULL),(5873,9,29,'H13',1,0,NULL),(5874,9,29,'H14',1,0,NULL),(5875,9,29,'H15',1,0,NULL),(5876,9,29,'H16',1,0,NULL),(5877,9,29,'H17',1,0,NULL),(5878,9,29,'H18',1,0,NULL),(5879,9,29,'H19',1,0,NULL),(5880,9,29,'H20',1,0,NULL),(5881,9,29,'I1',1,0,NULL),(5882,9,29,'I2',1,0,NULL),(5883,9,29,'I3',1,0,NULL),(5884,9,29,'I4',1,0,NULL),(5885,9,29,'I5',1,0,NULL),(5886,9,29,'I6',1,0,NULL),(5887,9,29,'I7',1,0,NULL),(5888,9,29,'I8',1,0,NULL),(5889,9,29,'I9',1,0,NULL),(5890,9,29,'I10',1,0,NULL),(5891,9,29,'I11',1,0,NULL),(5892,9,29,'I12',1,0,NULL),(5893,9,29,'I13',1,0,NULL),(5894,9,29,'I14',1,0,NULL),(5895,9,29,'I15',1,0,NULL),(5896,9,29,'I16',1,0,NULL),(5897,9,29,'I17',1,0,NULL),(5898,9,29,'I18',1,0,NULL),(5899,9,29,'I19',1,0,NULL),(5900,9,29,'I20',1,0,NULL),(5901,9,30,'A1',1,0,NULL),(5902,9,30,'A2',1,0,NULL),(5903,9,30,'A3',1,0,NULL),(5904,9,30,'A4',1,0,NULL),(5905,9,30,'A5',1,0,NULL),(5906,9,30,'A6',1,0,NULL),(5907,9,30,'A7',1,0,NULL),(5908,9,30,'A8',1,0,NULL),(5909,9,30,'A9',1,0,NULL),(5910,9,30,'A10',1,0,NULL),(5911,9,30,'A11',1,0,NULL),(5912,9,30,'A12',1,0,NULL),(5913,9,30,'A13',1,0,NULL),(5914,9,30,'A14',1,0,NULL),(5915,9,30,'A15',1,0,NULL),(5916,9,30,'A16',1,0,NULL),(5917,9,30,'A17',1,0,NULL),(5918,9,30,'A18',1,0,NULL),(5919,9,30,'A19',1,0,NULL),(5920,9,30,'A20',1,0,NULL),(5921,9,30,'B1',1,0,NULL),(5922,9,30,'B2',1,0,NULL),(5923,9,30,'B3',1,0,NULL),(5924,9,30,'B4',1,0,NULL),(5925,9,30,'B5',1,0,NULL),(5926,9,30,'B6',1,0,NULL),(5927,9,30,'B7',1,0,NULL),(5928,9,30,'B8',1,0,NULL),(5929,9,30,'B9',1,0,NULL),(5930,9,30,'B10',1,0,NULL),(5931,9,30,'B11',1,0,NULL),(5932,9,30,'B12',1,0,NULL),(5933,9,30,'B13',1,0,NULL),(5934,9,30,'B14',1,0,NULL),(5935,9,30,'B15',1,0,NULL),(5936,9,30,'B16',1,0,NULL),(5937,9,30,'B17',1,0,NULL),(5938,9,30,'B18',1,0,NULL),(5939,9,30,'B19',1,0,NULL),(5940,9,30,'B20',1,0,NULL),(5941,9,30,'C1',1,0,NULL),(5942,9,30,'C2',1,0,NULL),(5943,9,30,'C3',1,0,NULL),(5944,9,30,'C4',1,0,NULL),(5945,9,30,'C5',1,0,NULL),(5946,9,30,'C6',1,0,NULL),(5947,9,30,'C7',1,0,NULL),(5948,9,30,'C8',1,0,NULL),(5949,9,30,'C9',1,0,NULL),(5950,9,30,'C10',1,0,NULL),(5951,9,30,'C11',1,0,NULL),(5952,9,30,'C12',1,0,NULL),(5953,9,30,'C13',1,0,NULL),(5954,9,30,'C14',1,0,NULL),(5955,9,30,'C15',1,0,NULL),(5956,9,30,'C16',1,0,NULL),(5957,9,30,'C17',1,0,NULL),(5958,9,30,'C18',1,0,NULL),(5959,9,30,'C19',1,0,NULL),(5960,9,30,'C20',1,0,NULL),(5961,9,30,'D1',1,1,NULL),(5962,9,30,'D2',1,1,NULL),(5963,9,30,'D3',1,1,NULL),(5964,9,30,'D4',1,1,NULL),(5965,9,30,'D5',1,1,NULL),(5966,9,30,'D6',1,1,NULL),(5967,9,30,'D7',1,1,NULL),(5968,9,30,'D8',1,1,NULL),(5969,9,30,'D9',1,1,NULL),(5970,9,30,'D10',1,1,NULL),(5971,9,30,'D11',1,1,NULL),(5972,9,30,'D12',1,1,NULL),(5973,9,30,'D13',1,1,NULL),(5974,9,30,'D14',1,1,NULL),(5975,9,30,'D15',1,1,NULL),(5976,9,30,'D16',1,1,NULL),(5977,9,30,'E1',1,0,NULL),(5978,9,30,'E2',1,0,NULL),(5979,9,30,'E3',1,0,NULL),(5980,9,30,'E4',1,0,NULL),(5981,9,30,'E5',1,0,NULL),(5982,9,30,'E6',1,0,NULL),(5983,9,30,'E7',1,0,NULL),(5984,9,30,'E8',1,0,NULL),(5985,9,30,'E9',1,0,NULL),(5986,9,30,'E10',1,0,NULL),(5987,9,30,'E11',1,0,NULL),(5988,9,30,'E12',1,0,NULL),(5989,9,30,'E13',1,0,NULL),(5990,9,30,'E14',1,0,NULL),(5991,9,30,'E15',1,0,NULL),(5992,9,30,'E16',1,0,NULL),(5993,9,30,'F1',1,0,NULL),(5994,9,30,'F2',1,0,NULL),(5995,9,30,'F3',1,0,NULL),(5996,9,30,'F4',1,0,NULL),(5997,9,30,'F5',1,0,NULL),(5998,9,30,'F6',1,0,NULL),(5999,9,30,'F7',1,0,NULL),(6000,9,30,'F8',1,0,NULL),(6001,9,30,'F9',1,0,NULL),(6002,9,30,'F10',1,0,NULL),(6003,9,30,'F11',1,0,NULL),(6004,9,30,'F12',1,0,NULL),(6005,9,30,'F13',1,0,NULL),(6006,9,30,'F14',1,0,NULL),(6007,9,30,'F15',1,0,NULL),(6008,9,30,'F16',1,0,NULL),(6009,9,30,'G1',1,0,NULL),(6010,9,30,'G2',1,0,NULL),(6011,9,30,'G3',1,0,NULL),(6012,9,30,'G4',1,0,NULL),(6013,9,30,'G5',1,0,NULL),(6014,9,30,'G6',1,0,NULL),(6015,9,30,'G7',1,0,NULL),(6016,9,30,'G8',1,0,NULL),(6017,9,30,'G9',1,0,NULL),(6018,9,30,'G10',1,0,NULL),(6019,9,30,'G11',1,0,NULL),(6020,9,30,'G12',1,0,NULL),(6021,9,30,'G13',1,0,NULL),(6022,9,30,'G14',1,0,NULL),(6023,9,30,'G15',1,0,NULL),(6024,9,30,'G16',1,0,NULL),(6025,9,30,'H1',1,0,NULL),(6026,9,30,'H2',1,0,NULL),(6027,9,30,'H3',1,0,NULL),(6028,9,30,'H4',1,0,NULL),(6029,9,30,'H5',1,0,NULL),(6030,9,30,'H6',1,0,NULL),(6031,9,30,'H7',1,0,NULL),(6032,9,30,'H8',1,0,NULL),(6033,9,30,'H9',1,0,NULL),(6034,9,30,'H10',1,0,NULL),(6035,9,30,'H11',1,0,NULL),(6036,9,30,'H12',1,0,NULL),(6037,9,30,'H13',1,0,NULL),(6038,9,30,'H14',1,0,NULL),(6039,9,30,'H15',1,0,NULL),(6040,9,30,'H16',1,0,NULL),(6041,9,30,'H17',1,0,NULL),(6042,9,30,'H18',1,0,NULL),(6043,9,30,'H19',1,0,NULL),(6044,9,30,'H20',1,0,NULL),(6045,9,30,'I1',1,0,NULL),(6046,9,30,'I2',1,0,NULL),(6047,9,30,'I3',1,0,NULL),(6048,9,30,'I4',1,0,NULL),(6049,9,30,'I5',1,0,NULL),(6050,9,30,'I6',1,0,NULL),(6051,9,30,'I7',1,0,NULL),(6052,9,30,'I8',1,0,NULL),(6053,9,30,'I9',1,0,NULL),(6054,9,30,'I10',1,0,NULL),(6055,9,30,'I11',1,0,NULL),(6056,9,30,'I12',1,0,NULL),(6057,9,30,'I13',1,0,NULL),(6058,9,30,'I14',1,0,NULL),(6059,9,30,'I15',1,0,NULL),(6060,9,30,'I16',1,0,NULL),(6061,9,30,'I17',1,0,NULL),(6062,9,30,'I18',1,0,NULL),(6063,9,30,'I19',1,0,NULL),(6064,9,30,'I20',1,0,NULL),(6065,7,16,'A1',1,0,NULL),(6066,7,16,'A2',1,0,NULL),(6067,7,16,'A3',1,0,NULL),(6068,7,16,'A4',1,0,NULL),(6069,7,16,'A5',1,0,NULL),(6070,7,16,'A6',1,0,NULL),(6071,7,16,'A7',1,0,NULL),(6072,7,16,'A8',1,0,NULL),(6073,7,16,'A9',1,0,NULL),(6074,7,16,'A10',1,0,NULL),(6075,7,16,'A11',1,0,NULL),(6076,7,16,'A12',1,0,NULL),(6077,7,16,'A13',1,0,NULL),(6078,7,16,'A14',1,0,NULL),(6079,7,16,'A15',1,0,NULL),(6080,7,16,'A16',1,0,NULL),(6081,7,16,'A17',1,0,NULL),(6082,7,16,'A18',1,0,NULL),(6083,7,16,'A19',1,0,NULL),(6084,7,16,'A20',1,0,NULL),(6085,7,16,'B1',1,0,NULL),(6086,7,16,'B2',1,0,NULL),(6087,7,16,'B3',1,0,NULL),(6088,7,16,'B4',1,0,NULL),(6089,7,16,'B5',1,0,NULL),(6090,7,16,'B6',1,0,NULL),(6091,7,16,'B7',1,0,NULL),(6092,7,16,'B8',1,0,NULL),(6093,7,16,'B9',1,0,NULL),(6094,7,16,'B10',1,0,NULL),(6095,7,16,'B11',1,0,NULL),(6096,7,16,'B12',1,0,NULL),(6097,7,16,'B13',1,0,NULL),(6098,7,16,'B14',1,0,NULL),(6099,7,16,'B15',1,0,NULL),(6100,7,16,'B16',1,0,NULL),(6101,7,16,'B17',1,0,NULL),(6102,7,16,'B18',1,0,NULL),(6103,7,16,'B19',1,0,NULL),(6104,7,16,'B20',1,0,NULL),(6105,7,16,'C1',1,0,NULL),(6106,7,16,'C2',1,0,NULL),(6107,7,16,'C3',1,0,NULL),(6108,7,16,'C4',1,0,NULL),(6109,7,16,'C5',1,0,NULL),(6110,7,16,'C6',1,0,NULL),(6111,7,16,'C7',1,0,NULL),(6112,7,16,'C8',1,0,NULL),(6113,7,16,'C9',1,0,NULL),(6114,7,16,'C10',1,0,NULL),(6115,7,16,'C11',1,0,NULL),(6116,7,16,'C12',1,0,NULL),(6117,7,16,'C13',1,0,NULL),(6118,7,16,'C14',1,0,NULL),(6119,7,16,'C15',1,0,NULL),(6120,7,16,'C16',1,0,NULL),(6121,7,16,'C17',1,0,NULL),(6122,7,16,'C18',1,0,NULL),(6123,7,16,'C19',1,0,NULL),(6124,7,16,'C20',1,0,NULL),(6125,7,16,'D1',1,1,NULL),(6126,7,16,'D2',1,1,NULL),(6127,7,16,'D3',1,1,NULL),(6128,7,16,'D4',1,1,NULL),(6129,7,16,'D5',1,1,NULL),(6130,7,16,'D6',1,1,NULL),(6131,7,16,'D7',1,1,NULL),(6132,7,16,'D8',1,1,NULL),(6133,7,16,'D9',1,1,NULL),(6134,7,16,'D10',1,1,NULL),(6135,7,16,'D11',1,1,NULL),(6136,7,16,'D12',1,1,NULL),(6137,7,16,'D13',1,1,NULL),(6138,7,16,'D14',1,1,NULL),(6139,7,16,'D15',1,1,NULL),(6140,7,16,'D16',1,1,NULL),(6141,7,16,'E1',1,0,NULL),(6142,7,16,'E2',1,0,NULL),(6143,7,16,'E3',1,0,NULL),(6144,7,16,'E4',1,0,NULL),(6145,7,16,'E5',1,0,NULL),(6146,7,16,'E6',1,0,NULL),(6147,7,16,'E7',1,0,NULL),(6148,7,16,'E8',1,0,NULL),(6149,7,16,'E9',1,0,NULL),(6150,7,16,'E10',1,0,NULL),(6151,7,16,'E11',1,0,NULL),(6152,7,16,'E12',1,0,NULL),(6153,7,16,'E13',1,0,NULL),(6154,7,16,'E14',1,0,NULL),(6155,7,16,'E15',1,0,NULL),(6156,7,16,'E16',1,0,NULL),(6157,7,16,'F1',1,0,NULL),(6158,7,16,'F2',1,0,NULL),(6159,7,16,'F3',1,0,NULL),(6160,7,16,'F4',1,0,NULL),(6161,7,16,'F5',1,0,NULL),(6162,7,16,'F6',1,0,NULL),(6163,7,16,'F7',1,0,NULL),(6164,7,16,'F8',1,0,NULL),(6165,7,16,'F9',1,0,NULL),(6166,7,16,'F10',1,0,NULL),(6167,7,16,'F11',1,0,NULL),(6168,7,16,'F12',1,0,NULL),(6169,7,16,'F13',1,0,NULL),(6170,7,16,'F14',1,0,NULL),(6171,7,16,'F15',1,0,NULL),(6172,7,16,'F16',1,0,NULL),(6173,7,16,'G1',1,0,NULL),(6174,7,16,'G2',1,0,NULL),(6175,7,16,'G3',1,0,NULL),(6176,7,16,'G4',1,0,NULL),(6177,7,16,'G5',1,0,NULL),(6178,7,16,'G6',1,0,NULL),(6179,7,16,'G7',1,0,NULL),(6180,7,16,'G8',1,0,NULL),(6181,7,16,'G9',1,0,NULL),(6182,7,16,'G10',1,0,NULL),(6183,7,16,'G11',1,0,NULL),(6184,7,16,'G12',1,0,NULL),(6185,7,16,'G13',1,0,NULL),(6186,7,16,'G14',1,0,NULL),(6187,7,16,'G15',1,0,NULL),(6188,7,16,'G16',1,0,NULL),(6189,7,16,'H1',1,0,NULL),(6190,7,16,'H2',1,0,NULL),(6191,7,16,'H3',1,0,NULL),(6192,7,16,'H4',1,0,NULL),(6193,7,16,'H5',1,0,NULL),(6194,7,16,'H6',1,0,NULL),(6195,7,16,'H7',1,0,NULL),(6196,7,16,'H8',1,0,NULL),(6197,7,16,'H9',1,0,NULL),(6198,7,16,'H10',1,0,NULL),(6199,7,16,'H11',1,0,NULL),(6200,7,16,'H12',1,0,NULL),(6201,7,16,'H13',1,0,NULL),(6202,7,16,'H14',1,0,NULL),(6203,7,16,'H15',1,0,NULL),(6204,7,16,'H16',1,0,NULL),(6205,7,16,'H17',1,0,NULL),(6206,7,16,'H18',1,0,NULL),(6207,7,16,'H19',1,0,NULL),(6208,7,16,'H20',1,0,NULL),(6209,7,16,'I1',1,0,NULL),(6210,7,16,'I2',1,0,NULL),(6211,7,16,'I3',1,0,NULL),(6212,7,16,'I4',1,0,NULL),(6213,7,16,'I5',1,0,NULL),(6214,7,16,'I6',1,0,NULL),(6215,7,16,'I7',1,0,NULL),(6216,7,16,'I8',1,0,NULL),(6217,7,16,'I9',1,0,NULL),(6218,7,16,'I10',1,0,NULL),(6219,7,16,'I11',1,0,NULL),(6220,7,16,'I12',1,0,NULL),(6221,7,16,'I13',1,0,NULL),(6222,7,16,'I14',1,0,NULL),(6223,7,16,'I15',1,0,NULL),(6224,7,16,'I16',1,0,NULL),(6225,7,16,'I17',1,0,NULL),(6226,7,16,'I18',1,0,NULL),(6227,7,16,'I19',1,0,NULL),(6228,7,16,'I20',1,0,NULL),(6229,7,17,'A1',1,0,NULL),(6230,7,17,'A2',1,0,NULL),(6231,7,17,'A3',1,0,NULL),(6232,7,17,'A4',1,0,NULL),(6233,7,17,'A5',1,0,NULL),(6234,7,17,'A6',1,0,NULL),(6235,7,17,'A7',1,0,NULL),(6236,7,17,'A8',1,0,NULL),(6237,7,17,'A9',1,0,NULL),(6238,7,17,'A10',1,0,NULL),(6239,7,17,'A11',1,0,NULL),(6240,7,17,'A12',1,0,NULL),(6241,7,17,'A13',1,0,NULL),(6242,7,17,'A14',1,0,NULL),(6243,7,17,'A15',1,0,NULL),(6244,7,17,'A16',1,0,NULL),(6245,7,17,'A17',1,0,NULL),(6246,7,17,'A18',1,0,NULL),(6247,7,17,'A19',1,0,NULL),(6248,7,17,'A20',1,0,NULL),(6249,7,17,'B1',1,0,NULL),(6250,7,17,'B2',1,0,NULL),(6251,7,17,'B3',1,0,NULL),(6252,7,17,'B4',1,0,NULL),(6253,7,17,'B5',1,0,NULL),(6254,7,17,'B6',1,0,NULL),(6255,7,17,'B7',1,0,NULL),(6256,7,17,'B8',1,0,NULL),(6257,7,17,'B9',1,0,NULL),(6258,7,17,'B10',1,0,NULL),(6259,7,17,'B11',1,0,NULL),(6260,7,17,'B12',1,0,NULL),(6261,7,17,'B13',1,0,NULL),(6262,7,17,'B14',1,0,NULL),(6263,7,17,'B15',1,0,NULL),(6264,7,17,'B16',1,0,NULL),(6265,7,17,'B17',1,0,NULL),(6266,7,17,'B18',1,0,NULL),(6267,7,17,'B19',1,0,NULL),(6268,7,17,'B20',1,0,NULL),(6269,7,17,'C1',1,0,NULL),(6270,7,17,'C2',1,0,NULL),(6271,7,17,'C3',1,0,NULL),(6272,7,17,'C4',1,0,NULL),(6273,7,17,'C5',1,0,NULL),(6274,7,17,'C6',1,0,NULL),(6275,7,17,'C7',1,0,NULL),(6276,7,17,'C8',1,0,NULL),(6277,7,17,'C9',1,0,NULL),(6278,7,17,'C10',1,0,NULL),(6279,7,17,'C11',1,0,NULL),(6280,7,17,'C12',1,0,NULL),(6281,7,17,'C13',1,0,NULL),(6282,7,17,'C14',1,0,NULL),(6283,7,17,'C15',1,0,NULL),(6284,7,17,'C16',1,0,NULL),(6285,7,17,'C17',1,0,NULL),(6286,7,17,'C18',1,0,NULL),(6287,7,17,'C19',1,0,NULL),(6288,7,17,'C20',1,0,NULL),(6289,7,17,'D1',1,1,NULL),(6290,7,17,'D2',1,1,NULL),(6291,7,17,'D3',1,1,NULL),(6292,7,17,'D4',1,1,NULL),(6293,7,17,'D5',1,1,NULL),(6294,7,17,'D6',1,1,NULL),(6295,7,17,'D7',1,1,NULL),(6296,7,17,'D8',1,1,NULL),(6297,7,17,'D9',1,1,NULL),(6298,7,17,'D10',1,1,NULL),(6299,7,17,'D11',1,1,NULL),(6300,7,17,'D12',1,1,NULL),(6301,7,17,'D13',1,1,NULL),(6302,7,17,'D14',1,1,NULL),(6303,7,17,'D15',1,1,NULL),(6304,7,17,'D16',1,1,NULL),(6305,7,17,'E1',1,0,NULL),(6306,7,17,'E2',1,0,NULL),(6307,7,17,'E3',1,0,NULL),(6308,7,17,'E4',1,0,NULL),(6309,7,17,'E5',1,0,NULL),(6310,7,17,'E6',1,0,NULL),(6311,7,17,'E7',1,0,NULL),(6312,7,17,'E8',1,0,NULL),(6313,7,17,'E9',1,0,NULL),(6314,7,17,'E10',1,0,NULL),(6315,7,17,'E11',1,0,NULL),(6316,7,17,'E12',1,0,NULL),(6317,7,17,'E13',1,0,NULL),(6318,7,17,'E14',1,0,NULL),(6319,7,17,'E15',1,0,NULL),(6320,7,17,'E16',1,0,NULL),(6321,7,17,'F1',1,0,NULL),(6322,7,17,'F2',1,0,NULL),(6323,7,17,'F3',1,0,NULL),(6324,7,17,'F4',1,0,NULL),(6325,7,17,'F5',1,0,NULL),(6326,7,17,'F6',1,0,NULL),(6327,7,17,'F7',1,0,NULL),(6328,7,17,'F8',1,0,NULL),(6329,7,17,'F9',1,0,NULL),(6330,7,17,'F10',1,0,NULL),(6331,7,17,'F11',1,0,NULL),(6332,7,17,'F12',1,0,NULL),(6333,7,17,'F13',1,0,NULL),(6334,7,17,'F14',1,0,NULL),(6335,7,17,'F15',1,0,NULL),(6336,7,17,'F16',1,0,NULL),(6337,7,17,'G1',1,0,NULL),(6338,7,17,'G2',1,0,NULL),(6339,7,17,'G3',1,0,NULL),(6340,7,17,'G4',1,0,NULL),(6341,7,17,'G5',1,0,NULL),(6342,7,17,'G6',1,0,NULL),(6343,7,17,'G7',1,0,NULL),(6344,7,17,'G8',1,0,NULL),(6345,7,17,'G9',1,0,NULL),(6346,7,17,'G10',1,0,NULL),(6347,7,17,'G11',1,0,NULL),(6348,7,17,'G12',1,0,NULL),(6349,7,17,'G13',1,0,NULL),(6350,7,17,'G14',1,0,NULL),(6351,7,17,'G15',1,0,NULL),(6352,7,17,'G16',1,0,NULL),(6353,7,17,'H1',1,0,NULL),(6354,7,17,'H2',1,0,NULL),(6355,7,17,'H3',1,0,NULL),(6356,7,17,'H4',1,0,NULL),(6357,7,17,'H5',1,0,NULL),(6358,7,17,'H6',1,0,NULL),(6359,7,17,'H7',1,0,NULL),(6360,7,17,'H8',1,0,NULL),(6361,7,17,'H9',1,0,NULL),(6362,7,17,'H10',1,0,NULL),(6363,7,17,'H11',1,0,NULL),(6364,7,17,'H12',1,0,NULL),(6365,7,17,'H13',1,0,NULL),(6366,7,17,'H14',1,0,NULL),(6367,7,17,'H15',1,0,NULL),(6368,7,17,'H16',1,0,NULL),(6369,7,17,'H17',1,0,NULL),(6370,7,17,'H18',1,0,NULL),(6371,7,17,'H19',1,0,NULL),(6372,7,17,'H20',1,0,NULL),(6373,7,17,'I1',1,0,NULL),(6374,7,17,'I2',1,0,NULL),(6375,7,17,'I3',1,0,NULL),(6376,7,17,'I4',1,0,NULL),(6377,7,17,'I5',1,0,NULL),(6378,7,17,'I6',1,0,NULL),(6379,7,17,'I7',1,0,NULL),(6380,7,17,'I8',1,0,NULL),(6381,7,17,'I9',1,0,NULL),(6382,7,17,'I10',1,0,NULL),(6383,7,17,'I11',1,0,NULL),(6384,7,17,'I12',1,0,NULL),(6385,7,17,'I13',1,0,NULL),(6386,7,17,'I14',1,0,NULL),(6387,7,17,'I15',1,0,NULL),(6388,7,17,'I16',1,0,NULL),(6389,7,17,'I17',1,0,NULL),(6390,7,17,'I18',1,0,NULL),(6391,7,17,'I19',1,0,NULL),(6392,7,17,'I20',1,0,NULL),(6393,7,18,'A1',1,0,NULL),(6394,7,18,'A2',1,0,NULL),(6395,7,18,'A3',1,0,NULL),(6396,7,18,'A4',1,0,NULL),(6397,7,18,'A5',1,0,NULL),(6398,7,18,'A6',1,0,NULL),(6399,7,18,'A7',1,0,NULL),(6400,7,18,'A8',1,0,NULL),(6401,7,18,'A9',1,0,NULL),(6402,7,18,'A10',1,0,NULL),(6403,7,18,'A11',1,0,NULL),(6404,7,18,'A12',1,0,NULL),(6405,7,18,'A13',1,0,NULL),(6406,7,18,'A14',1,0,NULL),(6407,7,18,'A15',1,0,NULL),(6408,7,18,'A16',1,0,NULL),(6409,7,18,'A17',1,0,NULL),(6410,7,18,'A18',1,0,NULL),(6411,7,18,'A19',1,0,NULL),(6412,7,18,'A20',1,0,NULL),(6413,7,18,'B1',1,0,NULL),(6414,7,18,'B2',1,0,NULL),(6415,7,18,'B3',1,0,NULL),(6416,7,18,'B4',1,0,NULL),(6417,7,18,'B5',1,0,NULL),(6418,7,18,'B6',1,0,NULL),(6419,7,18,'B7',1,0,NULL),(6420,7,18,'B8',1,0,NULL),(6421,7,18,'B9',1,0,NULL),(6422,7,18,'B10',1,0,NULL),(6423,7,18,'B11',1,0,NULL),(6424,7,18,'B12',1,0,NULL),(6425,7,18,'B13',1,0,NULL),(6426,7,18,'B14',1,0,NULL),(6427,7,18,'B15',1,0,NULL),(6428,7,18,'B16',1,0,NULL),(6429,7,18,'B17',1,0,NULL),(6430,7,18,'B18',1,0,NULL),(6431,7,18,'B19',1,0,NULL),(6432,7,18,'B20',1,0,NULL),(6433,7,18,'C1',1,0,NULL),(6434,7,18,'C2',1,0,NULL),(6435,7,18,'C3',1,0,NULL),(6436,7,18,'C4',1,0,NULL),(6437,7,18,'C5',1,0,NULL),(6438,7,18,'C6',1,0,NULL),(6439,7,18,'C7',1,0,NULL),(6440,7,18,'C8',1,0,NULL),(6441,7,18,'C9',1,0,NULL),(6442,7,18,'C10',1,0,NULL),(6443,7,18,'C11',1,0,NULL),(6444,7,18,'C12',1,0,NULL),(6445,7,18,'C13',1,0,NULL),(6446,7,18,'C14',1,0,NULL),(6447,7,18,'C15',1,0,NULL),(6448,7,18,'C16',1,0,NULL),(6449,7,18,'C17',1,0,NULL),(6450,7,18,'C18',1,0,NULL),(6451,7,18,'C19',1,0,NULL),(6452,7,18,'C20',1,0,NULL),(6453,7,18,'D1',1,1,NULL),(6454,7,18,'D2',1,1,NULL),(6455,7,18,'D3',1,1,NULL),(6456,7,18,'D4',1,1,NULL),(6457,7,18,'D5',1,1,NULL),(6458,7,18,'D6',1,1,NULL),(6459,7,18,'D7',1,1,NULL),(6460,7,18,'D8',1,1,NULL),(6461,7,18,'D9',1,1,NULL),(6462,7,18,'D10',1,1,NULL),(6463,7,18,'D11',1,1,NULL),(6464,7,18,'D12',1,1,NULL),(6465,7,18,'D13',1,1,NULL),(6466,7,18,'D14',1,1,NULL),(6467,7,18,'D15',1,1,NULL),(6468,7,18,'D16',1,1,NULL),(6469,7,18,'E1',1,0,NULL),(6470,7,18,'E2',1,0,NULL),(6471,7,18,'E3',1,0,NULL),(6472,7,18,'E4',1,0,NULL),(6473,7,18,'E5',1,0,NULL),(6474,7,18,'E6',1,0,NULL),(6475,7,18,'E7',1,0,NULL),(6476,7,18,'E8',1,0,NULL),(6477,7,18,'E9',1,0,NULL),(6478,7,18,'E10',1,0,NULL),(6479,7,18,'E11',1,0,NULL),(6480,7,18,'E12',1,0,NULL),(6481,7,18,'E13',1,0,NULL),(6482,7,18,'E14',1,0,NULL),(6483,7,18,'E15',1,0,NULL),(6484,7,18,'E16',1,0,NULL),(6485,7,18,'F1',1,0,NULL),(6486,7,18,'F2',1,0,NULL),(6487,7,18,'F3',1,0,NULL),(6488,7,18,'F4',1,0,NULL),(6489,7,18,'F5',1,0,NULL),(6490,7,18,'F6',1,0,NULL),(6491,7,18,'F7',1,0,NULL),(6492,7,18,'F8',1,0,NULL),(6493,7,18,'F9',1,0,NULL),(6494,7,18,'F10',1,0,NULL),(6495,7,18,'F11',1,0,NULL),(6496,7,18,'F12',1,0,NULL),(6497,7,18,'F13',1,0,NULL),(6498,7,18,'F14',1,0,NULL),(6499,7,18,'F15',1,0,NULL),(6500,7,18,'F16',1,0,NULL),(6501,7,18,'G1',1,0,NULL),(6502,7,18,'G2',1,0,NULL),(6503,7,18,'G3',1,0,NULL),(6504,7,18,'G4',1,0,NULL),(6505,7,18,'G5',1,0,NULL),(6506,7,18,'G6',1,0,NULL),(6507,7,18,'G7',1,0,NULL),(6508,7,18,'G8',1,0,NULL),(6509,7,18,'G9',1,0,NULL),(6510,7,18,'G10',1,0,NULL),(6511,7,18,'G11',1,0,NULL),(6512,7,18,'G12',1,0,NULL),(6513,7,18,'G13',1,0,NULL),(6514,7,18,'G14',1,0,NULL),(6515,7,18,'G15',1,0,NULL),(6516,7,18,'G16',1,0,NULL),(6517,7,18,'H1',1,0,NULL),(6518,7,18,'H2',1,0,NULL),(6519,7,18,'H3',1,0,NULL),(6520,7,18,'H4',1,0,NULL),(6521,7,18,'H5',1,0,NULL),(6522,7,18,'H6',1,0,NULL),(6523,7,18,'H7',1,0,NULL),(6524,7,18,'H8',1,0,NULL),(6525,7,18,'H9',1,0,NULL),(6526,7,18,'H10',1,0,NULL),(6527,7,18,'H11',1,0,NULL),(6528,7,18,'H12',1,0,NULL),(6529,7,18,'H13',1,0,NULL),(6530,7,18,'H14',1,0,NULL),(6531,7,18,'H15',1,0,NULL),(6532,7,18,'H16',1,0,NULL),(6533,7,18,'H17',1,0,NULL),(6534,7,18,'H18',1,0,NULL),(6535,7,18,'H19',1,0,NULL),(6536,7,18,'H20',1,0,NULL),(6537,7,18,'I1',1,0,NULL),(6538,7,18,'I2',1,0,NULL),(6539,7,18,'I3',1,0,NULL),(6540,7,18,'I4',1,0,NULL),(6541,7,18,'I5',1,0,NULL),(6542,7,18,'I6',1,0,NULL),(6543,7,18,'I7',1,0,NULL),(6544,7,18,'I8',1,0,NULL),(6545,7,18,'I9',1,0,NULL),(6546,7,18,'I10',1,0,NULL),(6547,7,18,'I11',1,0,NULL),(6548,7,18,'I12',1,0,NULL),(6549,7,18,'I13',1,0,NULL),(6550,7,18,'I14',1,0,NULL),(6551,7,18,'I15',1,0,NULL),(6552,7,18,'I16',1,0,NULL),(6553,7,18,'I17',1,0,NULL),(6554,7,18,'I18',1,0,NULL),(6555,7,18,'I19',1,0,NULL),(6556,7,18,'I20',1,0,NULL),(6557,7,19,'A1',1,0,NULL),(6558,7,19,'A2',1,0,NULL),(6559,7,19,'A3',1,0,NULL),(6560,7,19,'A4',1,0,NULL),(6561,7,19,'A5',1,0,NULL),(6562,7,19,'A6',1,0,NULL),(6563,7,19,'A7',1,0,NULL),(6564,7,19,'A8',1,0,NULL),(6565,7,19,'A9',1,0,NULL),(6566,7,19,'A10',1,0,NULL),(6567,7,19,'A11',1,0,NULL),(6568,7,19,'A12',1,0,NULL),(6569,7,19,'A13',1,0,NULL),(6570,7,19,'A14',1,0,NULL),(6571,7,19,'A15',1,0,NULL),(6572,7,19,'A16',1,0,NULL),(6573,7,19,'A17',1,0,NULL),(6574,7,19,'A18',1,0,NULL),(6575,7,19,'A19',1,0,NULL),(6576,7,19,'A20',1,0,NULL),(6577,7,19,'B1',1,0,NULL),(6578,7,19,'B2',1,0,NULL),(6579,7,19,'B3',1,0,NULL),(6580,7,19,'B4',1,0,NULL),(6581,7,19,'B5',1,0,NULL),(6582,7,19,'B6',1,0,NULL),(6583,7,19,'B7',1,0,NULL),(6584,7,19,'B8',1,0,NULL),(6585,7,19,'B9',1,0,NULL),(6586,7,19,'B10',1,0,NULL),(6587,7,19,'B11',1,0,NULL),(6588,7,19,'B12',1,0,NULL),(6589,7,19,'B13',1,0,NULL),(6590,7,19,'B14',1,0,NULL),(6591,7,19,'B15',1,0,NULL),(6592,7,19,'B16',1,0,NULL),(6593,7,19,'B17',1,0,NULL),(6594,7,19,'B18',1,0,NULL),(6595,7,19,'B19',1,0,NULL),(6596,7,19,'B20',1,0,NULL),(6597,7,19,'C1',1,0,NULL),(6598,7,19,'C2',1,0,NULL),(6599,7,19,'C3',1,0,NULL),(6600,7,19,'C4',1,0,NULL),(6601,7,19,'C5',1,0,NULL),(6602,7,19,'C6',1,0,NULL),(6603,7,19,'C7',1,0,NULL),(6604,7,19,'C8',1,0,NULL),(6605,7,19,'C9',1,0,NULL),(6606,7,19,'C10',1,0,NULL),(6607,7,19,'C11',1,0,NULL),(6608,7,19,'C12',1,0,NULL),(6609,7,19,'C13',1,0,NULL),(6610,7,19,'C14',1,0,NULL),(6611,7,19,'C15',1,0,NULL),(6612,7,19,'C16',1,0,NULL),(6613,7,19,'C17',1,0,NULL),(6614,7,19,'C18',1,0,NULL),(6615,7,19,'C19',1,0,NULL),(6616,7,19,'C20',1,0,NULL),(6617,7,19,'D1',1,1,NULL),(6618,7,19,'D2',1,1,NULL),(6619,7,19,'D3',1,1,NULL),(6620,7,19,'D4',1,1,NULL),(6621,7,19,'D5',1,1,NULL),(6622,7,19,'D6',1,1,NULL),(6623,7,19,'D7',1,1,NULL),(6624,7,19,'D8',1,1,NULL),(6625,7,19,'D9',1,1,NULL),(6626,7,19,'D10',1,1,NULL),(6627,7,19,'D11',1,1,NULL),(6628,7,19,'D12',1,1,NULL),(6629,7,19,'D13',1,1,NULL),(6630,7,19,'D14',1,1,NULL),(6631,7,19,'D15',1,1,NULL),(6632,7,19,'D16',1,1,NULL),(6633,7,19,'E1',1,0,NULL),(6634,7,19,'E2',1,0,NULL),(6635,7,19,'E3',1,0,NULL),(6636,7,19,'E4',1,0,NULL),(6637,7,19,'E5',1,0,NULL),(6638,7,19,'E6',1,0,NULL),(6639,7,19,'E7',1,0,NULL),(6640,7,19,'E8',1,0,NULL),(6641,7,19,'E9',1,0,NULL),(6642,7,19,'E10',1,0,NULL),(6643,7,19,'E11',1,0,NULL),(6644,7,19,'E12',1,0,NULL),(6645,7,19,'E13',1,0,NULL),(6646,7,19,'E14',1,0,NULL),(6647,7,19,'E15',1,0,NULL),(6648,7,19,'E16',1,0,NULL),(6649,7,19,'F1',1,0,NULL),(6650,7,19,'F2',1,0,NULL),(6651,7,19,'F3',1,0,NULL),(6652,7,19,'F4',1,0,NULL),(6653,7,19,'F5',1,0,NULL),(6654,7,19,'F6',1,0,NULL),(6655,7,19,'F7',1,0,NULL),(6656,7,19,'F8',1,0,NULL),(6657,7,19,'F9',1,0,NULL),(6658,7,19,'F10',1,0,NULL),(6659,7,19,'F11',1,0,NULL),(6660,7,19,'F12',1,0,NULL),(6661,7,19,'F13',1,0,NULL),(6662,7,19,'F14',1,0,NULL),(6663,7,19,'F15',1,0,NULL),(6664,7,19,'F16',1,0,NULL),(6665,7,19,'G1',1,0,NULL),(6666,7,19,'G2',1,0,NULL),(6667,7,19,'G3',1,0,NULL),(6668,7,19,'G4',1,0,NULL),(6669,7,19,'G5',1,0,NULL),(6670,7,19,'G6',1,0,NULL),(6671,7,19,'G7',1,0,NULL),(6672,7,19,'G8',1,0,NULL),(6673,7,19,'G9',1,0,NULL),(6674,7,19,'G10',1,0,NULL),(6675,7,19,'G11',1,0,NULL),(6676,7,19,'G12',1,0,NULL),(6677,7,19,'G13',1,0,NULL),(6678,7,19,'G14',1,0,NULL),(6679,7,19,'G15',1,0,NULL),(6680,7,19,'G16',1,0,NULL),(6681,7,19,'H1',1,0,NULL),(6682,7,19,'H2',1,0,NULL),(6683,7,19,'H3',1,0,NULL),(6684,7,19,'H4',1,0,NULL),(6685,7,19,'H5',1,0,NULL),(6686,7,19,'H6',1,0,NULL),(6687,7,19,'H7',1,0,NULL),(6688,7,19,'H8',1,0,NULL),(6689,7,19,'H9',1,0,NULL),(6690,7,19,'H10',1,0,NULL),(6691,7,19,'H11',1,0,NULL),(6692,7,19,'H12',1,0,NULL),(6693,7,19,'H13',1,0,NULL),(6694,7,19,'H14',1,0,NULL),(6695,7,19,'H15',1,0,NULL),(6696,7,19,'H16',1,0,NULL),(6697,7,19,'H17',1,0,NULL),(6698,7,19,'H18',1,0,NULL),(6699,7,19,'H19',1,0,NULL),(6700,7,19,'H20',1,0,NULL),(6701,7,19,'I1',1,0,NULL),(6702,7,19,'I2',1,0,NULL),(6703,7,19,'I3',1,0,NULL),(6704,7,19,'I4',1,0,NULL),(6705,7,19,'I5',1,0,NULL),(6706,7,19,'I6',1,0,NULL),(6707,7,19,'I7',1,0,NULL),(6708,7,19,'I8',1,0,NULL),(6709,7,19,'I9',1,0,NULL),(6710,7,19,'I10',1,0,NULL),(6711,7,19,'I11',1,0,NULL),(6712,7,19,'I12',1,0,NULL),(6713,7,19,'I13',1,0,NULL),(6714,7,19,'I14',1,0,NULL),(6715,7,19,'I15',1,0,NULL),(6716,7,19,'I16',1,0,NULL),(6717,7,19,'I17',1,0,NULL),(6718,7,19,'I18',1,0,NULL),(6719,7,19,'I19',1,0,NULL),(6720,7,19,'I20',1,0,NULL),(6721,7,20,'A1',1,0,NULL),(6722,7,20,'A2',1,0,NULL),(6723,7,20,'A3',1,0,NULL),(6724,7,20,'A4',1,0,NULL),(6725,7,20,'A5',1,0,NULL),(6726,7,20,'A6',1,0,NULL),(6727,7,20,'A7',1,0,NULL),(6728,7,20,'A8',1,0,NULL),(6729,7,20,'A9',1,0,NULL),(6730,7,20,'A10',1,0,NULL),(6731,7,20,'A11',1,0,NULL),(6732,7,20,'A12',1,0,NULL),(6733,7,20,'A13',1,0,NULL),(6734,7,20,'A14',1,0,NULL),(6735,7,20,'A15',1,0,NULL),(6736,7,20,'A16',1,0,NULL),(6737,7,20,'A17',1,0,NULL),(6738,7,20,'A18',1,0,NULL),(6739,7,20,'A19',1,0,NULL),(6740,7,20,'A20',1,0,NULL),(6741,7,20,'B1',1,0,NULL),(6742,7,20,'B2',1,0,NULL),(6743,7,20,'B3',1,0,NULL),(6744,7,20,'B4',1,0,NULL),(6745,7,20,'B5',1,0,NULL),(6746,7,20,'B6',1,0,NULL),(6747,7,20,'B7',1,0,NULL),(6748,7,20,'B8',1,0,NULL),(6749,7,20,'B9',1,0,NULL),(6750,7,20,'B10',1,0,NULL),(6751,7,20,'B11',1,0,NULL),(6752,7,20,'B12',1,0,NULL),(6753,7,20,'B13',1,0,NULL),(6754,7,20,'B14',1,0,NULL),(6755,7,20,'B15',1,0,NULL),(6756,7,20,'B16',1,0,NULL),(6757,7,20,'B17',1,0,NULL),(6758,7,20,'B18',1,0,NULL),(6759,7,20,'B19',1,0,NULL),(6760,7,20,'B20',1,0,NULL),(6761,7,20,'C1',1,0,NULL),(6762,7,20,'C2',1,0,NULL),(6763,7,20,'C3',1,0,NULL),(6764,7,20,'C4',1,0,NULL),(6765,7,20,'C5',1,0,NULL),(6766,7,20,'C6',1,0,NULL),(6767,7,20,'C7',1,0,NULL),(6768,7,20,'C8',1,0,NULL),(6769,7,20,'C9',1,0,NULL),(6770,7,20,'C10',1,0,NULL),(6771,7,20,'C11',1,0,NULL),(6772,7,20,'C12',1,0,NULL),(6773,7,20,'C13',1,0,NULL),(6774,7,20,'C14',1,0,NULL),(6775,7,20,'C15',1,0,NULL),(6776,7,20,'C16',1,0,NULL),(6777,7,20,'C17',1,0,NULL),(6778,7,20,'C18',1,0,NULL),(6779,7,20,'C19',1,0,NULL),(6780,7,20,'C20',1,0,NULL),(6781,7,20,'D1',1,1,NULL),(6782,7,20,'D2',1,1,NULL),(6783,7,20,'D3',1,1,NULL),(6784,7,20,'D4',1,1,NULL),(6785,7,20,'D5',1,1,NULL),(6786,7,20,'D6',1,1,NULL),(6787,7,20,'D7',1,1,NULL),(6788,7,20,'D8',1,1,NULL),(6789,7,20,'D9',1,1,NULL),(6790,7,20,'D10',1,1,NULL),(6791,7,20,'D11',1,1,NULL),(6792,7,20,'D12',1,1,NULL),(6793,7,20,'D13',1,1,NULL),(6794,7,20,'D14',1,1,NULL),(6795,7,20,'D15',1,1,NULL),(6796,7,20,'D16',1,1,NULL),(6797,7,20,'E1',1,0,NULL),(6798,7,20,'E2',1,0,NULL),(6799,7,20,'E3',1,0,NULL),(6800,7,20,'E4',1,0,NULL),(6801,7,20,'E5',1,0,NULL),(6802,7,20,'E6',1,0,NULL),(6803,7,20,'E7',1,0,NULL),(6804,7,20,'E8',1,0,NULL),(6805,7,20,'E9',1,0,NULL),(6806,7,20,'E10',1,0,NULL),(6807,7,20,'E11',1,0,NULL),(6808,7,20,'E12',1,0,NULL),(6809,7,20,'E13',1,0,NULL),(6810,7,20,'E14',1,0,NULL),(6811,7,20,'E15',1,0,NULL),(6812,7,20,'E16',1,0,NULL),(6813,7,20,'F1',1,0,NULL),(6814,7,20,'F2',1,0,NULL),(6815,7,20,'F3',1,0,NULL),(6816,7,20,'F4',1,0,NULL),(6817,7,20,'F5',1,0,NULL),(6818,7,20,'F6',1,0,NULL),(6819,7,20,'F7',1,0,NULL),(6820,7,20,'F8',1,0,NULL),(6821,7,20,'F9',1,0,NULL),(6822,7,20,'F10',1,0,NULL),(6823,7,20,'F11',1,0,NULL),(6824,7,20,'F12',1,0,NULL),(6825,7,20,'F13',1,0,NULL),(6826,7,20,'F14',1,0,NULL),(6827,7,20,'F15',1,0,NULL),(6828,7,20,'F16',1,0,NULL),(6829,7,20,'G1',1,0,NULL),(6830,7,20,'G2',1,0,NULL),(6831,7,20,'G3',1,0,NULL),(6832,7,20,'G4',1,0,NULL),(6833,7,20,'G5',1,0,NULL),(6834,7,20,'G6',1,0,NULL),(6835,7,20,'G7',1,0,NULL),(6836,7,20,'G8',1,0,NULL),(6837,7,20,'G9',1,0,NULL),(6838,7,20,'G10',1,0,NULL),(6839,7,20,'G11',1,0,NULL),(6840,7,20,'G12',1,0,NULL),(6841,7,20,'G13',1,0,NULL),(6842,7,20,'G14',1,0,NULL),(6843,7,20,'G15',1,0,NULL),(6844,7,20,'G16',1,0,NULL),(6845,7,20,'H1',1,0,NULL),(6846,7,20,'H2',1,0,NULL),(6847,7,20,'H3',1,0,NULL),(6848,7,20,'H4',1,0,NULL),(6849,7,20,'H5',1,0,NULL),(6850,7,20,'H6',1,0,NULL),(6851,7,20,'H7',1,0,NULL),(6852,7,20,'H8',1,0,NULL),(6853,7,20,'H9',1,0,NULL),(6854,7,20,'H10',1,0,NULL),(6855,7,20,'H11',1,0,NULL),(6856,7,20,'H12',1,0,NULL),(6857,7,20,'H13',1,0,NULL),(6858,7,20,'H14',1,0,NULL),(6859,7,20,'H15',1,0,NULL),(6860,7,20,'H16',1,0,NULL),(6861,7,20,'H17',1,0,NULL),(6862,7,20,'H18',1,0,NULL),(6863,7,20,'H19',1,0,NULL),(6864,7,20,'H20',1,0,NULL),(6865,7,20,'I1',1,0,NULL),(6866,7,20,'I2',1,0,NULL),(6867,7,20,'I3',1,0,NULL),(6868,7,20,'I4',1,0,NULL),(6869,7,20,'I5',1,0,NULL),(6870,7,20,'I6',1,0,NULL),(6871,7,20,'I7',1,0,NULL),(6872,7,20,'I8',1,0,NULL),(6873,7,20,'I9',1,0,NULL),(6874,7,20,'I10',1,0,NULL),(6875,7,20,'I11',1,0,NULL),(6876,7,20,'I12',1,0,NULL),(6877,7,20,'I13',1,0,NULL),(6878,7,20,'I14',1,0,NULL),(6879,7,20,'I15',1,0,NULL),(6880,7,20,'I16',1,0,NULL),(6881,7,20,'I17',1,0,NULL),(6882,7,20,'I18',1,0,NULL),(6883,7,20,'I19',1,0,NULL),(6884,7,20,'I20',1,0,NULL),(6885,8,21,'A1',1,0,NULL),(6886,8,21,'A2',1,0,NULL),(6887,8,21,'A3',1,0,NULL),(6888,8,21,'A4',1,0,NULL),(6889,8,21,'A5',1,0,NULL),(6890,8,21,'A6',1,0,NULL),(6891,8,21,'A7',1,0,NULL),(6892,8,21,'A8',1,0,NULL),(6893,8,21,'A9',1,0,NULL),(6894,8,21,'A10',1,0,NULL),(6895,8,21,'A11',1,0,NULL),(6896,8,21,'A12',1,0,NULL),(6897,8,21,'A13',1,0,NULL),(6898,8,21,'A14',1,0,NULL),(6899,8,21,'A15',1,0,NULL),(6900,8,21,'A16',1,0,NULL),(6901,8,21,'A17',1,0,NULL),(6902,8,21,'A18',1,0,NULL),(6903,8,21,'A19',1,0,NULL),(6904,8,21,'A20',1,0,NULL),(6905,8,21,'B1',1,0,NULL),(6906,8,21,'B2',1,0,NULL),(6907,8,21,'B3',1,0,NULL),(6908,8,21,'B4',1,0,NULL),(6909,8,21,'B5',1,0,NULL),(6910,8,21,'B6',1,0,NULL),(6911,8,21,'B7',1,0,NULL),(6912,8,21,'B8',1,0,NULL),(6913,8,21,'B9',1,0,NULL),(6914,8,21,'B10',1,0,NULL),(6915,8,21,'B11',1,0,NULL),(6916,8,21,'B12',1,0,NULL),(6917,8,21,'B13',1,0,NULL),(6918,8,21,'B14',1,0,NULL),(6919,8,21,'B15',1,0,NULL),(6920,8,21,'B16',1,0,NULL),(6921,8,21,'B17',1,0,NULL),(6922,8,21,'B18',1,0,NULL),(6923,8,21,'B19',1,0,NULL),(6924,8,21,'B20',1,0,NULL),(6925,8,21,'C1',1,0,NULL),(6926,8,21,'C2',1,0,NULL),(6927,8,21,'C3',1,0,NULL),(6928,8,21,'C4',1,0,NULL),(6929,8,21,'C5',1,0,NULL),(6930,8,21,'C6',1,0,NULL),(6931,8,21,'C7',1,0,NULL),(6932,8,21,'C8',1,0,NULL),(6933,8,21,'C9',1,0,NULL),(6934,8,21,'C10',1,0,NULL),(6935,8,21,'C11',1,0,NULL),(6936,8,21,'C12',1,0,NULL),(6937,8,21,'C13',1,0,NULL),(6938,8,21,'C14',1,0,NULL),(6939,8,21,'C15',1,0,NULL),(6940,8,21,'C16',1,0,NULL),(6941,8,21,'C17',1,0,NULL),(6942,8,21,'C18',1,0,NULL),(6943,8,21,'C19',1,0,NULL),(6944,8,21,'C20',1,0,NULL),(6945,8,21,'D1',1,1,NULL),(6946,8,21,'D2',1,1,NULL),(6947,8,21,'D3',1,1,NULL),(6948,8,21,'D4',1,1,NULL),(6949,8,21,'D5',1,1,NULL),(6950,8,21,'D6',1,1,NULL),(6951,8,21,'D7',1,1,NULL),(6952,8,21,'D8',1,1,NULL),(6953,8,21,'D9',1,1,NULL),(6954,8,21,'D10',1,1,NULL),(6955,8,21,'D11',1,1,NULL),(6956,8,21,'D12',1,1,NULL),(6957,8,21,'D13',1,1,NULL),(6958,8,21,'D14',1,1,NULL),(6959,8,21,'D15',1,1,NULL),(6960,8,21,'D16',1,1,NULL),(6961,8,21,'E1',1,0,NULL),(6962,8,21,'E2',1,0,NULL),(6963,8,21,'E3',1,0,NULL),(6964,8,21,'E4',1,0,NULL),(6965,8,21,'E5',1,0,NULL),(6966,8,21,'E6',1,0,NULL),(6967,8,21,'E7',1,0,NULL),(6968,8,21,'E8',1,0,NULL),(6969,8,21,'E9',1,0,NULL),(6970,8,21,'E10',1,0,NULL),(6971,8,21,'E11',1,0,NULL),(6972,8,21,'E12',1,0,NULL),(6973,8,21,'E13',1,0,NULL),(6974,8,21,'E14',1,0,NULL),(6975,8,21,'E15',1,0,NULL),(6976,8,21,'E16',1,0,NULL),(6977,8,21,'F1',1,0,NULL),(6978,8,21,'F2',1,0,NULL),(6979,8,21,'F3',1,0,NULL),(6980,8,21,'F4',1,0,NULL),(6981,8,21,'F5',1,0,NULL),(6982,8,21,'F6',1,0,NULL),(6983,8,21,'F7',1,0,NULL),(6984,8,21,'F8',1,0,NULL),(6985,8,21,'F9',1,0,NULL),(6986,8,21,'F10',1,0,NULL),(6987,8,21,'F11',1,0,NULL),(6988,8,21,'F12',1,0,NULL),(6989,8,21,'F13',1,0,NULL),(6990,8,21,'F14',1,0,NULL),(6991,8,21,'F15',1,0,NULL),(6992,8,21,'F16',1,0,NULL),(6993,8,21,'G1',1,0,NULL),(6994,8,21,'G2',1,0,NULL),(6995,8,21,'G3',1,0,NULL),(6996,8,21,'G4',1,0,NULL),(6997,8,21,'G5',1,0,NULL),(6998,8,21,'G6',1,0,NULL),(6999,8,21,'G7',1,0,NULL),(7000,8,21,'G8',1,0,NULL),(7001,8,21,'G9',1,0,NULL),(7002,8,21,'G10',1,0,NULL),(7003,8,21,'G11',1,0,NULL),(7004,8,21,'G12',1,0,NULL),(7005,8,21,'G13',1,0,NULL),(7006,8,21,'G14',1,0,NULL),(7007,8,21,'G15',1,0,NULL),(7008,8,21,'G16',1,0,NULL),(7009,8,21,'H1',1,0,NULL),(7010,8,21,'H2',1,0,NULL),(7011,8,21,'H3',1,0,NULL),(7012,8,21,'H4',1,0,NULL),(7013,8,21,'H5',1,0,NULL),(7014,8,21,'H6',1,0,NULL),(7015,8,21,'H7',1,0,NULL),(7016,8,21,'H8',1,0,NULL),(7017,8,21,'H9',1,0,NULL),(7018,8,21,'H10',1,0,NULL),(7019,8,21,'H11',1,0,NULL),(7020,8,21,'H12',1,0,NULL),(7021,8,21,'H13',1,0,NULL),(7022,8,21,'H14',1,0,NULL),(7023,8,21,'H15',1,0,NULL),(7024,8,21,'H16',1,0,NULL),(7025,8,21,'H17',1,0,NULL),(7026,8,21,'H18',1,0,NULL),(7027,8,21,'H19',1,0,NULL),(7028,8,21,'H20',1,0,NULL),(7029,8,21,'I1',1,0,NULL),(7030,8,21,'I2',1,0,NULL),(7031,8,21,'I3',1,0,NULL),(7032,8,21,'I4',1,0,NULL),(7033,8,21,'I5',1,0,NULL),(7034,8,21,'I6',1,0,NULL),(7035,8,21,'I7',1,0,NULL),(7036,8,21,'I8',1,0,NULL),(7037,8,21,'I9',1,0,NULL),(7038,8,21,'I10',1,0,NULL),(7039,8,21,'I11',1,0,NULL),(7040,8,21,'I12',1,0,NULL),(7041,8,21,'I13',1,0,NULL),(7042,8,21,'I14',1,0,NULL),(7043,8,21,'I15',1,0,NULL),(7044,8,21,'I16',1,0,NULL),(7045,8,21,'I17',1,0,NULL),(7046,8,21,'I18',1,0,NULL),(7047,8,21,'I19',1,0,NULL),(7048,8,21,'I20',1,0,NULL),(7049,8,22,'A1',1,0,NULL),(7050,8,22,'A2',1,0,NULL),(7051,8,22,'A3',1,0,NULL),(7052,8,22,'A4',1,0,NULL),(7053,8,22,'A5',1,0,NULL),(7054,8,22,'A6',1,0,NULL),(7055,8,22,'A7',1,0,NULL),(7056,8,22,'A8',1,0,NULL),(7057,8,22,'A9',1,0,NULL),(7058,8,22,'A10',1,0,NULL),(7059,8,22,'A11',1,0,NULL),(7060,8,22,'A12',1,0,NULL),(7061,8,22,'A13',1,0,NULL),(7062,8,22,'A14',1,0,NULL),(7063,8,22,'A15',1,0,NULL),(7064,8,22,'A16',1,0,NULL),(7065,8,22,'A17',1,0,NULL),(7066,8,22,'A18',1,0,NULL),(7067,8,22,'A19',1,0,NULL),(7068,8,22,'A20',1,0,NULL),(7069,8,22,'B1',1,0,NULL),(7070,8,22,'B2',1,0,NULL),(7071,8,22,'B3',1,0,NULL),(7072,8,22,'B4',1,0,NULL),(7073,8,22,'B5',1,0,NULL),(7074,8,22,'B6',1,0,NULL),(7075,8,22,'B7',1,0,NULL),(7076,8,22,'B8',1,0,NULL),(7077,8,22,'B9',1,0,NULL),(7078,8,22,'B10',1,0,NULL),(7079,8,22,'B11',1,0,NULL),(7080,8,22,'B12',1,0,NULL),(7081,8,22,'B13',1,0,NULL),(7082,8,22,'B14',1,0,NULL),(7083,8,22,'B15',1,0,NULL),(7084,8,22,'B16',1,0,NULL),(7085,8,22,'B17',1,0,NULL),(7086,8,22,'B18',1,0,NULL),(7087,8,22,'B19',1,0,NULL),(7088,8,22,'B20',1,0,NULL),(7089,8,22,'C1',1,0,NULL),(7090,8,22,'C2',1,0,NULL),(7091,8,22,'C3',1,0,NULL),(7092,8,22,'C4',1,0,NULL),(7093,8,22,'C5',1,0,NULL),(7094,8,22,'C6',1,0,NULL),(7095,8,22,'C7',1,0,NULL),(7096,8,22,'C8',1,0,NULL),(7097,8,22,'C9',1,0,NULL),(7098,8,22,'C10',1,0,NULL),(7099,8,22,'C11',1,0,NULL),(7100,8,22,'C12',1,0,NULL),(7101,8,22,'C13',1,0,NULL),(7102,8,22,'C14',1,0,NULL),(7103,8,22,'C15',1,0,NULL),(7104,8,22,'C16',1,0,NULL),(7105,8,22,'C17',1,0,NULL),(7106,8,22,'C18',1,0,NULL),(7107,8,22,'C19',1,0,NULL),(7108,8,22,'C20',1,0,NULL),(7109,8,22,'D1',1,1,NULL),(7110,8,22,'D2',1,1,NULL),(7111,8,22,'D3',1,1,NULL),(7112,8,22,'D4',1,1,NULL),(7113,8,22,'D5',1,1,NULL),(7114,8,22,'D6',1,1,NULL),(7115,8,22,'D7',1,1,NULL),(7116,8,22,'D8',1,1,NULL),(7117,8,22,'D9',1,1,NULL),(7118,8,22,'D10',1,1,NULL),(7119,8,22,'D11',1,1,NULL),(7120,8,22,'D12',1,1,NULL),(7121,8,22,'D13',1,1,NULL),(7122,8,22,'D14',1,1,NULL),(7123,8,22,'D15',1,1,NULL),(7124,8,22,'D16',1,1,NULL),(7125,8,22,'E1',1,0,NULL),(7126,8,22,'E2',1,0,NULL),(7127,8,22,'E3',1,0,NULL),(7128,8,22,'E4',1,0,NULL),(7129,8,22,'E5',1,0,NULL),(7130,8,22,'E6',1,0,NULL),(7131,8,22,'E7',1,0,NULL),(7132,8,22,'E8',1,0,NULL),(7133,8,22,'E9',1,0,NULL),(7134,8,22,'E10',1,0,NULL),(7135,8,22,'E11',1,0,NULL),(7136,8,22,'E12',1,0,NULL),(7137,8,22,'E13',1,0,NULL),(7138,8,22,'E14',1,0,NULL),(7139,8,22,'E15',1,0,NULL),(7140,8,22,'E16',1,0,NULL),(7141,8,22,'F1',1,0,NULL),(7142,8,22,'F2',1,0,NULL),(7143,8,22,'F3',1,0,NULL),(7144,8,22,'F4',1,0,NULL),(7145,8,22,'F5',1,0,NULL),(7146,8,22,'F6',1,0,NULL),(7147,8,22,'F7',1,0,NULL),(7148,8,22,'F8',1,0,NULL),(7149,8,22,'F9',1,0,NULL),(7150,8,22,'F10',1,0,NULL),(7151,8,22,'F11',1,0,NULL),(7152,8,22,'F12',1,0,NULL),(7153,8,22,'F13',1,0,NULL),(7154,8,22,'F14',1,0,NULL),(7155,8,22,'F15',1,0,NULL),(7156,8,22,'F16',1,0,NULL),(7157,8,22,'G1',1,0,NULL),(7158,8,22,'G2',1,0,NULL),(7159,8,22,'G3',1,0,NULL),(7160,8,22,'G4',1,0,NULL),(7161,8,22,'G5',1,0,NULL),(7162,8,22,'G6',1,0,NULL),(7163,8,22,'G7',1,0,NULL),(7164,8,22,'G8',1,0,NULL),(7165,8,22,'G9',1,0,NULL),(7166,8,22,'G10',1,0,NULL),(7167,8,22,'G11',1,0,NULL),(7168,8,22,'G12',1,0,NULL),(7169,8,22,'G13',1,0,NULL),(7170,8,22,'G14',1,0,NULL),(7171,8,22,'G15',1,0,NULL),(7172,8,22,'G16',1,0,NULL),(7173,8,22,'H1',1,0,NULL),(7174,8,22,'H2',1,0,NULL),(7175,8,22,'H3',1,0,NULL),(7176,8,22,'H4',1,0,NULL),(7177,8,22,'H5',1,0,NULL),(7178,8,22,'H6',1,0,NULL),(7179,8,22,'H7',1,0,NULL),(7180,8,22,'H8',1,0,NULL),(7181,8,22,'H9',1,0,NULL),(7182,8,22,'H10',1,0,NULL),(7183,8,22,'H11',1,0,NULL),(7184,8,22,'H12',1,0,NULL),(7185,8,22,'H13',1,0,NULL),(7186,8,22,'H14',1,0,NULL),(7187,8,22,'H15',1,0,NULL),(7188,8,22,'H16',1,0,NULL),(7189,8,22,'H17',1,0,NULL),(7190,8,22,'H18',1,0,NULL),(7191,8,22,'H19',1,0,NULL),(7192,8,22,'H20',1,0,NULL),(7193,8,22,'I1',1,0,NULL),(7194,8,22,'I2',1,0,NULL),(7195,8,22,'I3',1,0,NULL),(7196,8,22,'I4',1,0,NULL),(7197,8,22,'I5',1,0,NULL),(7198,8,22,'I6',1,0,NULL),(7199,8,22,'I7',1,0,NULL),(7200,8,22,'I8',1,0,NULL),(7201,8,22,'I9',1,0,NULL),(7202,8,22,'I10',1,0,NULL),(7203,8,22,'I11',1,0,NULL),(7204,8,22,'I12',1,0,NULL),(7205,8,22,'I13',1,0,NULL),(7206,8,22,'I14',1,0,NULL),(7207,8,22,'I15',1,0,NULL),(7208,8,22,'I16',1,0,NULL),(7209,8,22,'I17',1,0,NULL),(7210,8,22,'I18',1,0,NULL),(7211,8,22,'I19',1,0,NULL),(7212,8,22,'I20',1,0,NULL),(7213,8,23,'A1',1,0,NULL),(7214,8,23,'A2',1,0,NULL),(7215,8,23,'A3',1,0,NULL),(7216,8,23,'A4',1,0,NULL),(7217,8,23,'A5',1,0,NULL),(7218,8,23,'A6',1,0,NULL),(7219,8,23,'A7',1,0,NULL),(7220,8,23,'A8',1,0,NULL),(7221,8,23,'A9',1,0,NULL),(7222,8,23,'A10',1,0,NULL),(7223,8,23,'A11',1,0,NULL),(7224,8,23,'A12',1,0,NULL),(7225,8,23,'A13',1,0,NULL),(7226,8,23,'A14',1,0,NULL),(7227,8,23,'A15',1,0,NULL),(7228,8,23,'A16',1,0,NULL),(7229,8,23,'A17',1,0,NULL),(7230,8,23,'A18',1,0,NULL),(7231,8,23,'A19',1,0,NULL),(7232,8,23,'A20',1,0,NULL),(7233,8,23,'B1',1,0,NULL),(7234,8,23,'B2',1,0,NULL),(7235,8,23,'B3',1,0,NULL),(7236,8,23,'B4',1,0,NULL),(7237,8,23,'B5',1,0,NULL),(7238,8,23,'B6',1,0,NULL),(7239,8,23,'B7',1,0,NULL),(7240,8,23,'B8',1,0,NULL),(7241,8,23,'B9',1,0,NULL),(7242,8,23,'B10',1,0,NULL),(7243,8,23,'B11',1,0,NULL),(7244,8,23,'B12',1,0,NULL),(7245,8,23,'B13',1,0,NULL),(7246,8,23,'B14',1,0,NULL),(7247,8,23,'B15',1,0,NULL),(7248,8,23,'B16',1,0,NULL),(7249,8,23,'B17',1,0,NULL),(7250,8,23,'B18',1,0,NULL),(7251,8,23,'B19',1,0,NULL),(7252,8,23,'B20',1,0,NULL),(7253,8,23,'C1',1,0,NULL),(7254,8,23,'C2',1,0,NULL),(7255,8,23,'C3',1,0,NULL),(7256,8,23,'C4',1,0,NULL),(7257,8,23,'C5',1,0,NULL),(7258,8,23,'C6',1,0,NULL),(7259,8,23,'C7',1,0,NULL),(7260,8,23,'C8',1,0,NULL),(7261,8,23,'C9',1,0,NULL),(7262,8,23,'C10',1,0,NULL),(7263,8,23,'C11',1,0,NULL),(7264,8,23,'C12',1,0,NULL),(7265,8,23,'C13',1,0,NULL),(7266,8,23,'C14',1,0,NULL),(7267,8,23,'C15',1,0,NULL),(7268,8,23,'C16',1,0,NULL),(7269,8,23,'C17',1,0,NULL),(7270,8,23,'C18',1,0,NULL),(7271,8,23,'C19',1,0,NULL),(7272,8,23,'C20',1,0,NULL),(7273,8,23,'D1',1,1,NULL),(7274,8,23,'D2',1,1,NULL),(7275,8,23,'D3',1,1,NULL),(7276,8,23,'D4',1,1,NULL),(7277,8,23,'D5',1,1,NULL),(7278,8,23,'D6',1,1,NULL),(7279,8,23,'D7',1,1,NULL),(7280,8,23,'D8',1,1,NULL),(7281,8,23,'D9',1,1,NULL),(7282,8,23,'D10',1,1,NULL),(7283,8,23,'D11',1,1,NULL),(7284,8,23,'D12',1,1,NULL),(7285,8,23,'D13',1,1,NULL),(7286,8,23,'D14',1,1,NULL),(7287,8,23,'D15',1,1,NULL),(7288,8,23,'D16',1,1,NULL),(7289,8,23,'E1',1,0,NULL),(7290,8,23,'E2',1,0,NULL),(7291,8,23,'E3',1,0,NULL),(7292,8,23,'E4',1,0,NULL),(7293,8,23,'E5',1,0,NULL),(7294,8,23,'E6',1,0,NULL),(7295,8,23,'E7',1,0,NULL),(7296,8,23,'E8',1,0,NULL),(7297,8,23,'E9',1,0,NULL),(7298,8,23,'E10',1,0,NULL),(7299,8,23,'E11',1,0,NULL),(7300,8,23,'E12',1,0,NULL),(7301,8,23,'E13',1,0,NULL),(7302,8,23,'E14',1,0,NULL),(7303,8,23,'E15',1,0,NULL),(7304,8,23,'E16',1,0,NULL),(7305,8,23,'F1',1,0,NULL),(7306,8,23,'F2',1,0,NULL),(7307,8,23,'F3',1,0,NULL),(7308,8,23,'F4',1,0,NULL),(7309,8,23,'F5',1,0,NULL),(7310,8,23,'F6',1,0,NULL),(7311,8,23,'F7',1,0,NULL),(7312,8,23,'F8',1,0,NULL),(7313,8,23,'F9',1,0,NULL),(7314,8,23,'F10',1,0,NULL),(7315,8,23,'F11',1,0,NULL),(7316,8,23,'F12',1,0,NULL),(7317,8,23,'F13',1,0,NULL),(7318,8,23,'F14',1,0,NULL),(7319,8,23,'F15',1,0,NULL),(7320,8,23,'F16',1,0,NULL),(7321,8,23,'G1',1,0,NULL),(7322,8,23,'G2',1,0,NULL),(7323,8,23,'G3',1,0,NULL),(7324,8,23,'G4',1,0,NULL),(7325,8,23,'G5',1,0,NULL),(7326,8,23,'G6',1,0,NULL),(7327,8,23,'G7',1,0,NULL),(7328,8,23,'G8',1,0,NULL),(7329,8,23,'G9',1,0,NULL),(7330,8,23,'G10',1,0,NULL),(7331,8,23,'G11',1,0,NULL),(7332,8,23,'G12',1,0,NULL),(7333,8,23,'G13',1,0,NULL),(7334,8,23,'G14',1,0,NULL),(7335,8,23,'G15',1,0,NULL),(7336,8,23,'G16',1,0,NULL),(7337,8,23,'H1',1,0,NULL),(7338,8,23,'H2',1,0,NULL),(7339,8,23,'H3',1,0,NULL),(7340,8,23,'H4',1,0,NULL),(7341,8,23,'H5',1,0,NULL),(7342,8,23,'H6',1,0,NULL),(7343,8,23,'H7',1,0,NULL),(7344,8,23,'H8',1,0,NULL),(7345,8,23,'H9',1,0,NULL),(7346,8,23,'H10',1,0,NULL),(7347,8,23,'H11',1,0,NULL),(7348,8,23,'H12',1,0,NULL),(7349,8,23,'H13',1,0,NULL),(7350,8,23,'H14',1,0,NULL),(7351,8,23,'H15',1,0,NULL),(7352,8,23,'H16',1,0,NULL),(7353,8,23,'H17',1,0,NULL),(7354,8,23,'H18',1,0,NULL),(7355,8,23,'H19',1,0,NULL),(7356,8,23,'H20',1,0,NULL),(7357,8,23,'I1',1,0,NULL),(7358,8,23,'I2',1,0,NULL),(7359,8,23,'I3',1,0,NULL),(7360,8,23,'I4',1,0,NULL),(7361,8,23,'I5',1,0,NULL),(7362,8,23,'I6',1,0,NULL),(7363,8,23,'I7',1,0,NULL),(7364,8,23,'I8',1,0,NULL),(7365,8,23,'I9',1,0,NULL),(7366,8,23,'I10',1,0,NULL),(7367,8,23,'I11',1,0,NULL),(7368,8,23,'I12',1,0,NULL),(7369,8,23,'I13',1,0,NULL),(7370,8,23,'I14',1,0,NULL),(7371,8,23,'I15',1,0,NULL),(7372,8,23,'I16',1,0,NULL),(7373,8,23,'I17',1,0,NULL),(7374,8,23,'I18',1,0,NULL),(7375,8,23,'I19',1,0,NULL),(7376,8,23,'I20',1,0,NULL),(7377,8,24,'A1',1,0,NULL),(7378,8,24,'A2',1,0,NULL),(7379,8,24,'A3',1,0,NULL),(7380,8,24,'A4',1,0,NULL),(7381,8,24,'A5',1,0,NULL),(7382,8,24,'A6',1,0,NULL),(7383,8,24,'A7',1,0,NULL),(7384,8,24,'A8',1,0,NULL),(7385,8,24,'A9',1,0,NULL),(7386,8,24,'A10',1,0,NULL),(7387,8,24,'A11',1,0,NULL),(7388,8,24,'A12',1,0,NULL),(7389,8,24,'A13',1,0,NULL),(7390,8,24,'A14',1,0,NULL),(7391,8,24,'A15',1,0,NULL),(7392,8,24,'A16',1,0,NULL),(7393,8,24,'A17',1,0,NULL),(7394,8,24,'A18',1,0,NULL),(7395,8,24,'A19',1,0,NULL),(7396,8,24,'A20',1,0,NULL),(7397,8,24,'B1',1,0,NULL),(7398,8,24,'B2',1,0,NULL),(7399,8,24,'B3',1,0,NULL),(7400,8,24,'B4',1,0,NULL),(7401,8,24,'B5',1,0,NULL),(7402,8,24,'B6',1,0,NULL),(7403,8,24,'B7',1,0,NULL),(7404,8,24,'B8',1,0,NULL),(7405,8,24,'B9',1,0,NULL),(7406,8,24,'B10',1,0,NULL),(7407,8,24,'B11',1,0,NULL),(7408,8,24,'B12',1,0,NULL),(7409,8,24,'B13',1,0,NULL),(7410,8,24,'B14',1,0,NULL),(7411,8,24,'B15',1,0,NULL),(7412,8,24,'B16',1,0,NULL),(7413,8,24,'B17',1,0,NULL),(7414,8,24,'B18',1,0,NULL),(7415,8,24,'B19',1,0,NULL),(7416,8,24,'B20',1,0,NULL),(7417,8,24,'C1',1,0,NULL),(7418,8,24,'C2',1,0,NULL),(7419,8,24,'C3',1,0,NULL),(7420,8,24,'C4',1,0,NULL),(7421,8,24,'C5',1,0,NULL),(7422,8,24,'C6',1,0,NULL),(7423,8,24,'C7',1,0,NULL),(7424,8,24,'C8',1,0,NULL),(7425,8,24,'C9',1,0,NULL),(7426,8,24,'C10',1,0,NULL),(7427,8,24,'C11',1,0,NULL),(7428,8,24,'C12',1,0,NULL),(7429,8,24,'C13',1,0,NULL),(7430,8,24,'C14',1,0,NULL),(7431,8,24,'C15',1,0,NULL),(7432,8,24,'C16',1,0,NULL),(7433,8,24,'C17',1,0,NULL),(7434,8,24,'C18',1,0,NULL),(7435,8,24,'C19',1,0,NULL),(7436,8,24,'C20',1,0,NULL),(7437,8,24,'D1',1,1,NULL),(7438,8,24,'D2',1,1,NULL),(7439,8,24,'D3',1,1,NULL),(7440,8,24,'D4',1,1,NULL),(7441,8,24,'D5',1,1,NULL),(7442,8,24,'D6',1,1,NULL),(7443,8,24,'D7',1,1,NULL),(7444,8,24,'D8',1,1,NULL),(7445,8,24,'D9',1,1,NULL),(7446,8,24,'D10',1,1,NULL),(7447,8,24,'D11',1,1,NULL),(7448,8,24,'D12',1,1,NULL),(7449,8,24,'D13',1,1,NULL),(7450,8,24,'D14',1,1,NULL),(7451,8,24,'D15',1,1,NULL),(7452,8,24,'D16',1,1,NULL),(7453,8,24,'E1',1,0,NULL),(7454,8,24,'E2',1,0,NULL),(7455,8,24,'E3',1,0,NULL),(7456,8,24,'E4',1,0,NULL),(7457,8,24,'E5',1,0,NULL),(7458,8,24,'E6',1,0,NULL),(7459,8,24,'E7',1,0,NULL),(7460,8,24,'E8',1,0,NULL),(7461,8,24,'E9',1,0,NULL),(7462,8,24,'E10',1,0,NULL),(7463,8,24,'E11',1,0,NULL),(7464,8,24,'E12',1,0,NULL),(7465,8,24,'E13',1,0,NULL),(7466,8,24,'E14',1,0,NULL),(7467,8,24,'E15',1,0,NULL),(7468,8,24,'E16',1,0,NULL),(7469,8,24,'F1',1,0,NULL),(7470,8,24,'F2',1,0,NULL),(7471,8,24,'F3',1,0,NULL),(7472,8,24,'F4',1,0,NULL),(7473,8,24,'F5',1,0,NULL),(7474,8,24,'F6',1,0,NULL),(7475,8,24,'F7',1,0,NULL),(7476,8,24,'F8',1,0,NULL),(7477,8,24,'F9',1,0,NULL),(7478,8,24,'F10',1,0,NULL),(7479,8,24,'F11',1,0,NULL),(7480,8,24,'F12',1,0,NULL),(7481,8,24,'F13',1,0,NULL),(7482,8,24,'F14',1,0,NULL),(7483,8,24,'F15',1,0,NULL),(7484,8,24,'F16',1,0,NULL),(7485,8,24,'G1',1,0,NULL),(7486,8,24,'G2',1,0,NULL),(7487,8,24,'G3',1,0,NULL),(7488,8,24,'G4',1,0,NULL),(7489,8,24,'G5',1,0,NULL),(7490,8,24,'G6',1,0,NULL),(7491,8,24,'G7',1,0,NULL),(7492,8,24,'G8',1,0,NULL),(7493,8,24,'G9',1,0,NULL),(7494,8,24,'G10',1,0,NULL),(7495,8,24,'G11',1,0,NULL),(7496,8,24,'G12',1,0,NULL),(7497,8,24,'G13',1,0,NULL),(7498,8,24,'G14',1,0,NULL),(7499,8,24,'G15',1,0,NULL),(7500,8,24,'G16',1,0,NULL),(7501,8,24,'H1',1,0,NULL),(7502,8,24,'H2',1,0,NULL),(7503,8,24,'H3',1,0,NULL),(7504,8,24,'H4',1,0,NULL),(7505,8,24,'H5',1,0,NULL),(7506,8,24,'H6',1,0,NULL),(7507,8,24,'H7',1,0,NULL),(7508,8,24,'H8',1,0,NULL),(7509,8,24,'H9',1,0,NULL),(7510,8,24,'H10',1,0,NULL),(7511,8,24,'H11',1,0,NULL),(7512,8,24,'H12',1,0,NULL),(7513,8,24,'H13',1,0,NULL),(7514,8,24,'H14',1,0,NULL),(7515,8,24,'H15',1,0,NULL),(7516,8,24,'H16',1,0,NULL),(7517,8,24,'H17',1,0,NULL),(7518,8,24,'H18',1,0,NULL),(7519,8,24,'H19',1,0,NULL),(7520,8,24,'H20',1,0,NULL),(7521,8,24,'I1',1,0,NULL),(7522,8,24,'I2',1,0,NULL),(7523,8,24,'I3',1,0,NULL),(7524,8,24,'I4',1,0,NULL),(7525,8,24,'I5',1,0,NULL),(7526,8,24,'I6',1,0,NULL),(7527,8,24,'I7',1,0,NULL),(7528,8,24,'I8',1,0,NULL),(7529,8,24,'I9',1,0,NULL),(7530,8,24,'I10',1,0,NULL),(7531,8,24,'I11',1,0,NULL),(7532,8,24,'I12',1,0,NULL),(7533,8,24,'I13',1,0,NULL),(7534,8,24,'I14',1,0,NULL),(7535,8,24,'I15',1,0,NULL),(7536,8,24,'I16',1,0,NULL),(7537,8,24,'I17',1,0,NULL),(7538,8,24,'I18',1,0,NULL),(7539,8,24,'I19',1,0,NULL),(7540,8,24,'I20',1,0,NULL),(7541,8,25,'A1',1,0,NULL),(7542,8,25,'A2',1,0,NULL),(7543,8,25,'A3',1,0,NULL),(7544,8,25,'A4',1,0,NULL),(7545,8,25,'A5',1,0,NULL),(7546,8,25,'A6',1,0,NULL),(7547,8,25,'A7',1,0,NULL),(7548,8,25,'A8',1,0,NULL),(7549,8,25,'A9',1,0,NULL),(7550,8,25,'A10',1,0,NULL),(7551,8,25,'A11',1,0,NULL),(7552,8,25,'A12',1,0,NULL),(7553,8,25,'A13',1,0,NULL),(7554,8,25,'A14',1,0,NULL),(7555,8,25,'A15',1,0,NULL),(7556,8,25,'A16',1,0,NULL),(7557,8,25,'A17',1,0,NULL),(7558,8,25,'A18',1,0,NULL),(7559,8,25,'A19',1,0,NULL),(7560,8,25,'A20',1,0,NULL),(7561,8,25,'B1',1,0,NULL),(7562,8,25,'B2',1,0,NULL),(7563,8,25,'B3',1,0,NULL),(7564,8,25,'B4',1,0,NULL),(7565,8,25,'B5',1,0,NULL),(7566,8,25,'B6',1,0,NULL),(7567,8,25,'B7',1,0,NULL),(7568,8,25,'B8',1,0,NULL),(7569,8,25,'B9',1,0,NULL),(7570,8,25,'B10',1,0,NULL),(7571,8,25,'B11',1,0,NULL),(7572,8,25,'B12',1,0,NULL),(7573,8,25,'B13',1,0,NULL),(7574,8,25,'B14',1,0,NULL),(7575,8,25,'B15',1,0,NULL),(7576,8,25,'B16',1,0,NULL),(7577,8,25,'B17',1,0,NULL),(7578,8,25,'B18',1,0,NULL),(7579,8,25,'B19',1,0,NULL),(7580,8,25,'B20',1,0,NULL),(7581,8,25,'C1',1,0,NULL),(7582,8,25,'C2',1,0,NULL),(7583,8,25,'C3',1,0,NULL),(7584,8,25,'C4',1,0,NULL),(7585,8,25,'C5',1,0,NULL),(7586,8,25,'C6',1,0,NULL),(7587,8,25,'C7',1,0,NULL),(7588,8,25,'C8',1,0,NULL),(7589,8,25,'C9',1,0,NULL),(7590,8,25,'C10',1,0,NULL),(7591,8,25,'C11',1,0,NULL),(7592,8,25,'C12',1,0,NULL),(7593,8,25,'C13',1,0,NULL),(7594,8,25,'C14',1,0,NULL),(7595,8,25,'C15',1,0,NULL),(7596,8,25,'C16',1,0,NULL),(7597,8,25,'C17',1,0,NULL),(7598,8,25,'C18',1,0,NULL),(7599,8,25,'C19',1,0,NULL),(7600,8,25,'C20',1,0,NULL),(7601,8,25,'D1',1,1,NULL),(7602,8,25,'D2',1,1,NULL),(7603,8,25,'D3',1,1,NULL),(7604,8,25,'D4',1,1,NULL),(7605,8,25,'D5',1,1,NULL),(7606,8,25,'D6',1,1,NULL),(7607,8,25,'D7',1,1,NULL),(7608,8,25,'D8',1,1,NULL),(7609,8,25,'D9',1,1,NULL),(7610,8,25,'D10',1,1,NULL),(7611,8,25,'D11',1,1,NULL),(7612,8,25,'D12',1,1,NULL),(7613,8,25,'D13',1,1,NULL),(7614,8,25,'D14',1,1,NULL),(7615,8,25,'D15',1,1,NULL),(7616,8,25,'D16',1,1,NULL),(7617,8,25,'E1',1,0,NULL),(7618,8,25,'E2',1,0,NULL),(7619,8,25,'E3',1,0,NULL),(7620,8,25,'E4',1,0,NULL),(7621,8,25,'E5',1,0,NULL),(7622,8,25,'E6',1,0,NULL),(7623,8,25,'E7',1,0,NULL),(7624,8,25,'E8',1,0,NULL),(7625,8,25,'E9',1,0,NULL),(7626,8,25,'E10',1,0,NULL),(7627,8,25,'E11',1,0,NULL),(7628,8,25,'E12',1,0,NULL),(7629,8,25,'E13',1,0,NULL),(7630,8,25,'E14',1,0,NULL),(7631,8,25,'E15',1,0,NULL),(7632,8,25,'E16',1,0,NULL),(7633,8,25,'F1',1,0,NULL),(7634,8,25,'F2',1,0,NULL),(7635,8,25,'F3',1,0,NULL),(7636,8,25,'F4',1,0,NULL),(7637,8,25,'F5',1,0,NULL),(7638,8,25,'F6',1,0,NULL),(7639,8,25,'F7',1,0,NULL),(7640,8,25,'F8',1,0,NULL),(7641,8,25,'F9',1,0,NULL),(7642,8,25,'F10',1,0,NULL),(7643,8,25,'F11',1,0,NULL),(7644,8,25,'F12',1,0,NULL),(7645,8,25,'F13',1,0,NULL),(7646,8,25,'F14',1,0,NULL),(7647,8,25,'F15',1,0,NULL),(7648,8,25,'F16',1,0,NULL),(7649,8,25,'G1',1,0,NULL),(7650,8,25,'G2',1,0,NULL),(7651,8,25,'G3',1,0,NULL),(7652,8,25,'G4',1,0,NULL),(7653,8,25,'G5',1,0,NULL),(7654,8,25,'G6',1,0,NULL),(7655,8,25,'G7',1,0,NULL),(7656,8,25,'G8',1,0,NULL),(7657,8,25,'G9',1,0,NULL),(7658,8,25,'G10',1,0,NULL),(7659,8,25,'G11',1,0,NULL),(7660,8,25,'G12',1,0,NULL),(7661,8,25,'G13',1,0,NULL),(7662,8,25,'G14',1,0,NULL),(7663,8,25,'G15',1,0,NULL),(7664,8,25,'G16',1,0,NULL),(7665,8,25,'H1',1,0,NULL),(7666,8,25,'H2',1,0,NULL),(7667,8,25,'H3',1,0,NULL),(7668,8,25,'H4',1,0,NULL),(7669,8,25,'H5',1,0,NULL),(7670,8,25,'H6',1,0,NULL),(7671,8,25,'H7',1,0,NULL),(7672,8,25,'H8',1,0,NULL),(7673,8,25,'H9',1,0,NULL),(7674,8,25,'H10',1,0,NULL),(7675,8,25,'H11',1,0,NULL),(7676,8,25,'H12',1,0,NULL),(7677,8,25,'H13',1,0,NULL),(7678,8,25,'H14',1,0,NULL),(7679,8,25,'H15',1,0,NULL),(7680,8,25,'H16',1,0,NULL),(7681,8,25,'H17',1,0,NULL),(7682,8,25,'H18',1,0,NULL),(7683,8,25,'H19',1,0,NULL),(7684,8,25,'H20',1,0,NULL),(7685,8,25,'I1',1,0,NULL),(7686,8,25,'I2',1,0,NULL),(7687,8,25,'I3',1,0,NULL),(7688,8,25,'I4',1,0,NULL),(7689,8,25,'I5',1,0,NULL),(7690,8,25,'I6',1,0,NULL),(7691,8,25,'I7',1,0,NULL),(7692,8,25,'I8',1,0,NULL),(7693,8,25,'I9',1,0,NULL),(7694,8,25,'I10',1,0,NULL),(7695,8,25,'I11',1,0,NULL),(7696,8,25,'I12',1,0,NULL),(7697,8,25,'I13',1,0,NULL),(7698,8,25,'I14',1,0,NULL),(7699,8,25,'I15',1,0,NULL),(7700,8,25,'I16',1,0,NULL),(7701,8,25,'I17',1,0,NULL),(7702,8,25,'I18',1,0,NULL),(7703,8,25,'I19',1,0,NULL),(7704,8,25,'I20',1,0,NULL),(7705,4,9,'A1',1,0,NULL),(7706,4,9,'A2',1,0,NULL),(7707,4,9,'A3',1,0,NULL),(7708,4,9,'A4',1,0,NULL),(7709,4,9,'A5',1,0,NULL),(7710,4,9,'A6',1,0,NULL),(7711,4,9,'A7',1,0,NULL),(7712,4,9,'A8',1,0,NULL),(7713,4,9,'A9',1,0,NULL),(7714,4,9,'A10',1,0,NULL),(7715,4,9,'A11',1,0,NULL),(7716,4,9,'A12',1,0,NULL),(7717,4,9,'A13',1,0,NULL),(7718,4,9,'A14',1,0,NULL),(7719,4,9,'A15',1,0,NULL),(7720,4,9,'B1',1,0,NULL),(7721,4,9,'B2',1,0,NULL),(7722,4,9,'B3',1,0,NULL),(7723,4,9,'B4',1,0,NULL),(7724,4,9,'B5',1,0,NULL),(7725,4,9,'B6',1,0,NULL),(7726,4,9,'B7',1,0,NULL),(7727,4,9,'B8',1,0,NULL),(7728,4,9,'B9',1,0,NULL),(7729,4,9,'B10',1,0,NULL),(7730,4,9,'B11',1,0,NULL),(7731,4,9,'B12',1,0,NULL),(7732,4,9,'B13',1,0,NULL),(7733,4,9,'B14',1,0,NULL),(7734,4,9,'B15',1,0,NULL),(7735,4,9,'C1',1,0,NULL),(7736,4,9,'C2',1,0,NULL),(7737,4,9,'C3',1,0,NULL),(7738,4,9,'C4',1,0,NULL),(7739,4,9,'C5',1,0,NULL),(7740,4,9,'C6',1,0,NULL),(7741,4,9,'C7',1,0,NULL),(7742,4,9,'C8',1,0,NULL),(7743,4,9,'C9',1,0,NULL),(7744,4,9,'C10',1,0,NULL),(7745,4,9,'C11',1,0,NULL),(7746,4,9,'C12',1,0,NULL),(7747,4,9,'C13',1,0,NULL),(7748,4,9,'C14',1,0,NULL),(7749,4,9,'C15',1,0,NULL),(7750,4,9,'D1',1,0,NULL),(7751,4,9,'D2',1,0,NULL),(7752,4,9,'D3',1,0,NULL),(7753,4,9,'D4',1,0,NULL),(7754,4,9,'D5',1,0,NULL),(7755,4,9,'D6',1,0,NULL),(7756,4,9,'D7',1,0,NULL),(7757,4,9,'D8',1,0,NULL),(7758,4,9,'D9',1,0,NULL),(7759,4,9,'D10',1,0,NULL),(7760,4,9,'D11',1,0,NULL),(7761,4,9,'D12',1,0,NULL),(7762,4,9,'D13',1,0,NULL),(7763,4,9,'D14',1,0,NULL),(7764,4,9,'D15',1,0,NULL),(7765,4,9,'E1',1,0,NULL),(7766,4,9,'E2',1,0,NULL),(7767,4,9,'E3',1,0,NULL),(7768,4,9,'E4',1,0,NULL),(7769,4,9,'E5',1,0,NULL),(7770,4,9,'E6',1,0,NULL),(7771,4,9,'E7',1,0,NULL),(7772,4,9,'E8',1,0,NULL),(7773,4,9,'E9',1,0,NULL),(7774,4,9,'E10',1,0,NULL),(7775,4,9,'E11',1,0,NULL),(7776,4,9,'E12',1,0,NULL),(7777,4,9,'E13',1,0,NULL),(7778,4,9,'E14',1,0,NULL),(7779,4,9,'E15',1,0,NULL),(7780,4,9,'F1',1,0,NULL),(7781,4,9,'F2',1,0,NULL),(7782,4,9,'F3',1,0,NULL),(7783,4,9,'F4',1,0,NULL),(7784,4,9,'F5',1,0,NULL),(7785,4,9,'F6',1,0,NULL),(7786,4,9,'F7',1,0,NULL),(7787,4,9,'F8',1,0,NULL),(7788,4,9,'F9',1,0,NULL),(7789,4,9,'F10',1,0,NULL),(7790,4,9,'F11',1,0,NULL),(7791,4,9,'F12',1,0,NULL),(7792,4,9,'F13',1,0,NULL),(7793,4,9,'F14',1,0,NULL),(7794,4,9,'F15',1,0,NULL),(7795,4,9,'G1',1,0,NULL),(7796,4,9,'G2',1,0,NULL),(7797,4,9,'G3',1,0,NULL),(7798,4,9,'G4',1,0,NULL),(7799,4,9,'G5',1,0,NULL),(7800,4,9,'G6',1,0,NULL),(7801,4,9,'G7',1,0,NULL),(7802,4,9,'G8',1,0,NULL),(7803,4,9,'G9',1,0,NULL),(7804,4,9,'G10',1,0,NULL),(7805,4,9,'G11',1,0,NULL),(7806,4,9,'G12',1,0,NULL),(7807,4,9,'G13',1,0,NULL),(7808,4,9,'G14',1,0,NULL),(7809,4,9,'G15',1,0,NULL),(7810,4,9,'H1',1,0,NULL),(7811,4,9,'H2',1,0,NULL),(7812,4,9,'H3',1,0,NULL),(7813,4,9,'H4',1,0,NULL),(7814,4,9,'H5',1,0,NULL),(7815,4,9,'H6',1,0,NULL),(7816,4,9,'H7',1,0,NULL),(7817,4,9,'H8',1,0,NULL),(7818,4,9,'H9',1,0,NULL),(7819,4,9,'H10',1,0,NULL),(7820,4,9,'H11',1,0,NULL),(7821,4,9,'H12',1,0,NULL),(7822,4,9,'H13',1,0,NULL),(7823,4,9,'H14',1,0,NULL),(7824,4,9,'H15',1,0,NULL),(7825,4,9,'I1',1,1,NULL),(7826,4,9,'I2',1,1,NULL),(7827,4,9,'I3',1,1,NULL),(7828,4,9,'I4',1,1,NULL),(7829,4,9,'I5',1,1,NULL),(7830,4,9,'I6',1,1,NULL),(7831,4,9,'I7',1,1,NULL),(7832,4,9,'I8',1,1,NULL),(7833,4,9,'I9',1,1,NULL),(7834,4,9,'I10',1,1,NULL),(7835,4,9,'I11',1,1,NULL),(7836,4,9,'I12',1,1,NULL),(7837,4,51,'A1',1,0,NULL),(7838,4,51,'A2',1,0,NULL),(7839,4,51,'A3',1,0,NULL),(7840,4,51,'A4',1,0,NULL),(7841,4,51,'A5',1,0,NULL),(7842,4,51,'A6',1,0,NULL),(7843,4,51,'A7',1,0,NULL),(7844,4,51,'A8',1,0,NULL),(7845,4,51,'A9',1,0,NULL),(7846,4,51,'A10',1,0,NULL),(7847,4,51,'A11',1,0,NULL),(7848,4,51,'A12',1,0,NULL),(7849,4,51,'A13',1,0,NULL),(7850,4,51,'A14',1,0,NULL),(7851,4,51,'A15',1,0,NULL),(7852,4,51,'B1',1,0,NULL),(7853,4,51,'B2',1,0,NULL),(7854,4,51,'B3',1,0,NULL),(7855,4,51,'B4',1,0,NULL),(7856,4,51,'B5',1,0,NULL),(7857,4,51,'B6',1,0,NULL),(7858,4,51,'B7',1,0,NULL),(7859,4,51,'B8',1,0,NULL),(7860,4,51,'B9',1,0,NULL),(7861,4,51,'B10',1,0,NULL),(7862,4,51,'B11',1,0,NULL),(7863,4,51,'B12',1,0,NULL),(7864,4,51,'B13',1,0,NULL),(7865,4,51,'B14',1,0,NULL),(7866,4,51,'B15',1,0,NULL),(7867,4,51,'C1',1,0,NULL),(7868,4,51,'C2',1,0,NULL),(7869,4,51,'C3',1,0,NULL),(7870,4,51,'C4',1,0,NULL),(7871,4,51,'C5',1,0,NULL),(7872,4,51,'C6',1,0,NULL),(7873,4,51,'C7',1,0,NULL),(7874,4,51,'C8',1,0,NULL),(7875,4,51,'C9',1,0,NULL),(7876,4,51,'C10',1,0,NULL),(7877,4,51,'C11',1,0,NULL),(7878,4,51,'C12',1,0,NULL),(7879,4,51,'C13',1,0,NULL),(7880,4,51,'C14',1,0,NULL),(7881,4,51,'C15',1,0,NULL),(7882,4,51,'D1',1,0,NULL),(7883,4,51,'D2',1,0,NULL),(7884,4,51,'D3',1,0,NULL),(7885,4,51,'D4',1,0,NULL),(7886,4,51,'D5',1,0,NULL),(7887,4,51,'D6',1,0,NULL),(7888,4,51,'D7',1,0,NULL),(7889,4,51,'D8',1,0,NULL),(7890,4,51,'D9',1,0,NULL),(7891,4,51,'D10',1,0,NULL),(7892,4,51,'D11',1,0,NULL),(7893,4,51,'D12',1,0,NULL),(7894,4,51,'D13',1,0,NULL),(7895,4,51,'D14',1,0,NULL),(7896,4,51,'D15',1,0,NULL),(7897,4,51,'E1',1,0,NULL),(7898,4,51,'E2',1,0,NULL),(7899,4,51,'E3',1,0,NULL),(7900,4,51,'E4',1,0,NULL),(7901,4,51,'E5',1,0,NULL),(7902,4,51,'E6',1,0,NULL),(7903,4,51,'E7',1,0,NULL),(7904,4,51,'E8',1,0,NULL),(7905,4,51,'E9',1,0,NULL),(7906,4,51,'E10',1,0,NULL),(7907,4,51,'E11',1,0,NULL),(7908,4,51,'E12',1,0,NULL),(7909,4,51,'E13',1,0,NULL),(7910,4,51,'E14',1,0,NULL),(7911,4,51,'E15',1,0,NULL),(7912,4,51,'F1',1,0,NULL),(7913,4,51,'F2',1,0,NULL),(7914,4,51,'F3',1,0,NULL),(7915,4,51,'F4',1,0,NULL),(7916,4,51,'F5',1,0,NULL),(7917,4,51,'F6',1,0,NULL),(7918,4,51,'F7',1,0,NULL),(7919,4,51,'F8',1,0,NULL),(7920,4,51,'F9',1,0,NULL),(7921,4,51,'F10',1,0,NULL),(7922,4,51,'F11',1,0,NULL),(7923,4,51,'F12',1,0,NULL),(7924,4,51,'F13',1,0,NULL),(7925,4,51,'F14',1,0,NULL),(7926,4,51,'F15',1,0,NULL),(7927,4,51,'G1',1,0,NULL),(7928,4,51,'G2',1,0,NULL),(7929,4,51,'G3',1,0,NULL),(7930,4,51,'G4',1,0,NULL),(7931,4,51,'G5',1,0,NULL),(7932,4,51,'G6',1,0,NULL),(7933,4,51,'G7',1,0,NULL),(7934,4,51,'G8',1,0,NULL),(7935,4,51,'G9',1,0,NULL),(7936,4,51,'G10',1,0,NULL),(7937,4,51,'G11',1,0,NULL),(7938,4,51,'G12',1,0,NULL),(7939,4,51,'G13',1,0,NULL),(7940,4,51,'G14',1,0,NULL),(7941,4,51,'G15',1,0,NULL),(7942,4,51,'H1',1,0,NULL),(7943,4,51,'H2',1,0,NULL),(7944,4,51,'H3',1,0,NULL),(7945,4,51,'H4',1,0,NULL),(7946,4,51,'H5',1,0,NULL),(7947,4,51,'H6',1,0,NULL),(7948,4,51,'H7',1,0,NULL),(7949,4,51,'H8',1,0,NULL),(7950,4,51,'H9',1,0,NULL),(7951,4,51,'H10',1,0,NULL),(7952,4,51,'H11',1,0,NULL),(7953,4,51,'H12',1,0,NULL),(7954,4,51,'H13',1,0,NULL),(7955,4,51,'H14',1,0,NULL),(7956,4,51,'H15',1,0,NULL),(7957,4,51,'I1',1,1,NULL),(7958,4,51,'I2',1,1,NULL),(7959,4,51,'I3',1,1,NULL),(7960,4,51,'I4',1,1,NULL),(7961,4,51,'I5',1,1,NULL),(7962,4,51,'I6',1,1,NULL),(7963,4,51,'I7',1,1,NULL),(7964,4,51,'I8',1,1,NULL),(7965,4,51,'I9',1,1,NULL),(7966,4,51,'I10',1,1,NULL),(7967,4,51,'I11',1,1,NULL),(7968,4,51,'I12',1,1,NULL),(7969,4,52,'A1',1,0,NULL),(7970,4,52,'A2',1,0,NULL),(7971,4,52,'A3',1,0,NULL),(7972,4,52,'A4',1,0,NULL),(7973,4,52,'A5',1,0,NULL),(7974,4,52,'A6',1,0,NULL),(7975,4,52,'A7',1,0,NULL),(7976,4,52,'A8',1,0,NULL),(7977,4,52,'A9',1,0,NULL),(7978,4,52,'A10',1,0,NULL),(7979,4,52,'A11',1,0,NULL),(7980,4,52,'A12',1,0,NULL),(7981,4,52,'A13',1,0,NULL),(7982,4,52,'A14',1,0,NULL),(7983,4,52,'A15',1,0,NULL),(7984,4,52,'B1',1,0,NULL),(7985,4,52,'B2',1,0,NULL),(7986,4,52,'B3',1,0,NULL),(7987,4,52,'B4',1,0,NULL),(7988,4,52,'B5',1,0,NULL),(7989,4,52,'B6',1,0,NULL),(7990,4,52,'B7',1,0,NULL),(7991,4,52,'B8',1,0,NULL),(7992,4,52,'B9',1,0,NULL),(7993,4,52,'B10',1,0,NULL),(7994,4,52,'B11',1,0,NULL),(7995,4,52,'B12',1,0,NULL),(7996,4,52,'B13',1,0,NULL),(7997,4,52,'B14',1,0,NULL),(7998,4,52,'B15',1,0,NULL),(7999,4,52,'C1',1,0,NULL),(8000,4,52,'C2',1,0,NULL),(8001,4,52,'C3',1,0,NULL),(8002,4,52,'C4',1,0,NULL),(8003,4,52,'C5',1,0,NULL),(8004,4,52,'C6',1,0,NULL),(8005,4,52,'C7',1,0,NULL),(8006,4,52,'C8',1,0,NULL),(8007,4,52,'C9',1,0,NULL),(8008,4,52,'C10',1,0,NULL),(8009,4,52,'C11',1,0,NULL),(8010,4,52,'C12',1,0,NULL),(8011,4,52,'C13',1,0,NULL),(8012,4,52,'C14',1,0,NULL),(8013,4,52,'C15',1,0,NULL),(8014,4,52,'D1',1,0,NULL),(8015,4,52,'D2',1,0,NULL),(8016,4,52,'D3',1,0,NULL),(8017,4,52,'D4',1,0,NULL),(8018,4,52,'D5',1,0,NULL),(8019,4,52,'D6',1,0,NULL),(8020,4,52,'D7',1,0,NULL),(8021,4,52,'D8',1,0,NULL),(8022,4,52,'D9',1,0,NULL),(8023,4,52,'D10',1,0,NULL),(8024,4,52,'D11',1,0,NULL),(8025,4,52,'D12',1,0,NULL),(8026,4,52,'D13',1,0,NULL),(8027,4,52,'D14',1,0,NULL),(8028,4,52,'D15',1,0,NULL),(8029,4,52,'E1',1,0,NULL),(8030,4,52,'E2',1,0,NULL),(8031,4,52,'E3',1,0,NULL),(8032,4,52,'E4',1,0,NULL),(8033,4,52,'E5',1,0,NULL),(8034,4,52,'E6',1,0,NULL),(8035,4,52,'E7',1,0,NULL),(8036,4,52,'E8',1,0,NULL),(8037,4,52,'E9',1,0,NULL),(8038,4,52,'E10',1,0,NULL),(8039,4,52,'E11',1,0,NULL),(8040,4,52,'E12',1,0,NULL),(8041,4,52,'E13',1,0,NULL),(8042,4,52,'E14',1,0,NULL),(8043,4,52,'E15',1,0,NULL),(8044,4,52,'F1',1,0,NULL),(8045,4,52,'F2',1,0,NULL),(8046,4,52,'F3',1,0,NULL),(8047,4,52,'F4',1,0,NULL),(8048,4,52,'F5',1,0,NULL),(8049,4,52,'F6',1,0,NULL),(8050,4,52,'F7',1,0,NULL),(8051,4,52,'F8',1,0,NULL),(8052,4,52,'F9',1,0,NULL),(8053,4,52,'F10',1,0,NULL),(8054,4,52,'F11',1,0,NULL),(8055,4,52,'F12',1,0,NULL),(8056,4,52,'F13',1,0,NULL),(8057,4,52,'F14',1,0,NULL),(8058,4,52,'F15',1,0,NULL),(8059,4,52,'G1',1,0,NULL),(8060,4,52,'G2',1,0,NULL),(8061,4,52,'G3',1,0,NULL),(8062,4,52,'G4',1,0,NULL),(8063,4,52,'G5',1,0,NULL),(8064,4,52,'G6',1,0,NULL),(8065,4,52,'G7',1,0,NULL),(8066,4,52,'G8',1,0,NULL),(8067,4,52,'G9',1,0,NULL),(8068,4,52,'G10',1,0,NULL),(8069,4,52,'G11',1,0,NULL),(8070,4,52,'G12',1,0,NULL),(8071,4,52,'G13',1,0,NULL),(8072,4,52,'G14',1,0,NULL),(8073,4,52,'G15',1,0,NULL),(8074,4,52,'H1',1,0,NULL),(8075,4,52,'H2',1,0,NULL),(8076,4,52,'H3',1,0,NULL),(8077,4,52,'H4',1,0,NULL),(8078,4,52,'H5',1,0,NULL),(8079,4,52,'H6',1,0,NULL),(8080,4,52,'H7',1,0,NULL),(8081,4,52,'H8',1,0,NULL),(8082,4,52,'H9',1,0,NULL),(8083,4,52,'H10',1,0,NULL),(8084,4,52,'H11',1,0,NULL),(8085,4,52,'H12',1,0,NULL),(8086,4,52,'H13',1,0,NULL),(8087,4,52,'H14',1,0,NULL),(8088,4,52,'H15',1,0,NULL),(8089,4,52,'I1',1,1,NULL),(8090,4,52,'I2',1,1,NULL),(8091,4,52,'I3',1,1,NULL),(8092,4,52,'I4',1,1,NULL),(8093,4,52,'I5',1,1,NULL),(8094,4,52,'I6',1,1,NULL),(8095,4,52,'I7',1,1,NULL),(8096,4,52,'I8',1,1,NULL),(8097,4,52,'I9',1,1,NULL),(8098,4,52,'I10',1,1,NULL),(8099,4,52,'I11',1,1,NULL),(8100,4,52,'I12',1,1,NULL),(8101,5,10,'A1',1,0,NULL),(8102,5,10,'A2',1,0,NULL),(8103,5,10,'A3',1,0,NULL),(8104,5,10,'A4',1,0,NULL),(8105,5,10,'A5',1,0,NULL),(8106,5,10,'A6',1,0,NULL),(8107,5,10,'A7',1,0,NULL),(8108,5,10,'A8',1,0,NULL),(8109,5,10,'A9',1,0,NULL),(8110,5,10,'A10',1,0,NULL),(8111,5,10,'A11',1,0,NULL),(8112,5,10,'A12',1,0,NULL),(8113,5,10,'A13',1,0,NULL),(8114,5,10,'A14',1,0,NULL),(8115,5,10,'A15',1,0,NULL),(8116,5,10,'A16',1,0,NULL),(8117,5,10,'A17',1,0,NULL),(8118,5,10,'B1',1,0,NULL),(8119,5,10,'B2',1,0,NULL),(8120,5,10,'B3',1,0,NULL),(8121,5,10,'B4',1,0,NULL),(8122,5,10,'B5',1,0,NULL),(8123,5,10,'B6',1,0,NULL),(8124,5,10,'B7',1,0,NULL),(8125,5,10,'B8',1,0,NULL),(8126,5,10,'B9',1,0,NULL),(8127,5,10,'B10',1,0,NULL),(8128,5,10,'B11',1,0,NULL),(8129,5,10,'B12',1,0,NULL),(8130,5,10,'B13',1,0,NULL),(8131,5,10,'B14',1,0,NULL),(8132,5,10,'B15',1,0,NULL),(8133,5,10,'B16',1,0,NULL),(8134,5,10,'B17',1,0,NULL),(8135,5,10,'B18',1,0,NULL),(8136,5,10,'B19',1,0,NULL),(8137,5,10,'B20',1,0,NULL),(8138,5,10,'B21',1,0,NULL),(8139,5,10,'B22',1,0,NULL),(8140,5,10,'C1',1,0,NULL),(8141,5,10,'C2',1,0,NULL),(8142,5,10,'C3',1,0,NULL),(8143,5,10,'C4',1,0,NULL),(8144,5,10,'C5',1,0,NULL),(8145,5,10,'C6',1,0,NULL),(8146,5,10,'C7',1,0,NULL),(8147,5,10,'C8',1,0,NULL),(8148,5,10,'C9',1,0,NULL),(8149,5,10,'C10',1,0,NULL),(8150,5,10,'C11',1,0,NULL),(8151,5,10,'C12',1,0,NULL),(8152,5,10,'C13',1,0,NULL),(8153,5,10,'C14',1,0,NULL),(8154,5,10,'C15',1,0,NULL),(8155,5,10,'C16',1,0,NULL),(8156,5,10,'C17',1,0,NULL),(8157,5,10,'C18',1,0,NULL),(8158,5,10,'C19',1,0,NULL),(8159,5,10,'C20',1,0,NULL),(8160,5,10,'C21',1,0,NULL),(8161,5,10,'C22',1,0,NULL),(8162,5,10,'C23',1,0,NULL),(8163,5,10,'D1',1,0,NULL),(8164,5,10,'D2',1,0,NULL),(8165,5,10,'D3',1,0,NULL),(8166,5,10,'D4',1,0,NULL),(8167,5,10,'D5',1,0,NULL),(8168,5,10,'D6',1,0,NULL),(8169,5,10,'D7',1,0,NULL),(8170,5,10,'D8',1,0,NULL),(8171,5,10,'D9',1,0,NULL),(8172,5,10,'D10',1,0,NULL),(8173,5,10,'D11',1,0,NULL),(8174,5,10,'D12',1,0,NULL),(8175,5,10,'D13',1,0,NULL),(8176,5,10,'D14',1,0,NULL),(8177,5,10,'D15',1,0,NULL),(8178,5,10,'D16',1,0,NULL),(8179,5,10,'D17',1,0,NULL),(8180,5,10,'D18',1,0,NULL),(8181,5,10,'D19',1,0,NULL),(8182,5,10,'D20',1,0,NULL),(8183,5,10,'D21',1,0,NULL),(8184,5,10,'D22',1,0,NULL),(8185,5,10,'D23',1,0,NULL),(8186,5,10,'D24',1,0,NULL),(8187,5,10,'E1',1,0,NULL),(8188,5,10,'E2',1,0,NULL),(8189,5,10,'E3',1,0,NULL),(8190,5,10,'E4',1,0,NULL),(8191,5,10,'E5',1,0,NULL),(8192,5,10,'E6',1,0,NULL),(8193,5,10,'E7',1,0,NULL),(8194,5,10,'E8',1,0,NULL),(8195,5,10,'E9',1,0,NULL),(8196,5,10,'E10',1,0,NULL),(8197,5,10,'E11',1,0,NULL),(8198,5,10,'E12',1,0,NULL),(8199,5,10,'E13',1,0,NULL),(8200,5,10,'E14',1,0,NULL),(8201,5,10,'E15',1,0,NULL),(8202,5,10,'E16',1,0,NULL),(8203,5,10,'E17',1,0,NULL),(8204,5,10,'E18',1,0,NULL),(8205,5,10,'E19',1,0,NULL),(8206,5,10,'E20',1,0,NULL),(8207,5,10,'E21',1,0,NULL),(8208,5,10,'E22',1,0,NULL),(8209,5,10,'E23',1,0,NULL),(8210,5,10,'E24',1,0,NULL),(8211,5,10,'F1',1,0,NULL),(8212,5,10,'F2',1,0,NULL),(8213,5,10,'F3',1,0,NULL),(8214,5,10,'F4',1,0,NULL),(8215,5,10,'F5',1,0,NULL),(8216,5,10,'F6',1,0,NULL),(8217,5,10,'F7',1,0,NULL),(8218,5,10,'F8',1,0,NULL),(8219,5,10,'F9',1,0,NULL),(8220,5,10,'F10',1,0,NULL),(8221,5,10,'F11',1,0,NULL),(8222,5,10,'F12',1,0,NULL),(8223,5,10,'F13',1,0,NULL),(8224,5,10,'F14',1,0,NULL),(8225,5,10,'F15',1,0,NULL),(8226,5,10,'F16',1,0,NULL),(8227,5,10,'F17',1,0,NULL),(8228,5,10,'F18',1,0,NULL),(8229,5,10,'F19',1,0,NULL),(8230,5,10,'F20',1,0,NULL),(8231,5,10,'F21',1,0,NULL),(8232,5,10,'F22',1,0,NULL),(8233,5,10,'F23',1,0,NULL),(8234,5,10,'F24',1,0,NULL),(8235,5,10,'F25',1,0,NULL),(8236,5,10,'F26',1,0,NULL),(8237,5,10,'G1',1,0,NULL),(8238,5,10,'G2',1,0,NULL),(8239,5,10,'G3',1,0,NULL),(8240,5,10,'G4',1,0,NULL),(8241,5,10,'G5',1,0,NULL),(8242,5,10,'G6',1,0,NULL),(8243,5,10,'G7',1,0,NULL),(8244,5,10,'G8',1,0,NULL),(8245,5,10,'G9',1,0,NULL),(8246,5,10,'G10',1,0,NULL),(8247,5,10,'G11',1,0,NULL),(8248,5,10,'G12',1,0,NULL),(8249,5,10,'G13',1,0,NULL),(8250,5,10,'G14',1,0,NULL),(8251,5,10,'G15',1,0,NULL),(8252,5,10,'G16',1,0,NULL),(8253,5,10,'G17',1,0,NULL),(8254,5,10,'G18',1,0,NULL),(8255,5,10,'G19',1,0,NULL),(8256,5,10,'G20',1,0,NULL),(8257,5,10,'G21',1,0,NULL),(8258,5,10,'G22',1,0,NULL),(8259,5,10,'G23',1,0,NULL),(8260,5,10,'G24',1,0,NULL),(8261,5,10,'G25',1,0,NULL),(8262,5,10,'G26',1,0,NULL),(8263,5,10,'H1',1,0,NULL),(8264,5,10,'H2',1,0,NULL),(8265,5,10,'H3',1,0,NULL),(8266,5,10,'H4',1,0,NULL),(8267,5,10,'H5',1,0,NULL),(8268,5,10,'H6',1,0,NULL),(8269,5,10,'H7',1,0,NULL),(8270,5,10,'H8',1,0,NULL),(8271,5,10,'H9',1,0,NULL),(8272,5,10,'H10',1,0,NULL),(8273,5,10,'H11',1,0,NULL),(8274,5,10,'H12',1,0,NULL),(8275,5,10,'H13',1,0,NULL),(8276,5,10,'H14',1,0,NULL),(8277,5,10,'H15',1,0,NULL),(8278,5,10,'H16',1,0,NULL),(8279,5,10,'H17',1,0,NULL),(8280,5,10,'H18',1,0,NULL),(8281,5,10,'H19',1,0,NULL),(8282,5,10,'H20',1,0,NULL),(8283,5,10,'H21',1,0,NULL),(8284,5,10,'H22',1,0,NULL),(8285,5,10,'H23',1,0,NULL),(8286,5,10,'H24',1,0,NULL),(8287,5,10,'H25',1,0,NULL),(8288,5,10,'H26',1,0,NULL),(8289,5,10,'H27',1,0,NULL),(8290,5,10,'I1',1,0,NULL),(8291,5,10,'I2',1,0,NULL),(8292,5,10,'I3',1,0,NULL),(8293,5,10,'I4',1,0,NULL),(8294,5,10,'I5',1,0,NULL),(8295,5,10,'I6',1,0,NULL),(8296,5,10,'I7',1,0,NULL),(8297,5,10,'I8',1,0,NULL),(8298,5,10,'I9',1,0,NULL),(8299,5,10,'I10',1,0,NULL),(8300,5,10,'I11',1,0,NULL),(8301,5,10,'I12',1,0,NULL),(8302,5,10,'I13',1,0,NULL),(8303,5,10,'I14',1,0,NULL),(8304,5,10,'I15',1,0,NULL),(8305,5,10,'I16',1,0,NULL),(8306,5,10,'I19',1,1,NULL),(8307,5,10,'I20',1,1,NULL),(8308,5,10,'I21',1,1,NULL),(8309,5,10,'I22',1,1,NULL),(8310,5,10,'I23',1,1,NULL),(8311,5,10,'I24',1,1,NULL),(8312,5,10,'I25',1,1,NULL),(8313,5,10,'I26',1,1,NULL),(8314,5,53,'A1',1,0,NULL),(8315,5,53,'A2',1,0,NULL),(8316,5,53,'A3',1,0,NULL),(8317,5,53,'A4',1,0,NULL),(8318,5,53,'A5',1,0,NULL),(8319,5,53,'A6',1,0,NULL),(8320,5,53,'A7',1,0,NULL),(8321,5,53,'A8',1,0,NULL),(8322,5,53,'A9',1,0,NULL),(8323,5,53,'A10',1,0,NULL),(8324,5,53,'A11',1,0,NULL),(8325,5,53,'A12',1,0,NULL),(8326,5,53,'A13',1,0,NULL),(8327,5,53,'A14',1,0,NULL),(8328,5,53,'A15',1,0,NULL),(8329,5,53,'A16',1,0,NULL),(8330,5,53,'A17',1,0,NULL),(8331,5,53,'B1',1,0,NULL),(8332,5,53,'B2',1,0,NULL),(8333,5,53,'B3',1,0,NULL),(8334,5,53,'B4',1,0,NULL),(8335,5,53,'B5',1,0,NULL),(8336,5,53,'B6',1,0,NULL),(8337,5,53,'B7',1,0,NULL),(8338,5,53,'B8',1,0,NULL),(8339,5,53,'B9',1,0,NULL),(8340,5,53,'B10',1,0,NULL),(8341,5,53,'B11',1,0,NULL),(8342,5,53,'B12',1,0,NULL),(8343,5,53,'B13',1,0,NULL),(8344,5,53,'B14',1,0,NULL),(8345,5,53,'B15',1,0,NULL),(8346,5,53,'B16',1,0,NULL),(8347,5,53,'B17',1,0,NULL),(8348,5,53,'B18',1,0,NULL),(8349,5,53,'B19',1,0,NULL),(8350,5,53,'B20',1,0,NULL),(8351,5,53,'B21',1,0,NULL),(8352,5,53,'B22',1,0,NULL),(8353,5,53,'C1',1,0,NULL),(8354,5,53,'C2',1,0,NULL),(8355,5,53,'C3',1,0,NULL),(8356,5,53,'C4',1,0,NULL),(8357,5,53,'C5',1,0,NULL),(8358,5,53,'C6',1,0,NULL),(8359,5,53,'C7',1,0,NULL),(8360,5,53,'C8',1,0,NULL),(8361,5,53,'C9',1,0,NULL),(8362,5,53,'C10',1,0,NULL),(8363,5,53,'C11',1,0,NULL),(8364,5,53,'C12',1,0,NULL),(8365,5,53,'C13',1,0,NULL),(8366,5,53,'C14',1,0,NULL),(8367,5,53,'C15',1,0,NULL),(8368,5,53,'C16',1,0,NULL),(8369,5,53,'C17',1,0,NULL),(8370,5,53,'C18',1,0,NULL),(8371,5,53,'C19',1,0,NULL),(8372,5,53,'C20',1,0,NULL),(8373,5,53,'C21',1,0,NULL),(8374,5,53,'C22',1,0,NULL),(8375,5,53,'C23',1,0,NULL),(8376,5,53,'D1',1,0,NULL),(8377,5,53,'D2',1,0,NULL),(8378,5,53,'D3',1,0,NULL),(8379,5,53,'D4',1,0,NULL),(8380,5,53,'D5',1,0,NULL),(8381,5,53,'D6',1,0,NULL),(8382,5,53,'D7',1,0,NULL),(8383,5,53,'D8',1,0,NULL),(8384,5,53,'D9',1,0,NULL),(8385,5,53,'D10',1,0,NULL),(8386,5,53,'D11',1,0,NULL),(8387,5,53,'D12',1,0,NULL),(8388,5,53,'D13',1,0,NULL),(8389,5,53,'D14',1,0,NULL),(8390,5,53,'D15',1,0,NULL),(8391,5,53,'D16',1,0,NULL),(8392,5,53,'D17',1,0,NULL),(8393,5,53,'D18',1,0,NULL),(8394,5,53,'D19',1,0,NULL),(8395,5,53,'D20',1,0,NULL),(8396,5,53,'D21',1,0,NULL),(8397,5,53,'D22',1,0,NULL),(8398,5,53,'D23',1,0,NULL),(8399,5,53,'D24',1,0,NULL),(8400,5,53,'E1',1,0,NULL),(8401,5,53,'E2',1,0,NULL),(8402,5,53,'E3',1,0,NULL),(8403,5,53,'E4',1,0,NULL),(8404,5,53,'E5',1,0,NULL),(8405,5,53,'E6',1,0,NULL),(8406,5,53,'E7',1,0,NULL),(8407,5,53,'E8',1,0,NULL),(8408,5,53,'E9',1,0,NULL),(8409,5,53,'E10',1,0,NULL),(8410,5,53,'E11',1,0,NULL),(8411,5,53,'E12',1,0,NULL),(8412,5,53,'E13',1,0,NULL),(8413,5,53,'E14',1,0,NULL),(8414,5,53,'E15',1,0,NULL),(8415,5,53,'E16',1,0,NULL),(8416,5,53,'E17',1,0,NULL),(8417,5,53,'E18',1,0,NULL),(8418,5,53,'E19',1,0,NULL),(8419,5,53,'E20',1,0,NULL),(8420,5,53,'E21',1,0,NULL),(8421,5,53,'E22',1,0,NULL),(8422,5,53,'E23',1,0,NULL),(8423,5,53,'E24',1,0,NULL),(8424,5,53,'F1',1,0,NULL),(8425,5,53,'F2',1,0,NULL),(8426,5,53,'F3',1,0,NULL),(8427,5,53,'F4',1,0,NULL),(8428,5,53,'F5',1,0,NULL),(8429,5,53,'F6',1,0,NULL),(8430,5,53,'F7',1,0,NULL),(8431,5,53,'F8',1,0,NULL),(8432,5,53,'F9',1,0,NULL),(8433,5,53,'F10',1,0,NULL),(8434,5,53,'F11',1,0,NULL),(8435,5,53,'F12',1,0,NULL),(8436,5,53,'F13',1,0,NULL),(8437,5,53,'F14',1,0,NULL),(8438,5,53,'F15',1,0,NULL),(8439,5,53,'F16',1,0,NULL),(8440,5,53,'F17',1,0,NULL),(8441,5,53,'F18',1,0,NULL),(8442,5,53,'F19',1,0,NULL),(8443,5,53,'F20',1,0,NULL),(8444,5,53,'F21',1,0,NULL),(8445,5,53,'F22',1,0,NULL),(8446,5,53,'F23',1,0,NULL),(8447,5,53,'F24',1,0,NULL),(8448,5,53,'F25',1,0,NULL),(8449,5,53,'F26',1,0,NULL),(8450,5,53,'G1',1,0,NULL),(8451,5,53,'G2',1,0,NULL),(8452,5,53,'G3',1,0,NULL),(8453,5,53,'G4',1,0,NULL),(8454,5,53,'G5',1,0,NULL),(8455,5,53,'G6',1,0,NULL),(8456,5,53,'G7',1,0,NULL),(8457,5,53,'G8',1,0,NULL),(8458,5,53,'G9',1,0,NULL),(8459,5,53,'G10',1,0,NULL),(8460,5,53,'G11',1,0,NULL),(8461,5,53,'G12',1,0,NULL),(8462,5,53,'G13',1,0,NULL),(8463,5,53,'G14',1,0,NULL),(8464,5,53,'G15',1,0,NULL),(8465,5,53,'G16',1,0,NULL),(8466,5,53,'G17',1,0,NULL),(8467,5,53,'G18',1,0,NULL),(8468,5,53,'G19',1,0,NULL),(8469,5,53,'G20',1,0,NULL),(8470,5,53,'G21',1,0,NULL),(8471,5,53,'G22',1,0,NULL),(8472,5,53,'G23',1,0,NULL),(8473,5,53,'G24',1,0,NULL),(8474,5,53,'G25',1,0,NULL),(8475,5,53,'G26',1,0,NULL),(8476,5,53,'H1',1,0,NULL),(8477,5,53,'H2',1,0,NULL),(8478,5,53,'H3',1,0,NULL),(8479,5,53,'H4',1,0,NULL),(8480,5,53,'H5',1,0,NULL),(8481,5,53,'H6',1,0,NULL),(8482,5,53,'H7',1,0,NULL),(8483,5,53,'H8',1,0,NULL),(8484,5,53,'H9',1,0,NULL),(8485,5,53,'H10',1,0,NULL),(8486,5,53,'H11',1,0,NULL),(8487,5,53,'H12',1,0,NULL),(8488,5,53,'H13',1,0,NULL),(8489,5,53,'H14',1,0,NULL),(8490,5,53,'H15',1,0,NULL),(8491,5,53,'H16',1,0,NULL),(8492,5,53,'H17',1,0,NULL),(8493,5,53,'H18',1,0,NULL),(8494,5,53,'H19',1,0,NULL),(8495,5,53,'H20',1,0,NULL),(8496,5,53,'H21',1,0,NULL),(8497,5,53,'H22',1,0,NULL),(8498,5,53,'H23',1,0,NULL),(8499,5,53,'H24',1,0,NULL),(8500,5,53,'H25',1,0,NULL),(8501,5,53,'H26',1,0,NULL),(8502,5,53,'H27',1,0,NULL),(8503,5,53,'I1',1,0,NULL),(8504,5,53,'I2',1,0,NULL),(8505,5,53,'I3',1,0,NULL),(8506,5,53,'I4',1,0,NULL),(8507,5,53,'I5',1,0,NULL),(8508,5,53,'I6',1,0,NULL),(8509,5,53,'I7',1,0,NULL),(8510,5,53,'I8',1,0,NULL),(8511,5,53,'I9',1,0,NULL),(8512,5,53,'I10',1,0,NULL),(8513,5,53,'I11',1,0,NULL),(8514,5,53,'I12',1,0,NULL),(8515,5,53,'I13',1,0,NULL),(8516,5,53,'I14',1,0,NULL),(8517,5,53,'I15',1,0,NULL),(8518,5,53,'I16',1,0,NULL),(8519,5,53,'I19',1,1,NULL),(8520,5,53,'I20',1,1,NULL),(8521,5,53,'I21',1,1,NULL),(8522,5,53,'I22',1,1,NULL),(8523,5,53,'I23',1,1,NULL),(8524,5,53,'I24',1,1,NULL),(8525,5,53,'I25',1,1,NULL),(8526,5,53,'I26',1,1,NULL),(8527,5,54,'A1',1,0,NULL),(8528,5,54,'A2',1,0,NULL),(8529,5,54,'A3',1,0,NULL),(8530,5,54,'A4',1,0,NULL),(8531,5,54,'A5',1,0,NULL),(8532,5,54,'A6',1,0,NULL),(8533,5,54,'A7',1,0,NULL),(8534,5,54,'A8',1,0,NULL),(8535,5,54,'A9',1,0,NULL),(8536,5,54,'A10',1,0,NULL),(8537,5,54,'A11',1,0,NULL),(8538,5,54,'A12',1,0,NULL),(8539,5,54,'A13',1,0,NULL),(8540,5,54,'A14',1,0,NULL),(8541,5,54,'A15',1,0,NULL),(8542,5,54,'A16',1,0,NULL),(8543,5,54,'A17',1,0,NULL),(8544,5,54,'B1',1,0,NULL),(8545,5,54,'B2',1,0,NULL),(8546,5,54,'B3',1,0,NULL),(8547,5,54,'B4',1,0,NULL),(8548,5,54,'B5',1,0,NULL),(8549,5,54,'B6',1,0,NULL),(8550,5,54,'B7',1,0,NULL),(8551,5,54,'B8',1,0,NULL),(8552,5,54,'B9',1,0,NULL),(8553,5,54,'B10',1,0,NULL),(8554,5,54,'B11',1,0,NULL),(8555,5,54,'B12',1,0,NULL),(8556,5,54,'B13',1,0,NULL),(8557,5,54,'B14',1,0,NULL),(8558,5,54,'B15',1,0,NULL),(8559,5,54,'B16',1,0,NULL),(8560,5,54,'B17',1,0,NULL),(8561,5,54,'B18',1,0,NULL),(8562,5,54,'B19',1,0,NULL),(8563,5,54,'B20',1,0,NULL),(8564,5,54,'B21',1,0,NULL),(8565,5,54,'B22',1,0,NULL),(8566,5,54,'C1',1,0,NULL),(8567,5,54,'C2',1,0,NULL),(8568,5,54,'C3',1,0,NULL),(8569,5,54,'C4',1,0,NULL),(8570,5,54,'C5',1,0,NULL),(8571,5,54,'C6',1,0,NULL),(8572,5,54,'C7',1,0,NULL),(8573,5,54,'C8',1,0,NULL),(8574,5,54,'C9',1,0,NULL),(8575,5,54,'C10',1,0,NULL),(8576,5,54,'C11',1,0,NULL),(8577,5,54,'C12',1,0,NULL),(8578,5,54,'C13',1,0,NULL),(8579,5,54,'C14',1,0,NULL),(8580,5,54,'C15',1,0,NULL),(8581,5,54,'C16',1,0,NULL),(8582,5,54,'C17',1,0,NULL),(8583,5,54,'C18',1,0,NULL),(8584,5,54,'C19',1,0,NULL),(8585,5,54,'C20',1,0,NULL),(8586,5,54,'C21',1,0,NULL),(8587,5,54,'C22',1,0,NULL),(8588,5,54,'C23',1,0,NULL),(8589,5,54,'D1',1,0,NULL),(8590,5,54,'D2',1,0,NULL),(8591,5,54,'D3',1,0,NULL),(8592,5,54,'D4',1,0,NULL),(8593,5,54,'D5',1,0,NULL),(8594,5,54,'D6',1,0,NULL),(8595,5,54,'D7',1,0,NULL),(8596,5,54,'D8',1,0,NULL),(8597,5,54,'D9',1,0,NULL),(8598,5,54,'D10',1,0,NULL),(8599,5,54,'D11',1,0,NULL),(8600,5,54,'D12',1,0,NULL),(8601,5,54,'D13',1,0,NULL),(8602,5,54,'D14',1,0,NULL),(8603,5,54,'D15',1,0,NULL),(8604,5,54,'D16',1,0,NULL),(8605,5,54,'D17',1,0,NULL),(8606,5,54,'D18',1,0,NULL),(8607,5,54,'D19',1,0,NULL),(8608,5,54,'D20',1,0,NULL),(8609,5,54,'D21',1,0,NULL),(8610,5,54,'D22',1,0,NULL),(8611,5,54,'D23',1,0,NULL),(8612,5,54,'D24',1,0,NULL),(8613,5,54,'E1',1,0,NULL),(8614,5,54,'E2',1,0,NULL),(8615,5,54,'E3',1,0,NULL),(8616,5,54,'E4',1,0,NULL),(8617,5,54,'E5',1,0,NULL),(8618,5,54,'E6',1,0,NULL),(8619,5,54,'E7',1,0,NULL),(8620,5,54,'E8',1,0,NULL),(8621,5,54,'E9',1,0,NULL),(8622,5,54,'E10',1,0,NULL),(8623,5,54,'E11',1,0,NULL),(8624,5,54,'E12',1,0,NULL),(8625,5,54,'E13',1,0,NULL),(8626,5,54,'E14',1,0,NULL),(8627,5,54,'E15',1,0,NULL),(8628,5,54,'E16',1,0,NULL),(8629,5,54,'E17',1,0,NULL),(8630,5,54,'E18',1,0,NULL),(8631,5,54,'E19',1,0,NULL),(8632,5,54,'E20',1,0,NULL),(8633,5,54,'E21',1,0,NULL),(8634,5,54,'E22',1,0,NULL),(8635,5,54,'E23',1,0,NULL),(8636,5,54,'E24',1,0,NULL),(8637,5,54,'F1',1,0,NULL),(8638,5,54,'F2',1,0,NULL),(8639,5,54,'F3',1,0,NULL),(8640,5,54,'F4',1,0,NULL),(8641,5,54,'F5',1,0,NULL),(8642,5,54,'F6',1,0,NULL),(8643,5,54,'F7',1,0,NULL),(8644,5,54,'F8',1,0,NULL),(8645,5,54,'F9',1,0,NULL),(8646,5,54,'F10',1,0,NULL),(8647,5,54,'F11',1,0,NULL),(8648,5,54,'F12',1,0,NULL),(8649,5,54,'F13',1,0,NULL),(8650,5,54,'F14',1,0,NULL),(8651,5,54,'F15',1,0,NULL),(8652,5,54,'F16',1,0,NULL),(8653,5,54,'F17',1,0,NULL),(8654,5,54,'F18',1,0,NULL),(8655,5,54,'F19',1,0,NULL),(8656,5,54,'F20',1,0,NULL),(8657,5,54,'F21',1,0,NULL),(8658,5,54,'F22',1,0,NULL),(8659,5,54,'F23',1,0,NULL),(8660,5,54,'F24',1,0,NULL),(8661,5,54,'F25',1,0,NULL),(8662,5,54,'F26',1,0,NULL),(8663,5,54,'G1',1,0,NULL),(8664,5,54,'G2',1,0,NULL),(8665,5,54,'G3',1,0,NULL),(8666,5,54,'G4',1,0,NULL),(8667,5,54,'G5',1,0,NULL),(8668,5,54,'G6',1,0,NULL),(8669,5,54,'G7',1,0,NULL),(8670,5,54,'G8',1,0,NULL),(8671,5,54,'G9',1,0,NULL),(8672,5,54,'G10',1,0,NULL),(8673,5,54,'G11',1,0,NULL),(8674,5,54,'G12',1,0,NULL),(8675,5,54,'G13',1,0,NULL),(8676,5,54,'G14',1,0,NULL),(8677,5,54,'G15',1,0,NULL),(8678,5,54,'G16',1,0,NULL),(8679,5,54,'G17',1,0,NULL),(8680,5,54,'G18',1,0,NULL),(8681,5,54,'G19',1,0,NULL),(8682,5,54,'G20',1,0,NULL),(8683,5,54,'G21',1,0,NULL),(8684,5,54,'G22',1,0,NULL),(8685,5,54,'G23',1,0,NULL),(8686,5,54,'G24',1,0,NULL),(8687,5,54,'G25',1,0,NULL),(8688,5,54,'G26',1,0,NULL),(8689,5,54,'H1',1,0,NULL),(8690,5,54,'H2',1,0,NULL),(8691,5,54,'H3',1,0,NULL),(8692,5,54,'H4',1,0,NULL),(8693,5,54,'H5',1,0,NULL),(8694,5,54,'H6',1,0,NULL),(8695,5,54,'H7',1,0,NULL),(8696,5,54,'H8',1,0,NULL),(8697,5,54,'H9',1,0,NULL),(8698,5,54,'H10',1,0,NULL),(8699,5,54,'H11',1,0,NULL),(8700,5,54,'H12',1,0,NULL),(8701,5,54,'H13',1,0,NULL),(8702,5,54,'H14',1,0,NULL),(8703,5,54,'H15',1,0,NULL),(8704,5,54,'H16',1,0,NULL),(8705,5,54,'H17',1,0,NULL),(8706,5,54,'H18',1,0,NULL),(8707,5,54,'H19',1,0,NULL),(8708,5,54,'H20',1,0,NULL),(8709,5,54,'H21',1,0,NULL),(8710,5,54,'H22',1,0,NULL),(8711,5,54,'H23',1,0,NULL),(8712,5,54,'H24',1,0,NULL),(8713,5,54,'H25',1,0,NULL),(8714,5,54,'H26',1,0,NULL),(8715,5,54,'H27',1,0,NULL),(8716,5,54,'I1',1,0,NULL),(8717,5,54,'I2',1,0,NULL),(8718,5,54,'I3',1,0,NULL),(8719,5,54,'I4',1,0,NULL),(8720,5,54,'I5',1,0,NULL),(8721,5,54,'I6',1,0,NULL),(8722,5,54,'I7',1,0,NULL),(8723,5,54,'I8',1,0,NULL),(8724,5,54,'I9',1,0,NULL),(8725,5,54,'I10',1,0,NULL),(8726,5,54,'I11',1,0,NULL),(8727,5,54,'I12',1,0,NULL),(8728,5,54,'I13',1,0,NULL),(8729,5,54,'I14',1,0,NULL),(8730,5,54,'I15',1,0,NULL),(8731,5,54,'I16',1,0,NULL),(8732,5,54,'I19',1,1,NULL),(8733,5,54,'I20',1,1,NULL),(8734,5,54,'I21',1,1,NULL),(8735,5,54,'I22',1,1,NULL),(8736,5,54,'I23',1,1,NULL),(8737,5,54,'I24',1,1,NULL),(8738,5,54,'I25',1,1,NULL),(8739,5,54,'I26',1,1,NULL);
/*!40000 ALTER TABLE `Seat` ENABLE KEYS */;
UNLOCK TABLES;

--
-- Table structure for table `Showtime`
--

DROP TABLE IF EXISTS `Showtime`;
/*!40101 SET @saved_cs_client     = @@character_set_client */;
/*!50503 SET character_set_client = utf8mb4 */;
CREATE TABLE `Showtime` (
  `id` int NOT NULL AUTO_INCREMENT,
  `theaterId` int NOT NULL,
  `movieId` int NOT NULL,
  `time` datetime(3) NOT NULL,
  `price` decimal(65,30) NOT NULL,
  `screenId` int NOT NULL,
  PRIMARY KEY (`id`),
  KEY `Showtime_theaterId_fkey` (`theaterId`),
  KEY `Showtime_movieId_fkey` (`movieId`),
  KEY `Showtime_screenId_fkey` (`screenId`),
  CONSTRAINT `Showtime_movieId_fkey` FOREIGN KEY (`movieId`) REFERENCES `Movie` (`id`) ON DELETE RESTRICT ON UPDATE CASCADE,
  CONSTRAINT `Showtime_screenId_fkey` FOREIGN KEY (`screenId`) REFERENCES `Screen` (`id`) ON DELETE RESTRICT ON UPDATE CASCADE,
  CONSTRAINT `Showtime_theaterId_fkey` FOREIGN KEY (`theaterId`) REFERENCES `Theater` (`id`) ON DELETE RESTRICT ON UPDATE CASCADE
) ENGINE=InnoDB AUTO_INCREMENT=55 DEFAULT CHARSET=utf8mb4 COLLATE=utf8mb4_unicode_ci;
/*!40101 SET character_set_client = @saved_cs_client */;

--
-- Dumping data for table `Showtime`
--

LOCK TABLES `Showtime` WRITE;
/*!40000 ALTER TABLE `Showtime` DISABLE KEYS */;
INSERT INTO `Showtime` VALUES (1,1,1,'2024-11-01 16:00:00.000',25.000000000000000000000000000000,1),(2,1,1,'2024-11-01 20:00:00.000',25.000000000000000000000000000000,1),(3,1,1,'2024-11-01 00:00:00.000',25.000000000000000000000000000000,1),(4,1,1,'2024-11-01 04:00:00.000',25.000000000000000000000000000000,1),(5,1,3,'2024-11-01 16:00:00.000',25.000000000000000000000000000000,3),(6,1,3,'2024-11-01 20:00:00.000',25.000000000000000000000000000000,3),(7,1,3,'2024-11-01 00:00:00.000',25.000000000000000000000000000000,3),(8,1,3,'2024-11-01 04:00:00.000',25.000000000000000000000000000000,3),(9,1,2,'2024-11-01 00:30:00.000',20.000000000000000000000000000000,4),(10,1,2,'2024-11-01 01:00:00.000',18.000000000000000000000000000000,5),(11,1,6,'2024-11-01 15:20:00.000',15.000000000000000000000000000000,6),(12,1,6,'2024-11-01 19:00:00.000',15.000000000000000000000000000000,6),(13,1,6,'2024-11-01 21:40:00.000',15.000000000000000000000000000000,6),(14,1,6,'2024-11-01 00:20:00.000',15.000000000000000000000000000000,6),(15,1,6,'2024-11-01 03:00:00.000',15.000000000000000000000000000000,6),(16,1,7,'2024-11-01 16:00:00.000',15.000000000000000000000000000000,7),(17,1,7,'2024-11-01 18:55:00.000',15.000000000000000000000000000000,7),(18,1,7,'2024-11-01 21:50:00.000',15.000000000000000000000000000000,7),(19,1,7,'2024-11-01 00:45:00.000',15.000000000000000000000000000000,7),(20,1,7,'2024-11-01 04:00:00.000',15.000000000000000000000000000000,7),(21,1,11,'2024-11-01 15:00:00.000',15.000000000000000000000000000000,8),(22,1,11,'2024-11-01 17:30:00.000',15.000000000000000000000000000000,8),(23,1,11,'2024-11-01 20:00:00.000',15.000000000000000000000000000000,8),(24,1,11,'2024-11-01 02:00:00.000',15.000000000000000000000000000000,8),(25,1,11,'2024-11-01 04:30:00.000',15.000000000000000000000000000000,8),(26,1,10,'2024-11-01 14:55:00.000',15.000000000000000000000000000000,9),(27,1,10,'2024-11-01 16:45:00.000',15.000000000000000000000000000000,9),(28,1,10,'2024-11-01 19:30:00.000',15.000000000000000000000000000000,9),(29,1,10,'2024-11-01 23:55:00.000',15.000000000000000000000000000000,9),(30,1,10,'2024-11-01 02:30:00.000',15.000000000000000000000000000000,9),(31,1,13,'2024-11-01 16:00:00.000',15.000000000000000000000000000000,10),(32,1,13,'2024-11-01 20:00:00.000',15.000000000000000000000000000000,10),(33,1,13,'2024-11-01 23:30:00.000',15.000000000000000000000000000000,10),(34,1,13,'2024-11-01 01:45:00.000',15.000000000000000000000000000000,10),(35,1,8,'2024-11-01 15:30:00.000',15.000000000000000000000000000000,11),(36,1,8,'2024-11-01 18:00:00.000',15.000000000000000000000000000000,11),(37,1,8,'2024-11-01 21:00:00.000',15.000000000000000000000000000000,11),(38,1,8,'2024-11-01 00:15:00.000',15.000000000000000000000000000000,11),(39,1,8,'2024-11-01 02:30:00.000',15.000000000000000000000000000000,11),(40,1,9,'2024-11-01 15:45:00.000',15.000000000000000000000000000000,53),(41,1,9,'2024-11-01 18:55:00.000',15.000000000000000000000000000000,53),(42,1,9,'2024-11-01 21:00:00.000',15.000000000000000000000000000000,53),(43,1,9,'2024-11-01 00:00:00.000',15.000000000000000000000000000000,53),(44,1,12,'2024-11-01 16:30:00.000',15.000000000000000000000000000000,54),(45,1,12,'2024-11-01 18:30:00.000',15.000000000000000000000000000000,54),(46,1,12,'2024-11-01 22:00:00.000',15.000000000000000000000000000000,54),(47,1,12,'2024-11-01 01:15:00.000',15.000000000000000000000000000000,54),(48,1,5,'2024-11-01 17:00:00.000',15.000000000000000000000000000000,55),(49,1,5,'2024-11-01 20:00:00.000',15.000000000000000000000000000000,55),(50,1,5,'2024-11-01 00:00:00.000',15.000000000000000000000000000000,55),(51,1,2,'2024-11-01 21:30:00.000',20.000000000000000000000000000000,4),(52,1,2,'2024-11-01 17:30:00.000',20.000000000000000000000000000000,4),(53,1,2,'2024-01-01 22:00:00.000',18.000000000000000000000000000000,5),(54,1,2,'2024-11-01 19:00:00.000',18.000000000000000000000000000000,5);
/*!40000 ALTER TABLE `Showtime` ENABLE KEYS */;
UNLOCK TABLES;

--
-- Table structure for table `Theater`
--

DROP TABLE IF EXISTS `Theater`;
/*!40101 SET @saved_cs_client     = @@character_set_client */;
/*!50503 SET character_set_client = utf8mb4 */;
CREATE TABLE `Theater` (
  `id` int NOT NULL AUTO_INCREMENT,
  `name` varchar(191) COLLATE utf8mb4_unicode_ci NOT NULL,
  `address` varchar(191) COLLATE utf8mb4_unicode_ci NOT NULL,
  `city` varchar(191) COLLATE utf8mb4_unicode_ci NOT NULL,
  `state` varchar(191) COLLATE utf8mb4_unicode_ci NOT NULL,
  `zipCode` varchar(191) COLLATE utf8mb4_unicode_ci NOT NULL,
  `phoneNumber` varchar(191) COLLATE utf8mb4_unicode_ci NOT NULL,
  `openTime` varchar(191) COLLATE utf8mb4_unicode_ci NOT NULL,
  `closeTime` varchar(191) COLLATE utf8mb4_unicode_ci NOT NULL,
  `standard` tinyint(1) NOT NULL,
  `imax` tinyint(1) NOT NULL,
  `screenX` tinyint(1) NOT NULL,
  `dolby` tinyint(1) NOT NULL,
  PRIMARY KEY (`id`)
) ENGINE=InnoDB AUTO_INCREMENT=6 DEFAULT CHARSET=utf8mb4 COLLATE=utf8mb4_unicode_ci;
/*!40101 SET character_set_client = @saved_cs_client */;

--
-- Dumping data for table `Theater`
--

LOCK TABLES `Theater` WRITE;
/*!40000 ALTER TABLE `Theater` DISABLE KEYS */;
INSERT INTO `Theater` VALUES (1,'TheaterX Midtown','1385 Peachtree way','Atlanta','GA','30308','678-432-0011','10:00 AM','2:00 AM',1,1,1,1),(2,'TheaterX Buford','2001 Mall of Geoargia Hwy','Buford','GA','30519','678-543-9809','10:00 AM','2:00 AM',1,1,1,1),(3,'TheaterX Lincoln Square','1999 Broadway','New York','NY','10023','678-543-9809','6:00 AM','2:00 AM',1,1,1,1),(4,'TheaterX The Grove','503 The Grove Dr','Los Angeles','CA','90036','323-590-2105','10:00 AM','12:00 AM',1,1,1,0),(5,'TheaterX Tamiami','5982 Tamiami Ln','Miami','FL','33175','3786-167-9911','10:00 AM','12:00 AM',1,1,0,0);
/*!40000 ALTER TABLE `Theater` ENABLE KEYS */;
UNLOCK TABLES;

--
-- Table structure for table `Ticket`
--

DROP TABLE IF EXISTS `Ticket`;
/*!40101 SET @saved_cs_client     = @@character_set_client */;
/*!50503 SET character_set_client = utf8mb4 */;
CREATE TABLE `Ticket` (
  `id` int NOT NULL AUTO_INCREMENT,
  `showtimeId` int NOT NULL,
  `price` decimal(65,30) NOT NULL,
  PRIMARY KEY (`id`),
  KEY `Ticket_showtimeId_fkey` (`showtimeId`),
  CONSTRAINT `Ticket_showtimeId_fkey` FOREIGN KEY (`showtimeId`) REFERENCES `Showtime` (`id`) ON DELETE RESTRICT ON UPDATE CASCADE
) ENGINE=InnoDB DEFAULT CHARSET=utf8mb4 COLLATE=utf8mb4_unicode_ci;
/*!40101 SET character_set_client = @saved_cs_client */;

--
-- Dumping data for table `Ticket`
--

LOCK TABLES `Ticket` WRITE;
/*!40000 ALTER TABLE `Ticket` DISABLE KEYS */;
/*!40000 ALTER TABLE `Ticket` ENABLE KEYS */;
UNLOCK TABLES;
/*!40103 SET TIME_ZONE=@OLD_TIME_ZONE */;

/*!40101 SET SQL_MODE=@OLD_SQL_MODE */;
/*!40014 SET FOREIGN_KEY_CHECKS=@OLD_FOREIGN_KEY_CHECKS */;
/*!40014 SET UNIQUE_CHECKS=@OLD_UNIQUE_CHECKS */;
/*!40101 SET CHARACTER_SET_CLIENT=@OLD_CHARACTER_SET_CLIENT */;
/*!40101 SET CHARACTER_SET_RESULTS=@OLD_CHARACTER_SET_RESULTS */;
/*!40101 SET COLLATION_CONNECTION=@OLD_COLLATION_CONNECTION */;
/*!40111 SET SQL_NOTES=@OLD_SQL_NOTES */;

-- Dump completed on 2024-11-11 16:37:58
